segment,pitch,stretch
0.0,36.60514791,0.71192514
0.1,67.71028213,0.52787746
0.2,-14.627271,1.09974622
0.3,-96.69583428,1.70171287
0.4,6.99292361,0.41492285
0.5,98.33986356,0.32961241
0.6,-83.4018512,0.54015023
0.7,40.81394323,1.11593731
0.8,1.22546887,1.21943801
0.9,-0.4367378,0.4397667
1.0,11.82973509,0.30306907
1.1,1.50837578,0.95828899
1.14141667,22.61945616,0.74726021
