segment,pitch,stretch
0.0,-44.02512983,0.10131103
0.1,79.52844358,0.08673011
0.2,-30.76875615,1.23793804
0.3,62.04397715,0.97250203
0.4,-20.62747291,1.96102451
0.5,-72.06215839,1.89275958
0.6,41.90336004,1.02687128
0.7,-56.13737693,0.83313949
0.8,-35.59284276,0.98993041
0.9,-69.77348759,1.32841377
1.0,53.84749563,0.380118
1.1,-66.15472085,1.50340399
1.14141667,45.95016177,0.25097841
