segment,pitch,stretch
0.0,-24.8078558,0.61702354
0.1,-84.7413396,1.04353074
0.2,-54.57948598,0.65654414
0.3,-24.55513399,0.56139446
0.4,-45.63119702,1.49104282
0.5,65.30634786,1.66162479
0.6,-35.529757,0.86040524
0.7,-63.71516085,0.85625142
0.8,-48.48185805,1.85480785
0.9,67.64663354,1.13901036
1.0,-70.86473216,0.82407347
1.1,-25.16106758,0.60883166
1.14141667,11.27004952,0.41277653
