segment,pitch,stretch
0.0,12.36986901,1.14236572
0.1,48.82190283,0.38320847
0.2,-1.79727253,1.79497165
0.3,77.63750811,1.20829329
0.4,-60.00496185,1.87271721
0.5,-2.01076709,1.08235671
0.6,-28.75884422,1.19118186
0.7,22.62115314,1.38743172
0.8,-2.37165969,1.90987729
0.9,22.55401856,1.29939901
1.0,43.0566967,1.04952512
1.1,-33.43664636,1.67070777
1.14141667,52.86099482,0.91951803
