segment,pitch,stretch
0.0,-36.62351927,0.71535059
0.1,4.01465427,1.17148796
0.2,27.63080147,0.35560456
0.3,-92.04388741,0.7069056
0.4,-59.31042768,0.9774701
0.5,43.60815293,0.2035579
0.6,-63.68314416,0.16150137
0.7,-73.22650439,1.58821877
0.8,-84.37177593,0.45505702
0.9,-63.66539126,1.13448396
1.0,-82.4132666,0.20707812
1.1,92.98635378,1.81964904
1.14141667,19.17845997,1.19989054
