segment,pitch,stretch
0.0,-52.73012387,0.24402757
0.1,-28.5729864,1.29210695
0.2,-47.07796397,0.06046572
0.3,17.74684299,1.10042584
0.4,37.34640295,1.69104448
0.5,-42.43796403,0.59648632
0.6,-61.80417458,0.39705946
0.7,-21.46496731,0.26343711
0.8,95.609946,0.85042411
0.9,16.31222417,1.08752782
1.0,-16.20883131,1.29538933
1.1,-36.82799384,0.90220762
1.14141667,63.4089875,1.14604251
