segment,pitch,stretch
0.0,29.19044659,0.82932946
0.1,94.52247297,1.66313151
0.2,-72.96770024,0.36554626
0.3,70.71289407,1.74989063
0.4,45.03413415,0.9882108
0.5,87.71902001,1.47173682
0.6,34.52398269,1.37692786
0.7,-6.6862016,1.12519684
0.8,-55.71883693,1.21800838
0.9,64.69961034,1.48170462
1.0,-24.41156684,0.01863253
1.1,-94.31655203,0.07239007
1.14141667,38.28357573,0.12022727
