segment,pitch,stretch
0.0,-47.25134073,0.04335797
0.1,-82.39617775,1.67103064
0.2,-49.77107224,0.81708714
0.3,-65.18926328,1.28520765
0.4,-21.76681249,1.7369454
0.5,25.27312638,1.03142804
0.6,55.78406259,0.74912627
0.7,-27.8783869,1.88947917
0.8,-52.69419859,0.39822081
0.9,99.44571929,0.52497493
1.0,87.33615919,1.60117884
1.1,46.22614126,1.53649436
1.14141667,-71.95970705,0.49650592
