segment,pitch,stretch
0.0,33.09242733,0.20768895
0.1,35.00965651,1.10634372
0.2,-84.27771788,1.24458485
0.3,-43.99991395,0.46794756
0.4,85.17461764,1.27301034
0.5,34.90610351,1.24864597
0.6,44.52556005,1.11074861
0.7,-39.35993347,0.2163569
0.8,-59.26827617,1.15029488
0.9,-0.13276326,1.41986014
1.0,-52.7984183,1.68989998
1.1,-26.03331608,0.52518862
1.14141667,-25.25531547,0.94660827
