segment,pitch,stretch
0.0,-22.87702245,0.65309266
0.1,25.58321535,1.04568697
0.2,70.04495031,1.71369829
0.3,20.19201819,1.23026691
0.4,-45.12603624,0.56779808
0.5,-29.85961331,1.23876582
0.6,-58.72052907,1.94602329
0.7,85.0092298,1.94372655
0.8,-1.09258045,0.0560987
0.9,12.39348581,1.80482043
1.0,70.37713288,0.77176162
1.1,-46.49648461,1.59463619
1.14141667,-33.49578267,1.37881471
