segment,pitch,stretch
0.0,-14.33769798,1.3925954
0.1,72.92809619,0.36697913
0.2,-6.62581365,1.30460769
0.3,79.64382411,1.26017801
0.4,-38.29472577,0.62557754
0.5,27.31257491,1.14924897
0.6,-99.613809,1.43572878
0.7,-28.5371841,1.9878771
0.8,-77.67063133,1.32028777
0.9,31.82360474,0.83456614
1.0,39.51242376,0.85554915
1.1,-22.15845395,1.15382256
1.14141667,-13.60090041,1.46746731
