segment,pitch,stretch
0.0,76.60838861,1.25391535
0.1,-41.71607783,0.49990107
0.2,3.78955534,1.78461269
0.3,84.8602831,1.65174889
0.4,16.24540696,0.71422903
0.5,68.23827876,0.8676404
0.6,-39.71005998,0.5442146
0.7,-63.62075652,1.40281909
0.8,-57.73110382,0.85462819
0.9,-99.10016615,0.70808592
1.0,-27.53166894,1.31831149
1.1,-48.35308155,0.34930191
1.14141667,-12.55349758,0.2030207
