segment,pitch,stretch
0.0,-33.06985715,0.6620336
0.1,13.32039916,0.17288906
0.2,-35.94768751,0.95336402
0.3,-81.35154794,0.61323124
0.4,-26.61254554,1.26500906
0.5,-70.60443518,0.87969802
0.6,66.70275378,1.46043964
0.7,85.84881293,1.30832464
0.8,1.30883473,1.14771565
0.9,93.34161436,1.19803017
1.0,-35.43272835,1.27700442
1.1,34.59442217,1.64776975
1.14141667,-52.05568486,1.36305655
