segment,pitch,stretch
0.0,-35.09107546,1.64361874
0.1,-5.47329432,1.29823223
0.2,3.98573797,0.36696172
0.3,-47.62284681,1.16226127
0.4,82.14364966,0.10053768
0.5,-32.65904716,0.87309344
0.6,-22.23511926,0.71903263
0.7,-23.16234577,1.41784103
0.8,-96.52187538,0.12726315
0.9,64.66721217,1.64513167
1.0,-55.15761345,1.50029657
1.1,-25.58064499,0.27707799
1.14141667,0.78156721,0.38617878
