segment,pitch,stretch
0.0,12.34576995,0.50310042
0.1,25.47601384,0.25268449
0.2,-67.0906301,0.7627603
0.3,-13.09856908,1.52142005
0.4,68.1575105,1.92904385
0.5,-2.34833931,0.33812634
0.6,-56.25265887,1.12365674
0.7,99.24314725,0.56685205
0.8,97.55208396,1.813104
0.9,-44.49919777,1.56800569
1.0,-9.98862023,0.34584513
1.1,12.33371854,0.48440501
1.14141667,0.5455691,1.72005323
