segment,pitch,stretch
0.0,48.95738848,0.23520596
0.1,-86.21350197,1.35835183
0.2,-66.15605828,1.80441503
0.3,36.09764322,1.20547982
0.4,84.94348039,1.45019214
0.5,45.37934285,1.82448315
0.6,-37.42419694,0.98390392
0.7,9.9462813,1.44557172
0.8,-34.76810552,1.21843616
0.9,-2.69499058,0.65132093
1.0,-37.67578174,0.48352105
1.1,10.67241344,1.27397433
1.14141667,78.13998046,0.78593457
