segment,pitch,stretch
0.0,51.12204974,1.11836261
0.1,69.11763205,1.63755327
0.2,-22.4683762,1.2576873
0.3,63.09030841,0.1375584
0.4,-30.45237328,0.47559054
0.5,-17.83971395,0.61695793
0.6,68.11299439,0.97640565
0.7,1.59231253,0.92305677
0.8,-13.09725485,1.6424137
0.9,78.70207297,0.49270595
1.0,17.85202969,1.57010511
1.1,-86.86055992,1.08101666
1.14141667,64.43187647,0.10478366
