segment,pitch,stretch
0.0,34.6621091,1.45663482
0.1,-53.39181475,0.54858462
0.2,38.65137653,0.77512748
0.3,-5.64857337,0.90306389
0.4,5.32229156,0.08877691
0.5,-93.06741103,1.40271651
0.6,39.95935059,0.88374871
0.7,-37.33008752,0.79171605
0.8,-7.80767782,0.91621494
0.9,-15.11794558,0.25418764
1.0,-80.90661013,0.01558732
1.1,-34.66147377,0.82338679
1.14141667,1.95643496,1.44444872
