segment,pitch,stretch
0.0,17.30709494,0.40724151
0.1,-63.94658261,1.34555896
0.2,67.53719725,1.64185408
0.3,63.15001228,1.66374523
0.4,-14.43015731,0.37650843
0.5,44.13924234,0.14892944
0.6,-87.5939518,1.49586542
0.7,-21.88923859,1.13659751
0.8,-75.22079211,1.64492365
0.9,-44.33295618,1.22066873
1.0,-82.62011516,1.13133422
1.1,-28.3543826,0.5437483
1.14141667,39.13782865,1.32903079
