segment,pitch,stretch
0.0,-32.72393911,1.22977984
0.1,80.82307242,1.23405783
0.2,57.31331333,0.86608886
0.3,48.72087878,0.52599403
0.4,67.57779619,1.47744611
0.5,-63.19645997,1.32987449
0.6,1.81636455,0.58593864
0.7,-75.79477779,0.98960333
0.8,29.75420726,0.53553397
0.9,22.42069032,0.8020386
1.0,18.39827523,1.39729728
1.1,83.2380207,0.57653841
1.14141667,50.25973786,1.79465784
