segment,pitch,stretch
0.0,11.33876858,1.57793391
0.1,60.4886843,0.5338128
0.2,62.61816742,0.71153002
0.3,-58.2929198,0.52960248
0.4,-87.34277879,1.00617454
0.5,-26.6303728,0.81851938
0.6,91.01553739,0.92366448
0.7,16.48997416,0.72259943
0.8,-33.13671934,0.36894476
0.9,39.47811592,0.86774156
1.0,-82.2057662,1.1038755
1.1,-87.16985017,1.20164054
1.14141667,-97.56990307,1.5425577
