segment,pitch,stretch
0.0,26.69857266,1.12236926
0.1,9.94418011,0.76599693
0.2,44.98404386,0.3009369
0.3,-98.12644395,1.55949083
0.4,37.12087269,0.53284928
0.5,-81.40581923,1.95951797
0.6,64.6052522,0.96662214
0.7,94.38923904,0.81174476
0.8,56.19817136,0.68386577
0.9,7.16328663,1.42510328
1.0,27.44347809,1.00433894
1.1,-88.88086105,0.8579456
1.14141667,-79.20081415,0.03750384
