segment,pitch,stretch
0.0,-1.50377204,0.3104196
0.1,7.47875837,0.09567804
0.2,-50.14128102,0.85087588
0.3,-88.39961719,1.45265647
0.4,-49.33965182,1.34800208
0.5,-68.54669644,1.04395523
0.6,-12.90156587,1.29844977
0.7,70.78738425,0.13763237
0.8,-85.06905441,1.23467997
0.9,-13.50869681,0.09749829
1.0,34.30290891,0.14969302
1.1,-41.23505264,0.43290894
1.14141667,12.46163778,0.76657439
