segment,pitch,stretch
0.0,58.9438896,0.38793188
0.1,-82.10689421,0.28783793
0.2,96.71378802,1.35640955
0.3,-0.59745405,0.85134748
0.4,26.62458477,1.48970053
0.5,22.80935919,0.80017653
0.6,-61.46326855,1.01902485
0.7,60.40414786,0.96372057
0.8,-51.0660693,1.0184721
0.9,-81.95542497,0.47429173
1.0,27.64908366,0.62963116
1.1,-39.0584929,1.38887356
1.14141667,-9.05052643,0.46386172
