segment,pitch,stretch
0.0,28.79040646,1.71683998
0.1,1.43639251,1.51392947
0.2,8.93741283,1.95012388
0.3,-45.23678971,1.24720578
0.4,-36.64568284,0.6748638
0.5,95.08006425,0.64178438
0.6,-25.15383894,1.78067585
0.7,20.22064469,0.73379373
0.8,4.43008543,0.8008251
0.9,31.96842926,1.62083082
1.0,59.17290693,0.40737704
1.1,3.48956858,0.59465297
1.14141667,-39.55658578,0.57584179
