segment,pitch,stretch
0.0,5.8966443,0.94077473
0.1,-15.54380544,1.2475432
0.2,58.15561903,0.38395722
0.3,-16.52706825,0.67240196
0.4,2.31267316,1.16524636
0.5,-11.97797107,0.88127423
0.6,1.32687996,0.97845097
0.7,-19.4298846,0.42689353
0.8,-79.35094672,1.99355282
0.9,18.14155436,1.23446663
1.0,28.79693358,1.12515652
1.1,84.00888802,0.49124917
1.14141667,-69.56382184,1.22864195
