segment,pitch,stretch
0.0,-15.85396014,0.42164348
0.1,23.57988749,0.56417691
0.2,90.5407412,1.21613489
0.3,54.36086044,1.77542269
0.4,-76.80072536,1.88282697
0.5,4.74522472,1.35259083
0.6,61.23738329,1.70484982
0.7,13.41741959,0.27300571
0.8,-83.99617766,0.56573118
0.9,47.05289938,1.23296436
1.0,63.84619237,0.73939236
1.1,70.82125043,0.292558
1.14141667,42.43080479,1.64361302
