segment,pitch,stretch
0.0,-21.37770157,0.66802696
0.1,50.31331321,1.55362381
0.2,-49.4496378,1.48463552
0.3,-38.33697717,1.06515095
0.4,12.97977008,1.1493655
0.5,66.07418181,1.63722162
0.6,59.04442669,1.06112756
0.7,52.62775671,0.93406202
0.8,-82.81575473,1.77561251
0.9,45.17803837,1.09803638
1.0,40.13411686,0.34970279
1.1,8.5356203,1.76771606
1.14141667,19.72779224,0.04025576
