segment,pitch,stretch
0.0,3.08109357,0.79505741
0.1,-21.54269935,1.39851671
0.2,58.40468752,1.92719931
0.3,-44.80508381,0.09306407
0.4,15.37543313,0.59942855
0.5,-32.72970915,1.93601007
0.6,17.52827206,0.67895574
0.7,-36.57417586,1.40501236
0.8,-67.33478788,1.20657959
0.9,-33.90304802,0.3359078
1.0,66.89588482,1.46542978
1.1,72.72777812,0.72819859
1.14141667,23.33179158,0.55736633
