segment,pitch,stretch
0.0,-8.12729319,1.33981221
0.1,4.45938553,0.58230507
0.2,28.58144877,0.45774736
0.3,-11.92795435,0.82403207
0.4,43.56251257,1.03540986
0.5,22.26926875,1.51862285
0.6,-14.80375006,1.30207552
0.7,-6.02231593,0.76961448
0.8,27.11076244,1.12344021
0.9,1.30682946,0.05989398
1.0,-93.52950678,0.28850959
1.1,-66.90804862,0.1338746
1.14141667,-0.63154276,1.0832794
