segment,pitch,stretch
0.0,-33.41252793,1.22101876
0.1,16.24382037,1.6651648
0.2,-25.9418489,1.05138066
0.3,48.33013204,0.61800307
0.4,45.88405821,0.02764776
0.5,-88.47894619,1.98662617
0.6,-34.41723162,1.86386493
0.7,-9.82400388,1.19111382
0.8,-22.53248636,1.44448985
0.9,-27.56128675,1.18212322
1.0,-40.76907833,1.40875064
1.1,52.35342205,1.46658809
1.14141667,48.19576807,1.34688982
