segment,pitch,stretch
0.0,9.88299124,0.94132961
0.1,11.31167403,0.3816273
0.2,71.91957857,0.49800948
0.3,29.87771665,1.49055088
0.4,-46.3011749,1.63260352
0.5,31.73977506,1.73894077
0.6,-72.53853139,0.39985645
0.7,-64.93873502,1.12711504
0.8,-11.31169778,1.3594639
0.9,23.97403991,0.98818621
1.0,94.08065605,0.17874945
1.1,-84.50574819,1.47299541
1.14141667,-20.53000917,1.26656542
