segment,pitch,stretch
0.0,-49.55382507,1.59273092
0.1,3.45056557,0.34265347
0.2,60.85553291,1.89522696
0.3,27.01273716,1.37531992
0.4,69.39855055,0.92990778
0.5,-57.48674894,0.17949399
0.6,9.44204119,1.02012289
0.7,8.79064651,0.69455485
0.8,-59.90874368,0.57470009
0.9,-59.0130881,0.48670798
1.0,53.21957995,1.28651513
1.1,-40.30790368,1.81922057
1.14141667,27.6270525,0.80818814
