segment,pitch,stretch
0.0,1.3379516,1.36958818
0.1,-77.14988891,0.72000045
0.2,78.55525238,0.35438615
0.3,48.96351303,1.87808106
0.4,-79.69152109,0.09661352
0.5,-84.80889232,0.77016697
0.6,51.82772479,1.09697533
0.7,44.24285845,1.53057635
0.8,-23.46330426,0.58688687
0.9,71.97448193,1.83686528
1.0,66.15659707,1.24721253
1.1,-96.85014514,1.51912792
1.14141667,30.23995933,1.23413117
