segment,pitch,stretch
0.0,-28.77808047,1.01992476
0.1,-10.00785401,1.96245929
0.2,-89.03138292,0.33088171
0.3,60.87015299,0.60882255
0.4,40.7967025,1.16935641
0.5,-0.6664258,0.04848989
0.6,-1.44221122,0.73316645
0.7,93.39416978,0.70146258
0.8,13.0860733,0.98613716
0.9,55.81352435,1.26993889
1.0,-11.44850175,0.28761661
1.1,-55.53563546,0.74142596
1.14141667,28.68629966,1.34329465
