segment,pitch,stretch
0.0,-79.72583695,1.62139429
0.1,-68.16335949,1.4901457
0.2,12.7031491,1.78274672
0.3,-73.51726197,0.35151464
0.4,14.53718817,0.87795234
0.5,-35.7865464,1.14461815
0.6,-20.4344568,1.91768043
0.7,-99.35771384,0.9470318
0.8,86.91939497,1.04643305
0.9,-25.24426974,1.3223723
1.0,-60.56392666,0.5907476
1.1,64.39502353,0.28658765
1.14141667,77.69133565,0.25263984
