segment,pitch,stretch
0.0,-73.97774923,1.19939349
0.1,-36.06885346,0.62157126
0.2,-90.19934184,0.91970763
0.3,0.39936716,1.47370084
0.4,96.52672865,1.0541108
0.5,63.74011165,0.90431886
0.6,31.44503744,1.27813504
0.7,14.04693027,1.74599993
0.8,-77.85077502,1.73098361
0.9,68.67883666,1.17206891
1.0,74.94832397,1.57344571
1.1,69.92169069,0.28570847
1.14141667,18.14392296,1.15456632
