segment,pitch,stretch
0.0,66.45714599,1.99246972
0.1,-43.91073727,1.14692892
0.2,38.18454175,0.69182846
0.3,12.76341897,0.36850309
0.4,-28.97123442,0.8209905
0.5,-77.22066985,1.22421195
0.6,15.72584642,0.90867746
0.7,-81.27571941,1.53760429
0.8,31.32588377,1.94244475
0.9,5.46961873,0.96701139
1.0,4.85385368,1.58743517
1.1,35.12567761,1.46146622
1.14141667,-3.62363786,1.20579233
