segment,pitch,stretch
0.0,-95.66069785,1.85127754
0.1,-6.05322415,1.47951206
0.2,-14.42781433,1.70422178
0.3,32.58463251,1.42320081
0.4,-88.6066963,1.1647441
0.5,-30.98319164,1.7308951
0.6,76.39467543,0.03424579
0.7,-64.68968395,0.15973474
0.8,-71.89558722,1.61824192
0.9,67.69667977,0.80414017
1.0,18.20955726,1.37598527
1.1,-31.46092163,0.55072858
1.14141667,29.12914815,1.89981007
