segment,pitch,stretch
0.0,37.43834517,0.27361377
0.1,19.08585466,0.02727983
0.2,-55.02113763,1.5368766
0.3,71.54314084,1.18403029
0.4,-65.77911802,1.92242857
0.5,-62.43541847,0.23418977
0.6,-37.71836926,1.08287507
0.7,-81.46973141,0.66039597
0.8,-48.66688444,1.24560316
0.9,-62.28645138,0.7202251
1.0,-86.39361494,1.31835943
1.1,-0.89019508,1.07015468
1.14141667,-28.85036812,1.11609761
