segment,pitch,stretch
0.0,-70.28328368,1.42617491
0.1,50.73292751,1.31979309
0.2,-16.31236971,0.76251105
0.3,-98.76766394,1.13142855
0.4,-93.70290529,0.93708244
0.5,16.78078951,0.78930631
0.6,52.75208615,1.96633931
0.7,70.61937301,0.79237353
0.8,11.43760761,1.3224414
0.9,81.46267865,1.11476735
1.0,50.14519789,0.76573152
1.1,25.14822077,0.21170061
1.14141667,-49.70858316,0.42730216
