segment,pitch,stretch
0.0,-97.16873195,0.98178979
0.1,51.89924126,1.09786537
0.2,-13.36075931,1.01682656
0.3,-38.85603948,1.52660631
0.4,-40.59046822,0.62274477
0.5,-43.54206196,1.50152999
0.6,-12.24032947,1.34805794
0.7,-86.35714583,1.09441923
0.8,26.68437741,1.68909448
0.9,-27.65851862,1.3659413
1.0,90.01542751,0.51492756
1.1,32.43099277,0.99141216
1.14141667,-88.24313691,0.67168829
