segment,pitch,stretch
0.0,-25.91102363,1.80936278
0.1,-98.40103544,0.189785
0.2,-27.15280701,0.92419409
0.3,-22.44143901,1.89569959
0.4,-35.46456579,1.98157399
0.5,4.61704007,0.94447039
0.6,-0.66829234,1.15374369
0.7,-40.91244747,1.96635158
0.8,-7.0277311,0.84047268
0.9,-54.36774404,0.10425056
1.0,-70.25957044,0.65084977
1.1,-51.97264261,0.80794246
1.14141667,-21.44395954,0.58048173
