segment,pitch,stretch
0.0,-53.16296067,1.12002918
0.1,59.94788803,1.08131943
0.2,35.87727167,0.76631976
0.3,-20.5364381,1.69776784
0.4,34.04594206,0.74557561
0.5,-79.51255741,1.35674371
0.6,22.56358256,1.43825325
0.7,-37.88762672,1.0289102
0.8,-41.8377988,1.05848076
0.9,-60.56478502,0.41244704
1.0,-85.9910607,0.82703914
1.1,-8.25451984,1.84061657
1.14141667,-19.34673642,0.86940642
