segment,pitch,stretch
0.0,-97.18949374,1.62055142
0.1,-61.44808102,0.77873913
0.2,61.9994188,1.7419515
0.3,84.22947867,1.18335518
0.4,71.42718941,0.26789649
0.5,24.61980692,1.09790132
0.6,67.61429309,0.65540703
0.7,2.89011689,0.23417739
0.8,-17.87721334,1.34217218
0.9,68.87537651,0.58504263
1.0,26.6727595,0.89860731
1.1,7.78053478,1.05692274
1.14141667,95.77522744,0.59957378
