segment,pitch,stretch
0.0,11.47422231,0.82823049
0.1,46.2400026,0.71952712
0.2,-24.32057019,0.05991654
0.3,-87.2030855,0.82758531
0.4,5.78611761,0.66822368
0.5,71.23724358,1.72255849
0.6,-12.04646094,0.89622967
0.7,65.65969456,1.36132994
0.8,-71.55601308,0.74243617
0.9,-30.47071095,1.96359611
1.0,81.31836813,1.07942153
1.1,59.00321501,0.72058173
1.14141667,-11.27294507,1.33962568
