segment,pitch,stretch
0.0,-33.44516667,1.55856446
0.1,-18.2362548,1.2097728
0.2,70.60331137,0.78889557
0.3,15.02229491,0.44641372
0.4,13.99889807,0.084883
0.5,8.49741074,0.91437331
0.6,-62.69867685,0.35744041
0.7,-88.15009816,1.68547632
0.8,-56.36247825,0.07992016
0.9,-57.25753142,0.30520065
1.0,79.34275566,1.86650183
1.1,-83.70982002,1.79164729
1.14141667,63.35287438,0.80936933
