segment,pitch,stretch
0.0,-97.50154986,1.39662883
0.1,-96.75823036,0.95608776
0.2,-47.50259118,1.52513334
0.3,-0.40626285,1.08680296
0.4,-80.16470195,0.33609261
0.5,-95.76954551,0.74984016
0.6,71.28277546,0.21907723
0.7,17.11664647,0.46362163
0.8,-50.68078516,1.89095405
0.9,84.91146996,0.52755349
1.0,-28.74408439,1.92916741
1.1,-16.57627289,0.73615902
1.14141667,15.97601044,0.40543275
