segment,pitch,stretch
0.0,24.91246091,0.55628619
0.1,67.7832239,0.6662612
0.2,45.53981298,1.36903667
0.3,-34.40875305,0.2836932
0.4,15.18631391,1.18401113
0.5,-31.03447886,0.95699151
0.6,-58.473992,1.42939471
0.7,5.63880144,0.68329905
0.8,-88.66742404,1.80121068
0.9,-39.07529751,1.9139007
1.0,-4.11446779,0.02395004
1.1,-59.02603501,0.8859273
1.14141667,11.416303,1.12262587
