segment,pitch,stretch
0.0,-37.43352781,0.98661175
0.1,15.82558876,1.72794901
0.2,11.44233804,1.10536982
0.3,86.94047545,1.85590912
0.4,37.92501629,1.60290293
0.5,-35.56187113,0.81732851
0.6,59.84524001,1.28262622
0.7,24.35368068,1.01556076
0.8,67.82444353,0.86505333
0.9,-52.71000344,1.28433396
1.0,-54.70339119,0.40007403
1.1,-41.48635512,0.04539202
1.14141667,11.82766033,0.17405222
