segment,pitch,stretch
0.0,-40.89918264,0.22647067
0.1,-99.52464367,0.83190688
0.2,-21.65080484,1.47884544
0.3,61.04267157,0.7217285
0.4,-86.7981673,1.67647658
0.5,-52.98495971,1.95635738
0.6,-62.5926211,1.04454085
0.7,93.58331773,1.38664818
0.8,-85.69814582,1.57780238
0.9,79.03573852,1.00453441
1.0,-77.37187744,1.82221754
1.1,78.34862084,0.38536838
1.14141667,-65.43844249,0.09429914
