segment,pitch,stretch
0.0,69.16257792,1.68675304
0.1,-51.38062927,1.08911703
0.2,89.14833349,1.44064207
0.3,-14.54901169,0.3009214
0.4,38.01197931,0.73043906
0.5,-14.93034813,1.66681062
0.6,90.76309798,1.44884618
0.7,-8.33687091,1.50262678
0.8,-84.37336708,1.54254131
0.9,-1.88818414,1.64727508
1.0,-36.10672087,0.99451462
1.1,9.11572808,0.34998624
1.14141667,-90.04046752,0.12693226
