segment,pitch,stretch
0.0,-51.06988227,1.35657216
0.1,85.49879696,1.49253391
0.2,63.15700412,1.82410023
0.3,-36.64736247,0.95543685
0.4,75.15639634,1.06162419
0.5,-9.43778213,1.1121259
0.6,22.73785565,1.53646916
0.7,38.92400765,1.27623094
0.8,-17.14219802,0.95680642
0.9,61.69992383,0.19635283
1.0,-24.75082228,1.5746935
1.1,5.64044157,0.60238521
1.14141667,-85.77081832,0.8477855
