segment,pitch,stretch
0.0,36.14181442,1.11091934
0.1,65.65436486,1.69229508
0.2,86.67843471,0.1388144
0.3,-8.86145981,0.57833764
0.4,-12.30117524,0.31165038
0.5,98.78001308,0.94348681
0.6,12.52874714,0.6726085
0.7,99.60164516,1.03806417
0.8,39.46126753,1.20959204
0.9,32.3918664,0.23020996
1.0,83.79615474,1.16092257
1.1,92.88365026,1.06314815
1.14141667,-11.43148999,1.36781362
