segment,pitch,stretch
0.0,-95.95313982,0.44165639
0.1,91.63677354,1.91213413
0.2,-91.79980108,1.20479938
0.3,95.40210499,1.03854449
0.4,68.17989767,0.34466606
0.5,91.86803384,1.08947615
0.6,20.20115402,0.89950013
0.7,-36.24540979,1.58660506
0.8,20.77489363,1.10035668
0.9,-36.30620857,1.78772501
1.0,-52.43059698,0.45092467
1.1,-66.44451369,1.08205846
1.14141667,-36.9073082,1.12829283
