segment,pitch,stretch
0.0,-54.18087261,1.1359435
0.1,16.52339616,0.63765305
0.2,-81.79229621,1.13865233
0.3,-16.22352484,0.41075248
0.4,58.55115093,1.28098279
0.5,66.43980446,1.3514993
0.6,70.08690973,1.92825974
0.7,0.21359559,1.1981292
0.8,-1.74176691,0.77184811
0.9,-18.30540854,1.15917036
1.0,-46.68759163,0.4764557
1.1,-9.78920497,0.00915949
1.14141667,74.28807409,1.50578286
