segment,pitch,stretch
0.0,44.41222777,1.49707404
0.1,-5.72417289,1.95741859
0.2,-50.12336381,1.67134855
0.3,-86.64702952,0.50001938
0.4,-71.87994128,1.37442335
0.5,-47.62604805,0.72746804
0.6,27.11483791,1.16871151
0.7,81.27657929,1.06523219
0.8,49.14197676,0.22917267
0.9,53.94501159,0.33463732
1.0,54.22386435,0.22360953
1.1,45.20696114,1.43123439
1.14141667,90.88004675,0.8845218
