segment,pitch,stretch
0.0,-15.28338531,1.64226686
0.1,78.02953545,0.3938212
0.2,56.06185369,0.23843056
0.3,-88.22904754,0.60135969
0.4,64.61339654,1.21076955
0.5,-30.71044568,1.07436413
0.6,14.1855631,1.61739365
0.7,78.82962117,1.68323929
0.8,32.43672353,1.54652057
0.9,94.02234406,0.7059435
1.0,-42.45395563,0.83665441
1.1,-83.33513244,1.30268562
1.14141667,95.31234504,1.46841429
