segment,pitch,stretch
0.0,26.36257075,0.46363332
0.1,14.94364535,1.03691061
0.2,-55.06667651,1.41963097
0.3,9.22256956,1.61805148
0.4,5.26534665,1.72014778
0.5,-77.31029628,1.90147838
0.6,18.7127075,0.04284443
0.7,48.0646471,1.2283672
0.8,14.57442759,1.41746685
0.9,7.89361979,0.09918081
1.0,-7.03618507,1.02614047
1.1,-82.88207817,1.00877048
1.14141667,7.58831171,0.67836911
