segment,pitch,stretch
0.0,43.83069693,0.62773071
0.1,36.08660709,0.62752315
0.2,11.73402285,1.77607494
0.3,33.21335204,1.70743846
0.4,56.21537951,0.69772842
0.5,-43.21710819,0.63224459
0.6,-64.50615435,0.85055084
0.7,-47.03593913,1.67085547
0.8,16.98112056,1.98331283
0.9,73.16282743,0.58892035
1.0,75.97554589,0.92518369
1.1,13.7501935,1.3425114
1.14141667,-63.52567951,0.57230124
