segment,pitch,stretch
0.0,3.16503594,0.09451126
0.1,26.80395692,1.74509222
0.2,16.79385543,0.77620576
0.3,-35.60483384,1.61358005
0.4,18.52937613,1.57470559
0.5,37.26610196,0.6926668
0.6,-80.36118355,0.58242689
0.7,-87.10510064,1.20976991
0.8,35.50538366,1.8175096
0.9,-72.56191372,0.5430267
1.0,-8.47223635,0.77082682
1.1,71.58119759,1.76255625
1.14141667,10.49120463,1.95278824
