segment,pitch,stretch
0.0,-4.48551791,1.91514039
0.1,-89.39520369,1.98977227
0.2,-62.25671273,0.11754105
0.3,7.71889733,0.48283113
0.4,-11.13544352,1.69468672
0.5,8.86500482,1.03348797
0.6,40.83334399,1.01666511
0.7,98.23692367,1.4427273
0.8,31.56709052,0.64151379
0.9,-42.21440335,1.53600092
1.0,53.89223247,1.41516669
1.1,-14.26740384,0.42854653
1.14141667,8.8582073,1.07609304
