segment,pitch,stretch
0.0,-73.98132077,1.64837678
0.1,-83.83733432,1.32001696
0.2,-83.30675493,0.03425321
0.3,-49.21206924,0.20047346
0.4,-37.38094521,0.89388677
0.5,-61.96244664,0.07979432
0.6,40.57719873,0.5706929
0.7,45.24625978,1.02426669
0.8,29.16975885,0.29678573
0.9,53.55403055,1.45432924
1.0,28.77440397,1.18477249
1.1,66.56850724,1.17453204
1.14141667,38.69421955,1.53712703
