segment,pitch,stretch
0.0,-59.83898707,1.4884204
0.1,2.81569072,0.86195341
0.2,-53.15669969,0.92234706
0.3,53.66756274,0.8159244
0.4,-9.57716581,1.39024481
0.5,33.17943133,0.86390772
0.6,24.57927277,1.52193383
0.7,16.44625536,0.8147185
0.8,23.39904081,0.44423885
0.9,-30.48387662,1.11070816
1.0,-1.42450385,0.62020849
1.1,-54.8338484,1.49306166
1.14141667,12.56476458,0.57204239
