segment,pitch,stretch
0.0,62.00098508,0.76154926
0.1,64.32744033,1.20185242
0.2,-54.37577641,1.95720044
0.3,-4.40439874,1.48485325
0.4,-63.36130859,1.86143026
0.5,-83.01560708,1.52575008
0.6,3.70716052,1.01449791
0.7,-92.71623011,1.80670881
0.8,-66.2831982,1.96281524
0.9,-46.57158465,0.80461736
1.0,81.9816805,0.69906943
1.1,60.10673015,1.32075302
1.14141667,-14.08604097,1.68149559
