segment,pitch,stretch
0.0,40.65514302,0.44229483
0.1,35.33846619,0.89539219
0.2,14.42518211,1.45315262
0.3,-4.63950573,1.70162713
0.4,9.05959314,1.23185792
0.5,95.05175104,0.62230675
0.6,62.11081424,1.49488141
0.7,97.66609538,1.00027742
0.8,-21.8766448,1.123671
0.9,-33.94139848,0.08422109
1.0,73.91649709,0.53190932
1.1,-97.42202088,0.78864338
1.14141667,35.80766788,0.98569661
