segment,pitch,stretch
0.0,-31.33353593,0.89232459
0.1,-49.49917903,0.0337069
0.2,-71.21753347,1.85491701
0.3,93.90241079,1.04793629
0.4,-15.9291914,0.66120859
0.5,-17.91277509,1.31546264
0.6,-92.82206414,0.75122354
0.7,9.95802513,0.85681732
0.8,2.63305448,1.03382488
0.9,-21.84239236,0.59134372
1.0,8.18231827,1.03865283
1.1,-31.98207743,0.08528466
1.14141667,-51.9330912,1.61155129
