segment,pitch,stretch
0.0,-4.83126405,0.34625523
0.1,-93.27719348,1.84955679
0.2,6.86097489,1.652821
0.3,-20.15926332,0.99362385
0.4,33.74441491,1.06732755
0.5,22.90616984,1.07307504
0.6,-16.31202743,1.93615989
0.7,85.71450865,1.40760145
0.8,-47.16815434,1.81782779
0.9,-3.29174574,0.44143398
1.0,-12.85211307,1.64365759
1.1,-36.64290563,0.38497075
1.14141667,43.40200967,0.9148272
