segment,pitch,stretch
0.0,57.52390769,1.49078278
0.1,28.89954393,1.56353839
0.2,-56.16359269,1.22071433
0.3,99.33257974,1.39398369
0.4,7.55778037,1.76945469
0.5,53.15282026,0.1319849
0.6,-76.68073566,1.12557272
0.7,-18.7129586,0.43863447
0.8,72.85645273,0.54827929
0.9,-89.56078896,0.55787863
1.0,-98.66124278,1.55112453
1.1,30.91972551,0.43338009
1.14141667,73.76139469,1.35718155
