segment,pitch,stretch
0.0,8.39332358,0.2673607
0.1,80.61990911,0.02283728
0.2,48.28656508,0.41985512
0.3,15.74168285,0.75217509
0.4,27.97157711,0.80736638
0.5,-41.85579768,1.11613612
0.6,-26.49030235,1.72554015
0.7,-37.35033456,1.05250691
0.8,-62.87739189,1.13782655
0.9,-75.88832024,0.74529135
1.0,-30.16406284,1.00224145
1.1,-77.81460251,1.25785084
1.14141667,-26.11803054,1.77489324
