segment,pitch,stretch
0.0,-11.16661577,0.65771984
0.1,-63.32601646,0.88831955
0.2,-32.53059456,0.8843772
0.3,-52.20675806,0.02960591
0.4,-66.33310923,1.66772944
0.5,-11.93583298,1.21370716
0.6,8.35170148,0.12234339
0.7,-80.25571443,0.38004193
0.8,9.9071823,0.81102025
0.9,-18.08315237,0.58400235
1.0,92.52665176,1.23804543
1.1,29.94547057,0.6267428
1.14141667,-46.49352569,0.68249515
