segment,pitch,stretch
0.0,65.38135872,1.51489365
0.1,87.66268427,1.36114109
0.2,48.01938001,1.27392763
0.3,95.6781076,0.37365582
0.4,83.7615857,0.57928793
0.5,11.81086524,1.19146661
0.6,54.72443313,0.84258764
0.7,-43.28759443,0.59608046
0.8,11.61193327,1.21200491
0.9,-9.00260431,1.1607486
1.0,-76.33349787,1.92715168
1.1,-92.33705605,1.75114444
1.14141667,-53.33676465,0.97911129
