segment,pitch,stretch
0.0,68.10611108,1.35759712
0.1,63.99388414,0.2485611
0.2,-77.78267876,1.02499907
0.3,60.87409142,1.93810497
0.4,-14.91542268,1.6573055
0.5,-77.93180804,0.98370732
0.6,-7.81349461,1.37690628
0.7,-84.16622539,0.46296761
0.8,35.51945386,0.51335832
0.9,-86.69827035,0.88073963
1.0,-94.13173546,1.51448748
1.1,23.0579156,1.13726211
1.14141667,17.93273323,0.33901192
