segment,pitch,stretch
0.0,-51.94711307,1.87860529
0.1,-56.73401049,0.8925821
0.2,25.36416271,1.58164022
0.3,37.75728813,0.66317845
0.4,76.78826699,1.50669139
0.5,78.72883759,0.32092573
0.6,16.93220553,0.20941234
0.7,92.90727514,1.94155087
0.8,38.19115803,1.92789753
0.9,53.16766238,1.65841494
1.0,76.30286188,1.79217162
1.1,-90.7765671,0.67129825
1.14141667,-28.13670631,0.32349013
