segment,pitch,stretch
0.0,-17.82872371,0.1201677
0.1,-5.15999345,0.12543564
0.2,51.2170186,1.67572875
0.3,-25.21682203,0.4548101
0.4,25.00290132,0.55179348
0.5,34.9706051,1.01890588
0.6,-36.93148575,0.72380392
0.7,-3.65399932,0.57215837
0.8,62.69869554,0.78053676
0.9,-10.08908238,1.39308334
1.0,-76.59516515,0.59654008
1.1,56.49123107,1.44217753
1.14141667,12.2236393,1.73823667
