segment,pitch,stretch
0.0,88.59624005,0.45180273
0.1,-41.54260936,0.9916986
0.2,98.66273367,1.03654002
0.3,-51.42818897,1.09206691
0.4,-3.9259191,0.2266594
0.5,-69.59109812,0.4475897
0.6,-72.83399841,1.50879898
0.7,-23.08602762,0.72789206
0.8,52.81995183,1.12820915
0.9,-71.91777434,1.44183991
1.0,59.65306281,0.41497505
1.1,-37.74620063,1.99975046
1.14141667,-3.28569545,1.69153947
