segment,pitch,stretch
0.0,46.17077018,0.5132537
0.1,25.55565597,0.67749198
0.2,36.32492907,1.14472202
0.3,-9.73563195,1.55169683
0.4,51.38553925,0.41542617
0.5,-7.69265437,1.65520704
0.6,-6.88231676,0.27196657
0.7,-70.20980639,0.37685367
0.8,-38.00293126,0.10674289
0.9,31.75411594,0.64849757
1.0,72.77428796,1.72661409
1.1,-58.88778719,1.75041049
1.14141667,3.90767487,0.37160501
