segment,pitch,stretch
0.0,84.06526656,0.64894292
0.1,-46.35743075,1.09249026
0.2,-53.95171452,1.10478021
0.3,59.83825827,1.53269109
0.4,-26.88805114,0.4736561
0.5,81.94609504,1.78871286
0.6,31.29853371,0.02195498
0.7,48.3535035,0.5845576
0.8,-35.90836063,0.61325304
0.9,17.81787017,1.47126121
1.0,-25.31347858,0.01504833
1.1,63.89770725,0.61680726
1.14141667,1.46911639,0.99417778
