segment,pitch,stretch
0.0,19.92156454,1.45115921
0.1,50.3730524,1.233132
0.2,-54.66048992,0.22337845
0.3,-16.36439953,1.17450645
0.4,-49.37215717,0.22096997
0.5,73.44732269,0.81463121
0.6,-10.57047355,0.94935983
0.7,-59.11422478,0.41223091
0.8,-87.00574954,0.73586656
0.9,-41.42714545,0.4661352
1.0,-3.65633153,0.31390173
1.1,-26.0043808,1.50812992
1.14141667,10.36886233,1.08431252
