segment,pitch,stretch
0.0,20.14643924,1.64013215
0.1,-59.30511307,1.38227101
0.2,-36.90138171,1.29161714
0.3,-90.62422634,0.15011777
0.4,81.58991679,0.54809828
0.5,-52.14492004,1.06399462
0.6,38.69064245,1.23043118
0.7,-68.88870739,0.46411732
0.8,-78.91362722,1.50887557
0.9,-49.91064634,1.51001833
1.0,-14.96747288,0.8690376
1.1,-61.38764873,0.30032336
1.14141667,-36.71502823,0.26110281
