segment,pitch,stretch
0.0,-84.78481836,0.30111759
0.1,29.20321027,0.52687699
0.2,71.02026604,0.36945697
0.3,37.89731146,1.56057188
0.4,34.75879188,0.61390271
0.5,77.81147551,1.27237332
0.6,-18.99656469,0.54829677
0.7,26.98882743,0.77113773
0.8,-33.86115457,0.27810299
0.9,22.61865263,0.84080076
1.0,32.47086589,1.24207539
1.1,-79.69806843,0.66945603
1.14141667,67.93837124,0.50686976
