segment,pitch,stretch
0.0,0.19628559,1.2735275
0.1,-65.19269942,1.04239801
0.2,85.79365551,1.14016966
0.3,-49.06561831,1.26076885
0.4,-14.51529051,1.79864451
0.5,-95.48834235,0.45349568
0.6,-33.23898354,0.33561818
0.7,41.75408234,0.17319501
0.8,37.64227738,1.78715813
0.9,-32.44919392,1.8240929
1.0,89.54900566,1.61299985
1.1,-65.51395412,1.74226988
1.14141667,73.05695709,1.79803329
