segment,pitch,stretch
0.0,-54.0765714,1.22843023
0.1,-77.5997382,0.67465416
0.2,-5.96417481,1.46352817
0.3,90.3794085,1.65803665
0.4,77.6475749,0.3744317
0.5,-0.0510170631,1.25600303
0.6,-48.2331031,1.88058254
0.7,68.47356,1.63911274
0.8,1.61116018,1.55282086
0.9,85.6911048,0.43137501
1.0,24.5551859,0.79044925
1.1,-32.3235712,1.78282868
1.14141667,64.6930948,1.0446802
