segment,pitch,stretch
0.0,-70.42232238,1.1949198
0.1,-63.79861737,0.86017995
0.2,80.15379792,1.22540727
0.3,-34.87323386,0.58113387
0.4,-97.49401193,0.63475004
0.5,-75.02904728,1.70548795
0.6,88.01304316,0.65284568
0.7,57.25012965,1.05406598
0.8,-34.47690346,1.3603352
0.9,2.26660201,1.51124063
1.0,-37.62355762,1.53115779
1.1,-8.96459096,1.18349734
1.14141667,-65.74543059,1.59300288
