segment,pitch,stretch
0.0,-77.20906853,1.73587013
0.1,64.89199308,0.77294131
0.2,7.69054885,0.32837419
0.3,-47.6141874,1.19216591
0.4,24.82339494,0.80149681
0.5,20.18926417,0.39729394
0.6,-54.4743451,0.54085328
0.7,41.07397409,0.8068405
0.8,-19.05084731,1.23639766
0.9,-20.13915126,0.28852647
1.0,-3.97340908,1.66872212
1.1,88.43102232,1.65649633
1.14141667,5.13824531,1.61177863
