segment,pitch,stretch
0.0,69.75074481,1.46736973
0.1,-10.40899833,0.13737814
0.2,85.57878117,1.34631707
0.3,15.39701213,0.46028441
0.4,83.19518913,0.141543
0.5,20.33595166,0.46259405
0.6,10.594299,0.96314063
0.7,-65.1676687,0.97877892
0.8,49.76363472,1.10716642
0.9,-78.66253889,0.40650809
1.0,4.39215728,1.82064787
1.1,-85.73946609,1.61141022
1.14141667,53.02267255,0.46038383
