segment,pitch,stretch
0.0,-71.34607959,1.03552624
0.1,-35.65819027,0.70466862
0.2,-68.20202891,1.43535484
0.3,-57.58758282,1.6501514
0.4,70.48380742,0.3504388
0.5,95.19228037,0.93193126
0.6,-39.65708514,0.84411513
0.7,-83.522521,1.24684146
0.8,80.27349765,0.46592488
0.9,71.24042066,1.15667054
1.0,65.47365617,1.88512118
1.1,-37.87916856,0.13959958
1.14141667,-5.33917093,0.65218631
