segment,pitch,stretch
0.0,79.28024055,1.48897581
0.1,39.9173306,0.75408064
0.2,-2.70400976,0.39468673
0.3,39.39701163,1.23817767
0.4,79.19766018,0.44750026
0.5,-76.7629426,0.89933765
0.6,-31.05375973,0.57627918
0.7,31.78885255,1.06601512
0.8,44.52880411,1.28390236
0.9,96.26715937,1.31345705
1.0,91.69005138,0.48894908
1.1,13.24674088,1.31101528
1.14141667,-8.33706819,0.7531849
