segment,pitch,stretch
0.0,-14.63575946,1.48016251
0.1,87.90447506,1.99171813
0.2,16.67284582,0.37897864
0.3,66.15245768,1.28017908
0.4,-20.15560471,0.5887237
0.5,-60.0326813,1.90797715
0.6,31.72800587,0.19529448
0.7,-60.07829106,1.64301184
0.8,15.50516257,1.80534623
0.9,-42.6229878,0.7062957
1.0,78.15416518,1.55899311
1.1,46.83392995,1.39425951
1.14141667,39.79631616,1.94277347
