segment,pitch,stretch
0.0,-62.96972063,0.28137182
0.1,-26.61167246,1.36324422
0.2,44.65744226,0.73559884
0.3,-45.10081954,0.69765519
0.4,-19.39771586,1.05398301
0.5,-6.74330021,0.92767004
0.6,-92.2188675,1.8670127
0.7,3.8955825,0.42732482
0.8,-58.18459979,1.04518319
0.9,47.27824977,0.19121007
1.0,21.78065118,0.50101639
1.1,-34.33033459,0.92471972
1.14141667,59.55841944,0.33119465
