segment,pitch,stretch
0.0,-3.57689355,1.75928205
0.1,-77.78673936,0.21568786
0.2,-78.90625042,0.68264483
0.3,-31.57808348,0.1390229
0.4,26.0047479,1.48868926
0.5,-89.44545225,0.73026348
0.6,48.00984814,1.98670404
0.7,99.1115791,0.6243671
0.8,48.65395635,0.78482362
0.9,1.74504549,1.34774411
1.0,-26.34408283,0.39051484
1.1,-60.15837023,0.67204364
1.14141667,-80.77511834,1.15830165
