segment,pitch,stretch
0.0,-24.5917535,1.72074826
0.1,92.93920815,1.31311704
0.2,-43.48613044,1.22529817
0.3,22.34438272,0.96386937
0.4,-55.5062491,0.05298251
0.5,-33.7407387,1.64478666
0.6,13.55088473,0.56907947
0.7,-86.82043412,1.73567671
0.8,-64.82507768,0.1378672
0.9,-58.57710626,1.13864961
1.0,-0.79294086,0.67164702
1.1,60.59997743,1.79788086
1.14141667,99.27045787,0.3532116
