segment,pitch,stretch
0.0,49.18780015,1.13395449
0.1,72.56599871,1.35674112
0.2,82.40633288,1.64110949
0.3,-82.3613748,0.20020041
0.4,-55.26706973,1.72643687
0.5,32.71718065,0.50546476
0.6,-77.12745481,1.03887292
0.7,53.19413298,0.02836182
0.8,63.69374639,1.25705859
0.9,-4.94503234,0.65948503
1.0,8.94892579,0.3253589
1.1,-63.25021916,1.08649671
1.14141667,62.49358968,1.97191137
