segment,pitch,stretch
0.0,16.58830358,0.85011258
0.1,86.70271672,0.58038793
0.2,7.39568317,1.77728033
0.3,-63.95685009,1.63086827
0.4,-73.69764964,1.60787708
0.5,-37.16981433,1.90725685
0.6,-82.20650712,1.21839285
0.7,45.06880241,0.94960476
0.8,48.0758912,1.84873141
0.9,-90.22787257,1.92079983
1.0,28.44813995,0.80582495
1.1,53.90222373,1.4150163
1.14141667,88.34687342,1.80467918
