segment,pitch,stretch
0.0,-81.2536919,1.33468173
0.1,-5.92199646,1.24052459
0.2,-70.8440156,0.05751099
0.3,-38.8570398,0.0183033
0.4,-74.6373028,1.42823854
0.5,37.2357881,1.31262623
0.6,-2.6113695,1.64307627
0.7,40.6769116,1.23311758
0.8,66.8191977,1.11809567
0.9,89.4255447,1.10385944
1.0,-0.0124290818,1.86476593
1.1,-94.7277852,1.90945351
1.14141667,5.25537701,1.40561689
