segment,pitch,stretch
0.0,6.24973356,0.42853185
0.1,-59.28869938,0.11783084
0.2,-54.93017369,0.30000134
0.3,70.45865659,1.53849502
0.4,34.41093143,1.35848197
0.5,-22.64644682,1.2667626
0.6,37.82984887,1.77001246
0.7,-84.29242808,0.71439786
0.8,97.70285322,0.64267275
0.9,-99.58855667,0.57389872
1.0,-82.42661109,0.02293924
1.1,26.88226167,0.73273097
1.14141667,65.60234374,1.17460204
