segment,pitch,stretch
0.0,33.2240673,1.57377142
0.1,4.22517174,0.8823726
0.2,-40.15802905,1.03253402
0.3,76.34436149,1.1469021
0.4,79.59228699,0.89908004
0.5,62.60308162,1.27653111
0.6,-43.24864807,1.49634374
0.7,-34.58226958,1.09554095
0.8,94.59063038,1.19566866
0.9,89.37349944,0.827427
1.0,-44.64831514,0.30385796
1.1,-36.56024871,0.62284344
1.14141667,65.3737617,1.01572262
