segment,pitch,stretch
0.0,-28.25289602,0.03820079
0.1,-29.96157941,1.06701123
0.2,-35.61602773,1.17367249
0.3,64.20990909,0.16492654
0.4,-63.83515399,0.16398837
0.5,71.59997763,1.39593521
0.6,89.31755347,1.25797632
0.7,-98.14659704,0.35849906
0.8,33.66167072,0.72596435
0.9,67.16249153,1.46059629
1.0,-48.02468866,0.19516894
1.1,0.355648,1.55106472
1.14141667,-15.74672825,1.61627541
