segment,pitch,stretch
0.0,29.70975547,1.48129541
0.1,28.42644231,1.50796462
0.2,21.59399465,1.95094467
0.3,-85.78360108,1.21516633
0.4,-86.96471331,1.69229455
0.5,-42.98154559,1.09993922
0.6,-24.40718185,1.7732578
0.7,40.30920649,0.96640662
0.8,60.29967336,1.55948905
0.9,-28.97197282,0.42676263
1.0,20.58306705,1.41137434
1.1,36.82833662,1.11539435
1.14141667,-96.86148063,1.96267589
