segment,pitch,stretch
0.0,40.55101388,0.40687164
0.1,-10.72159434,1.17784559
0.2,-58.26572843,1.99106934
0.3,1.32434592,1.19983585
0.4,-85.02838438,1.58797841
0.5,-51.66180539,0.9404896
0.6,67.40806224,0.59137193
0.7,12.83683936,0.08939655
0.8,54.30464397,1.07296018
0.9,-46.76261458,0.52533407
1.0,69.22607274,1.50554702
1.1,52.29389,1.19515122
1.14141667,57.59849823,1.26374575
