segment,pitch,stretch
0.0,-33.01798488,0.50600745
0.1,-57.75408991,0.27831477
0.2,9.72119817,1.8163001
0.3,-94.23259059,0.69374934
0.4,-74.75409549,0.94399778
0.5,-37.40294442,0.497515
0.6,-53.45534346,1.68859293
0.7,-51.83136357,0.3557352
0.8,25.19041356,1.56729083
0.9,-8.8113376,1.34955394
1.0,-26.55450811,0.71664369
1.1,-53.37083402,0.20609589
1.14141667,85.80939648,1.35438134
