segment,pitch,stretch
0.0,-70.63137892,0.57712906
0.1,-48.65912271,0.64179226
0.2,89.22528551,0.93495251
0.3,39.89743481,1.43041086
0.4,13.73778231,0.06710414
0.5,-74.47605916,1.67555193
0.6,20.87072452,0.64111611
0.7,-58.29608737,1.81341651
0.8,20.27856511,0.09233996
0.9,66.76249813,1.88938409
1.0,44.27022345,0.03776745
1.1,-46.89913949,1.5874268
1.14141667,-14.10655115,1.53774134
