segment,pitch,stretch
0.0,98.14968224,1.12873519
0.1,97.92250549,0.80542384
0.2,5.58185076,1.1639144
0.3,73.90194432,1.2231227
0.4,24.12484934,0.51782845
0.5,25.62936191,0.1679589
0.6,-52.21793125,1.3201034
0.7,-79.33669902,0.70078341
0.8,-38.37732002,1.93829376
0.9,93.26378518,1.80406176
1.0,-99.12781776,1.95628807
1.1,-30.75532988,0.0392801
1.14141667,-2.12429885,0.96827384
