segment,pitch,stretch
0.0,-80.44919657,1.01791128
0.1,-34.48727533,0.51127266
0.2,-27.85444657,1.03770419
0.3,-0.73618666,1.5684914
0.4,0.77626811,0.83417196
0.5,-75.08426277,0.04387423
0.6,20.03798274,0.37017036
0.7,46.24294154,1.90217427
0.8,22.03140958,0.74355786
0.9,26.33483047,0.1834128
1.0,-51.28476198,1.60996589
1.1,-29.39920635,1.08150991
1.14141667,1.31536819,0.63923462
