segment,pitch,stretch
0.0,-3.4136951,0.3955261
0.1,-96.63930225,1.81981769
0.2,-34.30141865,0.71552468
0.3,-30.66323788,0.43164846
0.4,62.10302885,0.7004101
0.5,-47.7287553,1.14693871
0.6,6.07544645,1.60976314
0.7,-74.8079892,0.12938402
0.8,-8.64680391,1.25657195
0.9,25.48154642,0.88710724
1.0,-1.70416427,0.44623394
1.1,91.0447775,1.30104916
1.14141667,42.82556821,1.65369707
