segment,pitch,stretch
0.0,31.70987786,1.31590513
0.1,44.65820907,0.84112054
0.2,13.3186434,0.69527524
0.3,66.1783484,1.26135679
0.4,9.82166226,1.98640285
0.5,-28.83229096,0.12218975
0.6,76.24548925,0.73409952
0.7,34.63949689,1.11406015
0.8,-48.33331205,1.16947058
0.9,50.34000449,0.6556194
1.0,49.76225002,1.40941557
1.1,67.38211301,0.44515823
1.14141667,80.88052333,0.0317855
