segment,pitch,stretch
0.0,-48.41701503,1.56219766
0.1,-28.57986094,0.39739554
0.2,0.90581005,1.12963232
0.3,19.09912814,0.41932749
0.4,82.05766861,1.84938579
0.5,24.08835826,0.65577454
0.6,-34.07004387,0.57976152
0.7,8.41664997,0.37472164
0.8,-13.86702556,1.58587157
0.9,-78.75947492,1.60768303
1.0,-67.25519612,1.23344585
1.1,33.54583234,0.58083121
1.14141667,98.61757136,0.87170503
