segment,pitch,stretch
0.0,19.52749286,0.20353533
0.1,-18.57686292,0.56212811
0.2,-11.65218112,1.19554763
0.3,67.73335024,1.25373802
0.4,2.50414412,0.49820491
0.5,9.98358294,0.39911731
0.6,-79.6394771,1.7639196
0.7,-56.69454189,0.02096069
0.8,-18.40953805,1.56380325
0.9,-52.29201997,0.9626698
1.0,65.08217065,1.00011748
1.1,-33.80106577,1.32853589
1.14141667,66.85973887,0.17517316
