segment,pitch,stretch
0.0,49.59998694,1.8221993
0.1,-18.3609497,1.29033683
0.2,2.93304339,1.83872361
0.3,57.93949433,0.95044995
0.4,22.39348877,0.11870754
0.5,80.52243974,0.36425105
0.6,-44.27130323,1.15793319
0.7,74.01577691,1.54792592
0.8,6.35871184,0.09478288
0.9,35.77378691,1.51328508
1.0,-3.83279808,0.96114029
1.1,68.61998749,1.75865896
1.14141667,22.18129114,0.59242415
