segment,pitch,stretch
0.0,-57.68537639,1.14128003
0.1,80.50678374,0.65499836
0.2,62.08623359,0.36935793
0.3,-62.11963136,0.45944127
0.4,40.40813482,1.32957836
0.5,-1.99659726,1.01029199
0.6,-98.85876462,0.23624425
0.7,-17.60870607,0.5152401
0.8,-73.6406844,0.82690989
0.9,0.13542401,0.52689837
1.0,58.10369401,1.52596161
1.1,-38.91466215,1.06260355
1.14141667,22.73847208,0.37076623
