segment,pitch,stretch
0.0,-14.7165903,1.26655031
0.1,9.77195576,0.00191174
0.2,47.03230766,0.31291214
0.3,47.2421719,1.22624264
0.4,-71.97278452,0.54105763
0.5,-76.50169217,0.78287954
0.6,-66.41112258,1.330985
0.7,-22.67062318,1.35261468
0.8,-29.5884482,1.03978063
0.9,81.81742087,0.00659695
1.0,85.72452131,1.34378574
1.1,35.03898879,0.36395481
1.14141667,32.51985641,0.94728688
