segment,pitch,stretch
0.0,64.96347352,1.44558339
0.1,42.67118944,1.09186706
0.2,-71.33315366,0.89479071
0.3,-41.45052921,0.112933
0.4,22.15572667,0.58173767
0.5,-49.22246912,0.69537994
0.6,1.17986866,1.54756643
0.7,39.60922848,1.87055518
0.8,-95.82191419,0.45701879
0.9,-84.37193607,0.87297018
1.0,42.94723671,1.22985311
1.1,25.55585594,1.03234616
1.14141667,49.83574532,1.39896026
