segment,pitch,stretch
0.0,25.06649138,0.73263287
0.1,-75.62802154,0.44309032
0.2,-55.29126892,0.69551141
0.3,-31.13502895,0.38506305
0.4,99.96854364,0.52359658
0.5,-39.05274208,1.76965852
0.6,-48.65324171,1.14560288
0.7,-29.47734718,0.88778636
0.8,33.80663658,1.18058041
0.9,-21.30312991,1.84333153
1.0,38.90898009,0.25005538
1.1,56.3377574,1.84007576
1.14141667,88.63688248,1.00047255
