segment,pitch,stretch
0.0,60.90519411,1.2142025
0.1,55.95280779,1.85099482
0.2,48.46758666,1.16231079
0.3,-14.18062666,1.54399184
0.4,-51.30201563,1.40754046
0.5,-37.99009317,0.99181023
0.6,88.99546092,0.96000188
0.7,-11.08339747,0.55983951
0.8,54.53278866,1.35940292
0.9,-23.49573744,0.29880455
1.0,28.30492548,1.73467682
1.1,68.04425842,0.57935772
1.14141667,-9.70039934,1.18792355
