segment,pitch,stretch
0.0,-11.84414354,1.70542515
0.1,-48.40182789,1.16680679
0.2,-1.62228667,1.49863903
0.3,48.75005327,1.41560569
0.4,-26.14061485,1.39507228
0.5,92.71891808,0.0638533
0.6,-16.05969494,0.05359306
0.7,-24.84536451,1.50590241
0.8,45.28109884,1.38923205
0.9,86.67333684,1.69756748
1.0,-92.87325643,1.98155922
1.1,4.17895767,1.36025463
1.14141667,50.19046743,1.37929818
