segment,pitch,stretch
0.0,14.77849199,0.705567
0.1,-93.87823823,1.75025846
0.2,64.26417709,0.64729838
0.3,-22.82520637,0.85969061
0.4,98.98633094,0.27217842
0.5,61.91694484,1.89781194
0.6,-14.22171185,0.81989365
0.7,13.64889923,1.01021301
0.8,16.45015469,0.3816251
0.9,68.39985611,1.4301898
1.0,9.08640089,1.68654452
1.1,-0.24488945,0.43604245
1.14141667,-45.33321106,1.24858314
