segment,pitch,stretch
0.0,10.97297173,1.78692899
0.1,60.01416819,1.60826716
0.2,-93.98790624,1.00663607
0.3,-86.99691935,0.41590444
0.4,1.36100819,1.08355613
0.5,-76.00290362,1.51356664
0.6,-30.28583778,1.54870591
0.7,38.63771313,0.4541213
0.8,87.69054451,1.04379529
0.9,-31.29144105,1.8937136
1.0,24.04657267,0.59047144
1.1,81.15955608,1.39231991
1.14141667,1.25784107,0.29106815
