segment,pitch,stretch
0.0,56.13674882,1.05386645
0.1,-63.19504076,0.49324571
0.2,1.19742054,1.63272537
0.3,-62.01007481,0.42079371
0.4,-75.35375927,0.42139978
0.5,13.00439341,0.74166123
0.6,-84.2661463,1.25568282
0.7,-11.83580109,0.59828411
0.8,-23.48668487,1.51868865
0.9,-69.09956588,0.41953596
1.0,-7.14539775,0.01745778
1.1,-20.07462891,1.44715382
1.14141667,27.26943869,0.73078369
