segment,pitch,stretch
0.0,-19.66271306,0.77463997
0.1,-49.95319108,0.15164104
0.2,55.70739253,1.45402293
0.3,-47.82629408,1.49503854
0.4,-30.64427182,0.10701477
0.5,-54.20245769,1.1175781
0.6,94.86326533,0.62210046
0.7,-11.35318876,1.34496978
0.8,-94.65333259,1.0681913
0.9,66.72626026,0.36189635
1.0,-72.10656939,1.98571959
1.1,-87.02340103,1.61383771
1.14141667,-20.80379815,0.2520498
