segment,pitch,stretch
0.0,-17.04430056,0.85322679
0.1,-39.59352405,1.90558069
0.2,-50.32219172,0.57660663
0.3,-86.25811675,0.53517989
0.4,0.56208373,1.3075328
0.5,12.13136617,0.65532662
0.6,-9.09694351,0.58470433
0.7,-34.01550811,1.41307701
0.8,-50.44375165,0.21256409
0.9,45.46201631,1.38233641
1.0,32.9446266,1.86150004
1.1,-83.35470967,1.834538
1.14141667,64.06448626,1.65956504
