segment,pitch,stretch
0.0,71.4664996,0.49308796
0.1,-29.81516222,1.93963897
0.2,-91.01314813,0.90556613
0.3,-6.30659731,1.77056041
0.4,-44.23104163,0.67637582
0.5,-43.35271237,1.12060168
0.6,-49.65472851,0.71280726
0.7,-29.63657547,0.31790622
0.8,85.39925536,0.19195943
0.9,-83.16878764,1.42167074
1.0,-25.08819563,1.95663452
1.1,38.2926067,1.90504851
1.14141667,77.35172581,0.04583032
