segment,pitch,stretch
0.0,-81.75795088,1.06306623
0.1,54.46173738,0.74930959
0.2,6.69922136,0.04838158
0.3,67.41624154,0.22301941
0.4,66.62029781,0.92539705
0.5,-52.78569663,0.35060842
0.6,-28.99630628,1.97850281
0.7,-33.01266758,0.87949955
0.8,50.32019814,1.56889624
0.9,70.51424077,1.0179866
1.0,80.64360457,0.88988566
1.1,31.37722787,0.12807465
1.14141667,28.37748626,0.82843843
