segment,pitch,stretch
0.0,49.5830128,1.20991715
0.1,11.27491146,1.43342457
0.2,-23.33006334,0.44319554
0.3,-79.70222292,0.38788298
0.4,78.5259979,1.68474188
0.5,42.68414732,1.76934829
0.6,3.3170919,1.49107737
0.7,28.43555109,0.95892531
0.8,-7.39447574,0.5717496
0.9,-98.28221983,1.66411652
1.0,46.55565122,0.38718647
1.1,-53.12881325,0.22387981
1.14141667,87.9365903,1.83499264
