segment,pitch,stretch
0.0,85.2733813,0.45548566
0.1,-9.17658369,0.42780618
0.2,-74.95002821,1.13904578
0.3,-15.14184609,0.79367721
0.4,15.16006898,0.33758667
0.5,-47.48400349,0.33594429
0.6,-79.05067021,1.05553209
0.7,36.11246432,1.55353839
0.8,-10.42928376,0.48612759
0.9,-38.21466303,1.14132878
1.0,-74.40390494,1.27612663
1.1,48.21849642,0.91551084
1.14141667,70.85826142,1.65751286
