segment,pitch,stretch
0.0,85.09524946,1.18974262
0.1,-97.54308337,0.87209609
0.2,-40.85204681,1.85393105
0.3,-2.35384301,0.12748359
0.4,-31.68218734,0.27016739
0.5,-91.02321919,0.64146537
0.6,44.13360811,0.80126796
0.7,-68.52408845,0.44632746
0.8,17.15846586,1.0554532
0.9,-35.58743883,0.31893528
1.0,89.20732919,0.28549057
1.1,-57.32248704,1.83484261
1.14141667,28.07262427,1.84086056
