segment,pitch,stretch
0.0,-47.86203104,0.17649175
0.1,-2.12019525,0.55844568
0.2,11.33443683,0.51968643
0.3,26.73426002,0.91323903
0.4,-20.00864526,1.83941424
0.5,66.4142843,1.66792491
0.6,-25.00808868,1.72207121
0.7,-40.0848978,0.69900455
0.8,72.97244598,1.89129623
0.9,77.81836091,1.89462756
1.0,14.03709177,1.13767499
1.1,33.22448401,0.48678829
1.14141667,8.56507439,1.85900383
