segment,pitch,stretch
0.0,-12.95878337,0.89212547
0.1,61.50797195,0.09328832
0.2,96.13916552,0.1771654
0.3,63.40829671,0.79511002
0.4,-18.80055907,0.67535594
0.5,-13.37960084,0.14377803
0.6,17.49624977,0.71363745
0.7,26.6489851,0.90742369
0.8,46.37702818,0.61606813
0.9,47.62008812,0.82361862
1.0,35.61177117,1.14929537
1.1,-76.22783665,1.55419548
1.14141667,34.8549378,1.0035068
