segment,pitch,stretch
0.0,-13.79989204,0.12359706
0.1,78.7474848,1.28593788
0.2,51.3576617,0.64554293
0.3,1.63794695,0.38626034
0.4,65.14890217,0.573653
0.5,54.95542998,0.89657603
0.6,-13.14220545,0.19382024
0.7,-0.23230192,0.90489749
0.8,7.48613935,0.46725969
0.9,-77.97976406,1.48374262
1.0,-14.2134442,1.46293934
1.1,32.83307545,0.72309429
1.14141667,-89.94149015,0.67525546
