segment,pitch,stretch
0.0,5.98508215,0.06445834
0.1,99.19738459,1.43064101
0.2,-25.60726918,0.97062544
0.3,-26.1182931,0.94934806
0.4,-54.19966731,0.4330015
0.5,-29.12110138,1.79179318
0.6,11.81276868,0.5927928
0.7,64.60926562,1.92834464
0.8,-90.82568408,1.42833582
0.9,1.57809304,1.02511423
1.0,-36.67521205,1.4168199
1.1,-30.40407259,0.13133008
1.14141667,-57.84923793,0.89615645
