segment,pitch,stretch
0.0,-13.19223039,1.28697486
0.1,22.42894848,1.16353002
0.2,96.57225016,1.32994967
0.3,-92.26156685,1.53348662
0.4,38.37731984,1.83809634
0.5,55.45251126,1.30657224
0.6,83.22524274,1.54447693
0.7,-6.38918762,1.7500677
0.8,-9.25087615,0.96606125
0.9,1.142834,0.23131782
1.0,-14.25336243,0.54073787
1.1,83.86992227,0.44425687
1.14141667,46.80314452,0.67978189
