segment,pitch,stretch
0.0,-86.39839216,0.1983517
0.1,1.20679898,0.23187488
0.2,15.58231858,0.04321491
0.3,-75.27995911,0.48652298
0.4,91.87969764,1.31905272
0.5,-44.549451,1.13684952
0.6,14.10135861,1.60418298
0.7,34.76220083,0.57933273
0.8,56.57853654,0.47519185
0.9,-35.36373117,0.24624019
1.0,61.49745855,0.64920292
1.1,42.44556921,1.98431644
1.14141667,36.91066047,0.99098836
