segment,pitch,stretch
0.0,-65.31555005,1.46028399
0.1,-98.21018196,1.49072852
0.2,18.08220976,1.64056838
0.3,-34.94102239,1.13093154
0.4,43.5397084,1.36257634
0.5,-34.92271106,1.04083507
0.6,-62.3284968,1.75749736
0.7,65.84120362,0.79353521
0.8,65.32096576,0.95397314
0.9,-86.43801955,1.05736435
1.0,77.99614396,0.89031938
1.1,-38.6920609,0.06581765
1.14141667,-55.57510265,1.93576932
