segment,pitch,stretch
0.0,26.98397873,1.58263986
0.1,-55.24874641,0.74614587
0.2,18.20332103,0.26654037
0.3,67.42590675,1.09442227
0.4,-24.39664935,0.715011
0.5,-9.29989097,1.90230489
0.6,-39.43705055,0.70435555
0.7,48.44121723,1.50464071
0.8,50.00257742,0.45887465
0.9,-30.20627693,0.97480257
1.0,7.87797216,0.50545389
1.1,-90.64433498,1.04759182
1.14141667,-74.1714296,0.84145253
