segment,pitch,stretch
0.0,-29.59207834,1.26213784
0.1,-3.20070046,1.09688129
0.2,-58.32537362,1.67288948
0.3,-24.52531727,1.55651392
0.4,4.47991904,0.60089382
0.5,77.73095921,1.00142535
0.6,-9.72754814,1.64754174
0.7,78.69297703,1.0190621
0.8,89.59895789,1.92978713
0.9,-74.88966418,1.64032652
1.0,-8.41302054,1.1947634
1.1,-83.1329049,1.60781283
1.14141667,45.5691638,0.53617129
