segment,pitch,stretch
0.0,-30.62895729,1.84589581
0.1,64.37703021,1.73651451
0.2,36.98575807,0.16567731
0.3,19.11574957,0.31305634
0.4,89.62577902,1.79061468
0.5,60.7088706,0.86994548
0.6,-62.8516134,1.36507629
0.7,-39.43238068,0.69698054
0.8,-47.12121114,1.7863841
0.9,11.83990719,0.92331121
1.0,-21.1475117,1.29940684
1.1,-1.79697267,1.17001647
1.14141667,-69.11891229,0.89909852
