segment,pitch,stretch
0.0,-61.06763991,1.6452416
0.1,-57.8130529,0.41885381
0.2,54.35735824,1.5481505
0.3,-58.91236726,1.62022086
0.4,-64.13325835,0.90453309
0.5,1.3996077,1.75325833
0.6,96.59752588,1.95765898
0.7,43.3805339,1.0798425
0.8,-5.42806786,1.87572571
0.9,-58.66284966,0.40799894
1.0,-47.33386135,1.4956973
1.1,-21.19098869,1.53768765
1.14141667,97.6648062,1.52822814
