segment,pitch,stretch
0.0,25.08184436,0.39862999
0.1,27.17796308,1.40084397
0.2,31.07229672,1.78840969
0.3,93.95805804,0.95273825
0.4,-18.57055171,1.85437586
0.5,-7.44503961,1.98183195
0.6,27.08134743,1.92774816
0.7,67.19367896,0.20059484
0.8,-22.41681372,0.14588656
0.9,-60.92740856,0.33473341
1.0,36.95333309,0.81326585
1.1,-11.38237391,1.62354356
1.14141667,35.08478976,0.16578951
