segment,pitch,stretch
0.0,91.17156261,0.94497771
0.1,25.08688283,1.50226129
0.2,48.2450029,1.19715806
0.3,90.12216344,1.34954449
0.4,-40.18882143,0.59579265
0.5,-54.27954375,1.80504859
0.6,-68.4756581,0.24555797
0.7,-53.08534738,0.70333343
0.8,-46.88967441,0.47518266
0.9,-31.87646129,1.46400156
1.0,35.54298867,1.13067654
1.1,77.25630657,0.43563769
1.14141667,70.60272191,1.31798111
