segment,pitch,stretch
0.0,-60.16261887,1.95619765
0.1,58.32501749,1.42765137
0.2,-44.78853843,0.44130142
0.3,-17.24266457,1.17849708
0.4,-78.33579563,0.56027503
0.5,79.97866624,1.3872376
0.6,-20.55581515,0.54116968
0.7,43.78837108,0.9642546
0.8,-73.15029891,1.93227631
0.9,90.05348961,1.38785467
1.0,37.64890544,0.37718019
1.1,22.47191591,0.7210926
1.14141667,73.82058256,0.61108632
