segment,pitch,stretch
0.0,29.40484442,0.95426299
0.1,-82.9706924,1.5819304
0.2,-20.36055848,0.87869467
0.3,70.67916019,1.08099797
0.4,97.39088207,0.67073914
0.5,-30.70591252,0.41474844
0.6,-3.37730477,1.79777915
0.7,-0.47603145,0.30685212
0.8,-91.88596282,1.93131035
0.9,98.16537349,0.96154714
1.0,-18.87996809,1.35337515
1.1,-47.32913681,1.56630163
1.14141667,-49.13726548,0.77030274
