segment,pitch,stretch
0.0,-45.3917955,1.19819767
0.1,-10.85306862,0.49543291
0.2,-2.66303486,1.66800071
0.3,-32.59962556,0.10362546
0.4,-5.49643311,0.8503783
0.5,28.02198877,1.53524079
0.6,-36.20109348,1.11611775
0.7,-12.58953364,1.41982797
0.8,24.84923046,1.83422328
0.9,-28.45536131,0.62751144
1.0,-38.13214267,0.56230222
1.1,36.48055026,0.57641953
1.14141667,7.78558151,1.40822903
