segment,pitch,stretch
0.0,40.10949249,1.54602454
0.1,-62.11772623,0.85820789
0.2,10.37983959,1.54593526
0.3,-90.96267468,1.66779558
0.4,-82.59415996,1.76178738
0.5,72.10201259,0.44098313
0.6,7.07517584,1.49710418
0.7,17.81948605,1.04266642
0.8,-75.16725794,1.09545449
0.9,86.62263138,0.00262512
1.0,-39.56803586,1.93103182
1.1,-92.62860056,1.53232008
1.14141667,37.86117833,1.33107791
