segment,pitch,stretch
0.0,2.19876004,0.46410816
0.1,-16.2984572,0.5045086
0.2,44.28395799,0.19071962
0.3,68.79186239,0.93182485
0.4,23.95752233,1.89135345
0.5,-82.67226961,0.19504501
0.6,-19.37076915,0.68749833
0.7,-45.1199493,1.72623495
0.8,44.55633457,0.60263364
0.9,-98.88107629,1.41115138
1.0,-37.42508294,0.80513214
1.1,-90.62049671,0.91253729
1.14141667,-57.38745573,1.53911211
