segment,pitch,stretch
0.0,-86.87483072,0.90329499
0.1,30.88471,1.75440235
0.2,-63.05424844,0.77448186
0.3,51.55101831,0.99965543
0.4,-97.82970137,0.9023396
0.5,51.42109266,1.28884098
0.6,-29.2060834,1.83503208
0.7,90.68379187,0.07032507
0.8,-68.59815448,1.25711652
0.9,51.41543925,1.0016667
1.0,-33.48006024,0.4903742
1.1,2.14765409,1.09021934
1.14141667,40.23091812,0.46007065
