segment,pitch,stretch
0.0,80.14039255,1.827855
0.1,-9.3158716,0.27418865
0.2,3.483649,0.648905
0.3,81.75200906,1.48765296
0.4,-86.69422084,0.24641714
0.5,-93.24298509,1.34302618
0.6,-92.62032105,1.55735233
0.7,28.8965215,1.71386227
0.8,19.30919838,0.75513257
0.9,-80.13919679,1.99528485
1.0,37.37495492,0.20181573
1.1,-40.54824622,0.49802029
1.14141667,-50.53930291,0.73950593
