segment,pitch,stretch
0.0,-72.66349649,0.80556486
0.1,98.17669026,0.96438648
0.2,19.85962147,1.67956767
0.3,10.18447552,0.9177948
0.4,2.99186972,1.97008316
0.5,-36.21916984,1.12909119
0.6,3.19583609,1.71065486
0.7,12.12984782,0.23797279
0.8,6.61404525,0.17780208
0.9,-91.89213886,0.24849055
1.0,-48.12418513,0.41301125
1.1,-26.91376671,1.34102455
1.14141667,-57.44589876,0.47586737
