segment,pitch,stretch
0.0,82.21391649,0.16629569
0.1,8.23446924,0.53206339
0.2,-66.78536599,0.7302175
0.3,91.71269389,1.32409314
0.4,38.34506198,0.73265348
0.5,11.54452605,1.69253874
0.6,96.28222232,1.17892536
0.7,-47.65455755,0.38924981
0.8,-79.10134883,1.19695385
0.9,28.80832425,0.99788434
1.0,42.88340192,1.07124619
1.1,-29.0066371,1.45535326
1.14141667,-55.47213333,1.05284773
