segment,pitch,stretch
0.0,11.34851872,0.92432066
0.1,13.75361052,1.08642525
0.2,-0.75190247,1.84874711
0.3,-4.16246796,1.98932462
0.4,18.70806668,0.96958415
0.5,47.88190006,0.47164432
0.6,-89.77923631,1.74396934
0.7,-0.8025892,0.78095143
0.8,-59.16372517,1.62764069
0.9,-28.1266963,1.67337912
1.0,-15.26675969,1.21050795
1.1,27.54287848,1.43502167
1.14141667,84.80385161,1.62747772
