segment,pitch,stretch
0.0,81.21142121,1.90047577
0.1,52.51696492,0.82684284
0.2,-39.17561774,1.63922719
0.3,-2.55926089,1.09796892
0.4,-19.82016782,1.84824586
0.5,-96.27205137,0.08398419
0.6,-91.08602274,1.68744275
0.7,21.95313621,1.11317645
0.8,-83.87757175,0.69266869
0.9,-15.46224959,1.31844382
1.0,99.28922275,1.05971477
1.1,-34.89576086,1.50408115
1.14141667,-88.74649368,0.80519135
