segment,pitch,stretch
0.0,90.88102294,1.19203637
0.1,-35.14561703,1.89782901
0.2,14.79271583,1.86865655
0.3,-88.21899913,1.6473075
0.4,92.67503614,1.53763625
0.5,23.16298662,0.83064548
0.6,48.09904427,0.60296104
0.7,21.94712123,1.07417589
0.8,-62.00364596,1.14958956
0.9,-26.3637586,0.04243199
1.0,-48.35693482,0.92355121
1.1,41.70852202,0.52672923
1.14141667,38.71450678,1.31846494
