segment,pitch,stretch
0.0,-6.10327237,0.87476983
0.1,-31.81812212,0.20851018
0.2,1.49653309,1.45345917
0.3,36.35816444,1.96312617
0.4,-9.41951006,1.04651376
0.5,-36.93530582,1.9610622
0.6,-25.41473519,1.3492542
0.7,56.15025122,1.04795193
0.8,-13.30142445,0.20627276
0.9,-95.55635491,0.33014387
1.0,-99.65392401,1.62301135
1.1,-3.55054731,1.19927307
1.14141667,-37.18224503,1.67752435
