segment,pitch,stretch
0.0,-9.05515543,0.52574645
0.1,1.08739123,1.23916033
0.2,-29.10342347,1.31321142
0.3,19.21147574,1.31016355
0.4,-75.28414105,0.63387328
0.5,52.91936795,1.25446966
0.6,-3.66728601,1.62147862
0.7,41.33358787,1.37437421
0.8,-8.82265271,0.95215241
0.9,25.45822687,1.72535424
1.0,-33.90384395,0.25742108
1.1,9.81213178,1.52714823
1.14141667,17.50953352,0.81302771
