segment,pitch,stretch
0.0,-53.68453677,1.6757384
0.1,-28.94516131,1.30661064
0.2,-98.24340487,0.9866685
0.3,-99.1252782,0.35735292
0.4,-26.26210223,1.10822688
0.5,-45.03942581,1.57836245
0.6,-66.94086258,1.65767341
0.7,82.11998094,1.15727357
0.8,26.35770122,1.70991659
0.9,30.884295,0.39633264
1.0,12.20949493,0.36576693
1.1,-39.12104369,1.53765391
1.14141667,17.56591415,0.88045647
