segment,pitch,stretch
0.0,57.11997381,0.90900436
0.1,-32.53722502,1.02881702
0.2,-87.28109772,1.91577474
0.3,-27.51150216,1.84689949
0.4,82.51849705,0.82658903
0.5,-2.05823162,0.12969693
0.6,87.22176329,0.8683285
0.7,21.26654891,0.55394795
0.8,5.0205633,0.61832745
0.9,-15.12387939,0.27087234
1.0,-30.58863074,0.73142715
1.1,-22.19258408,1.63938035
1.14141667,11.14114277,0.86419781
