segment,pitch,stretch
0.0,-4.38928225,1.35402237
0.1,-4.65746262,0.85910671
0.2,38.3551302,1.03408634
0.3,32.4405862,1.08579464
0.4,81.49673945,0.75561593
0.5,81.25342016,1.00495207
0.6,56.57176785,1.98726576
0.7,75.06735921,1.85537264
0.8,-0.66184624,1.75011325
0.9,76.72282053,0.48868788
1.0,-60.33019501,1.20303721
1.1,-28.16928775,0.40883522
1.14141667,29.01698887,0.8124878
