segment,pitch,stretch
0.0,21.77688976,1.0440217
0.1,24.23496893,1.09015273
0.2,-77.17155219,1.90323548
0.3,-60.073072,1.85202453
0.4,-50.13575325,0.8874885
0.5,-77.43985725,1.8117264
0.6,10.83492936,1.39622978
0.7,41.96864578,0.35259402
0.8,24.15001974,1.18506837
0.9,36.26552414,1.17740145
1.0,52.90736108,1.00535822
1.1,63.28977691,0.9642083
1.14141667,-48.15622319,1.23423226
