segment,pitch,stretch
0.0,-30.56433127,1.42567185
0.1,-47.55811777,0.62143253
0.2,28.56583207,1.30085658
0.3,40.04396067,0.91650531
0.4,-28.77006627,0.25461144
0.5,10.60896248,1.7210299
0.6,-60.55483946,0.59527891
0.7,31.94190245,1.66278508
0.8,95.12679038,0.30000032
0.9,-16.07040974,1.57018269
1.0,-80.44609319,1.40831219
1.1,-56.80142673,0.60735431
1.14141667,-57.21574415,0.91560648
