segment,pitch,stretch
0.0,74.66292845,0.15491799
0.1,55.47744892,1.92619011
0.2,25.18058214,0.72781992
0.3,-20.41180146,0.5459496
0.4,65.05582465,1.65791523
0.5,49.70299421,1.8109323
0.6,43.15373281,1.66408753
0.7,29.05436358,0.68381857
0.8,-73.56464831,0.62280676
0.9,-31.94852447,1.60467555
1.0,-16.65001138,0.48527104
1.1,76.01210747,0.27394506
1.14141667,-17.42786697,1.89431481
