segment,pitch,stretch
0.0,-11.15684924,0.93665217
0.1,19.7802092,1.74097492
0.2,-30.04059815,0.51520892
0.3,-95.70769325,0.6750365
0.4,-85.83375083,1.81202687
0.5,-37.45895339,1.65594006
0.6,-92.99313722,0.4118564
0.7,-10.59807412,1.49052065
0.8,-53.30222584,1.68710618
0.9,44.39304862,0.87014505
1.0,21.84097508,1.52543632
1.1,-95.99608971,1.72886846
1.14141667,89.10365484,1.0642508
