segment,pitch,stretch
0.0,93.34375743,0.73630152
0.1,2.33597737,0.83046349
0.2,-20.41507514,0.92633409
0.3,20.11504777,0.57479289
0.4,-45.44674631,1.77561818
0.5,43.68235221,1.63901309
0.6,45.61538995,1.78979007
0.7,9.26168888,0.34807002
0.8,-81.27003637,0.31053438
0.9,83.67066648,0.87882318
1.0,-82.52176091,0.97272554
1.1,-88.64619633,1.50609738
1.14141667,-23.61840795,0.63259854
