segment,pitch,stretch
0.0,-58.41769523,0.17249004
0.1,9.57990173,0.24251521
0.2,-12.85613497,0.0442616
0.3,-2.492249,0.45328164
0.4,81.85022743,0.52406405
0.5,-44.9453707,0.36675154
0.6,-31.2400428,0.00343123
0.7,-0.32495302,0.95062338
0.8,83.47890741,1.83377113
0.9,-3.56204298,0.58479333
1.0,-31.28236846,0.06647959
1.1,29.38972981,0.47496869
1.14141667,56.83170874,1.46968119
