segment,pitch,stretch
0.0,-38.08669269,1.67776231
0.1,-73.93088907,1.4500739
0.2,-88.32473941,1.60115886
0.3,60.7364341,1.60462547
0.4,-16.1524086,0.69020142
0.5,-93.43340089,0.54737899
0.6,-45.31120126,0.19731947
0.7,-79.13047949,1.35276023
0.8,72.11880398,0.09347094
0.9,-24.42160512,0.88261019
1.0,-37.42455043,0.20373219
1.1,1.64695246,1.67203558
1.14141667,92.37141996,1.72330196
