segment,pitch,stretch
0.0,71.1743689,1.16437978
0.1,-65.47764441,1.03570224
0.2,44.36457179,1.35163639
0.3,-17.82869888,1.7093735
0.4,-58.47034886,1.03128605
0.5,-3.74377432,1.00068907
0.6,6.84213224,1.21957802
0.7,57.06612023,1.43877863
0.8,80.08248285,0.57775988
0.9,-55.87519183,1.64863754
1.0,24.68810161,1.56882704
1.1,42.81806265,1.95641107
1.14141667,98.55444505,1.50787969
