segment,pitch,stretch
0.0,-16.96845305,1.17622885
0.1,84.38851632,1.73242098
0.2,41.85960526,0.81564824
0.3,-39.90379286,1.52203287
0.4,20.08999337,1.59966219
0.5,-6.78108425,1.81966132
0.6,72.17198407,0.1494381
0.7,9.98770154,0.70489318
0.8,-19.58429309,0.97523256
0.9,-9.24609078,1.39455087
1.0,-71.96197816,1.80039842
1.1,93.08203499,1.02671829
1.14141667,-67.92077118,0.56763023
