segment,pitch,stretch
0.0,-16.56410436,1.61556097
0.1,70.24595691,0.49219237
0.2,-51.74354505,1.30301808
0.3,88.13406423,0.4471679
0.4,-0.4732484,1.50761006
0.5,57.62411687,1.5251536
0.6,-36.50720668,1.12576917
0.7,-7.60494341,0.79071462
0.8,51.63976734,0.38242199
0.9,-88.08154498,0.44977354
1.0,-37.98759851,1.56154847
1.1,1.76185322,1.40608087
1.14141667,-25.89498673,0.18702721
