segment,pitch,stretch
0.0,-57.99380713,1.27596122
0.1,-29.42522233,0.75622444
0.2,-91.96432946,1.60227253
0.3,-22.65210092,1.19328355
0.4,3.04174071,1.37321416
0.5,1.08298466,0.56030576
0.6,-92.85305088,1.96333661
0.7,52.63200379,0.7652546
0.8,97.19945099,0.61561587
0.9,-1.29037543,0.24933363
1.0,26.84711098,1.10007309
1.1,-54.11592076,1.49808802
1.14141667,-87.89598751,0.97036692
