segment,pitch,stretch
0.0,10.01615928,1.51695933
0.1,-31.7574677,1.40378883
0.2,2.7154438,1.52016823
0.3,-79.91650454,1.1088133
0.4,8.77466148,0.49857821
0.5,-16.22256487,1.0829469
0.6,-60.89392268,0.81899516
0.7,-24.52842539,0.89305884
0.8,-19.72610301,0.05024955
0.9,-89.9387941,0.47019022
1.0,38.50843253,0.78624029
1.1,62.26606254,1.1092027
1.14141667,46.03408292,0.99852276
