segment,pitch,stretch
0.0,-88.53042028,0.13201947
0.1,-18.98709815,0.70048062
0.2,89.84049157,1.40324141
0.3,-15.87088094,1.12025436
0.4,0.60706282,0.85353049
0.5,91.81069187,0.31979877
0.6,16.30435991,1.60578457
0.7,65.54957274,1.36555735
0.8,-94.63254312,0.45907697
0.9,4.99318405,0.83713991
1.0,-83.68519221,0.75605832
1.1,16.66024344,0.95006227
1.14141667,49.25794234,1.61796802
