segment,pitch,stretch
0.0,33.60432941,1.8577899
0.1,-11.93537629,0.16730472
0.2,-88.14292606,1.51968538
0.3,63.03464746,1.10766377
0.4,22.71231254,0.03649714
0.5,16.47127626,0.86655357
0.6,-84.57391125,1.9734912
0.7,-10.08636896,1.42286059
0.8,29.84658458,0.4534392
0.9,-34.50712381,0.31083088
1.0,48.55411412,0.20534641
1.1,22.41705079,1.4074105
1.14141667,-36.09101224,0.81493516
