segment,pitch,stretch
0.0,-32.93654262,0.60836272
0.1,72.79608102,0.03991841
0.2,-50.40071999,1.2364671
0.3,90.69974695,0.40854822
0.4,37.06775667,0.42768432
0.5,49.52329957,0.67619941
0.6,-9.85142624,0.85456146
0.7,-27.6925888,0.80405121
0.8,-15.44600324,0.97354212
0.9,89.85582039,0.56230459
1.0,80.64551884,0.25036131
1.1,-45.93519871,0.00393516
1.14141667,-39.52142082,1.59555679
