segment,pitch,stretch
0.0,-53.43328625,0.97812111
0.1,-49.97355713,1.3601437
0.2,-58.9249957,1.54753438
0.3,43.5637091,1.06201045
0.4,-25.84589976,0.41331847
0.5,22.34280216,0.42681136
0.6,8.86479921,0.521473
0.7,2.63749871,0.89867922
0.8,37.73266473,1.6707878
0.9,85.03367681,1.51664813
1.0,-58.31214733,0.90221678
1.1,-2.53716971,0.21770986
1.14141667,48.69326258,0.96207289
