segment,pitch,stretch
0.0,15.72275415,0.3186228
0.1,-17.98823356,0.55293097
0.2,65.15130869,1.61552047
0.3,-29.09849503,1.16824703
0.4,80.3913755,1.52008085
0.5,69.16437222,0.87763706
0.6,94.4311828,1.87993666
0.7,-34.30157349,1.65434325
0.8,54.54653623,0.05536448
0.9,70.83768359,1.1397735
1.0,85.61297077,0.83672501
1.1,27.81589557,0.56110169
1.14141667,-9.10708793,0.81567385
