segment,pitch,stretch
0.0,-62.95384216,0.98485538
0.1,-60.46210211,1.23543943
0.2,-24.84377693,1.64331002
0.3,90.87194872,0.92947391
0.4,-99.91452235,1.50533677
0.5,-80.51700878,1.61180724
0.6,-11.49039176,0.46286497
0.7,9.59973579,1.60783702
0.8,-22.55996215,0.52802577
0.9,-40.87707774,1.11972369
1.0,-7.12631106,0.67922029
1.1,66.20267038,1.43294317
1.14141667,45.35625869,1.85073869
