segment,pitch,stretch
0.0,-13.52735411,0.54145116
0.1,-59.96134508,1.25870061
0.2,-7.33992186,0.81866039
0.3,21.63942854,1.39452004
0.4,5.10103928,1.0769607
0.5,-48.7358571,0.77470724
0.6,81.11443851,0.81807513
0.7,33.12369615,0.78329539
0.8,3.43276833,0.23496053
0.9,-39.94820872,0.10186009
1.0,74.47431305,0.92703632
1.1,21.91430586,1.77981995
1.14141667,-6.84202398,0.93084115
