segment,pitch,stretch
0.0,-58.81822017,1.66981598
0.1,34.2814858,0.83771232
0.2,43.99607496,1.84031443
0.3,33.10738459,0.59134414
0.4,97.56823967,0.79653586
0.5,55.48509594,0.79909451
0.6,8.26795873,0.62568008
0.7,-94.62638325,1.95315118
0.8,-5.39482949,1.30361038
0.9,86.45351621,1.20040606
1.0,5.06049595,1.77234817
1.1,53.29420755,0.02841743
1.14141667,35.21157931,0.93331201
