segment,pitch,stretch
0.0,-12.85470068,1.28020636
0.1,2.67819686,0.37059178
0.2,95.59247328,0.84310037
0.3,-13.98443503,0.70560659
0.4,68.80637955,0.37083609
0.5,1.26765297,0.87313921
0.6,-70.75583684,1.92523748
0.7,-41.351183,1.65594106
0.8,50.28106636,1.80795109
0.9,-33.24209559,1.68291782
1.0,-0.53326813,0.5471334
1.1,-87.23485775,0.64128997
1.14141667,-62.69796975,0.27161171
