segment,pitch,stretch
0.0,12.49965345,1.38379379
0.1,-0.57398704,1.12760639
0.2,6.98435062,0.66811796
0.3,-14.93038142,1.18773856
0.4,60.9840723,0.66284488
0.5,-48.71308389,1.65362832
0.6,-79.65834227,0.49264933
0.7,-50.51010342,0.79275088
0.8,-24.81961521,1.04690997
0.9,21.2332399,0.9289726
1.0,-51.63356186,0.8759544
1.1,17.6267543,0.51696217
1.14141667,76.33872594,0.29433098
