segment,pitch,stretch
0.0,17.12559696,0.28086039
0.1,-56.5671441,0.25898492
0.2,14.51884338,0.73738281
0.3,-18.58724125,0.53194872
0.4,60.24825847,1.1731198
0.5,37.11732505,1.44096814
0.6,64.67645387,1.04426766
0.7,-71.32739236,1.30561608
0.8,-29.12352211,0.38583175
0.9,-23.92624308,1.06522554
1.0,-44.03405283,1.24631605
1.1,-24.43123867,0.11257647
1.14141667,85.71719888,1.16173008
