segment,pitch,stretch
0.0,94.82681546,1.08752285
0.1,-99.32589547,1.17751559
0.2,-78.08329164,0.30459673
0.3,48.54945549,0.73513396
0.4,-55.35713623,0.36114074
0.5,14.26830721,1.70747304
0.6,-99.29695971,0.80626327
0.7,15.02714813,0.80058463
0.8,-2.77969287,1.68930656
0.9,47.22114937,1.36846234
1.0,-7.42122426,1.62178929
1.1,-9.24704573,1.97685154
1.14141667,-65.8542189,1.49094293
