segment,pitch,stretch
0.0,5.05175171,0.77303096
0.1,32.7558224,0.49150881
0.2,-9.61553278,1.82272203
0.3,-33.04402315,0.85863994
0.4,91.14528802,0.43062264
0.5,27.38257131,1.85723762
0.6,-82.19183228,1.66103806
0.7,66.88134461,1.40886995
0.8,1.81029464,0.35681271
0.9,-28.86524108,0.15053676
1.0,-14.95175418,1.22850652
1.1,-6.66227035,0.0913017
1.14141667,-70.41501392,1.41072005
