segment,pitch,stretch
0.0,-8.32888314,1.09732397
0.1,-6.05023993,1.87088692
0.2,14.20117391,1.54181536
0.3,9.72422027,0.66469183
0.4,61.94285409,0.06080466
0.5,16.9242065,0.4761387
0.6,-73.99150176,0.98624315
0.7,-68.75802198,1.75579455
0.8,30.41524691,0.49603864
0.9,-73.26315303,1.28396811
1.0,67.07087991,1.04819189
1.1,37.63567308,1.07853657
1.14141667,72.47019106,1.51225642
