segment,pitch,stretch
0.0,-59.30427207,1.42108763
0.1,79.91145527,0.12998909
0.2,-1.5051974,1.34324907
0.3,-45.6248448,1.56989782
0.4,40.65998782,0.75541958
0.5,-87.75757377,0.95768708
0.6,92.52575954,1.70871899
0.7,-30.48325009,1.54335891
0.8,18.19454969,0.39580898
0.9,-2.58461677,1.36502039
1.0,-70.76135363,1.03896879
1.1,70.06864497,1.2657434
1.14141667,36.19538716,1.59524238
