segment,pitch,stretch
0.0,52.87711121,0.93228593
0.1,-18.25420171,0.91711051
0.2,68.04441143,0.18526145
0.3,43.0636021,1.29727066
0.4,-82.26648178,1.32533086
0.5,1.65151901,1.26645136
0.6,-5.82004213,0.44624286
0.7,15.24974529,1.16965291
0.8,-23.68240686,1.35974838
0.9,-34.12669513,0.72326773
1.0,-2.95263407,0.40120792
1.1,42.22723244,0.5927827
1.14141667,-53.1932723,0.36763071
