segment,pitch,stretch
0.0,-89.58305859,0.80447233
0.1,95.71016142,1.2315416
0.2,-76.25067702,0.79581402
0.3,45.71430986,0.12807749
0.4,78.81764019,1.16426799
0.5,-11.53782082,0.15239824
0.6,95.0488449,1.26983384
0.7,70.12761341,0.14150925
0.8,24.98475209,1.57185451
0.9,-10.43342942,1.33675596
1.0,-52.21896219,1.69336671
1.1,40.40569769,1.58228447
1.14141667,-46.90368204,0.49448614
