segment,pitch,stretch
0.0,67.95688706,1.32033802
0.1,66.58489906,1.08556824
0.2,-41.94359354,0.61415439
0.3,60.84755071,0.40512708
0.4,-30.61881203,0.06015789
0.5,-40.67842679,0.65199148
0.6,64.08569012,0.78956563
0.7,99.13880064,0.80807467
0.8,-12.83246815,0.85940772
0.9,10.70429708,1.2718336
1.0,-81.74688152,1.76451942
1.1,-91.16540139,1.6213532
1.14141667,62.13275496,0.99499193
