segment,pitch,stretch
0.0,85.83623854,1.76274874
0.1,84.10541783,0.70179858
0.2,26.42202154,1.88377086
0.3,79.07795266,0.03665049
0.4,-79.74270865,0.9425884
0.5,95.386086,1.22571827
0.6,72.0692702,0.12096615
0.7,-9.08909472,0.73907677
0.8,-4.90273931,1.49339614
0.9,5.30793597,0.96320852
1.0,-72.96309884,1.02982353
1.1,-95.33528515,1.03939041
1.14141667,-74.8568227,1.59124295
