segment,pitch,stretch
0.0,46.27127117,0.83524847
0.1,-28.27220059,1.51093282
0.2,58.81116014,1.50241499
0.3,-98.47040062,0.01285442
0.4,48.68770035,0.09363039
0.5,-52.75587797,0.0742682
0.6,9.83755623,1.06994701
0.7,-29.16056753,1.52939014
0.8,-35.7376758,1.75066919
0.9,-40.68223615,1.59580778
1.0,31.55721207,1.77099764
1.1,54.48064868,0.46612481
1.14141667,-74.45457589,1.01272754
