segment,pitch,stretch
0.0,89.54651409,0.36254109
0.1,-43.13982713,1.70389464
0.2,71.08225809,0.45266141
0.3,66.72411138,0.68695224
0.4,-4.95779125,0.40977221
0.5,13.2875092,1.79948557
0.6,-95.26212626,0.6776
0.7,94.64042379,1.02790109
0.8,26.48775337,0.46813845
0.9,-84.36990972,1.37572316
1.0,-76.89735733,0.32495597
1.1,5.2136775,0.67097563
1.14141667,50.56825865,1.70226652
