segment,pitch,stretch
0.0,-23.12360245,0.90227617
0.1,29.79054149,0.21120058
0.2,-61.88371212,0.51262885
0.3,24.4476251,1.10207476
0.4,74.62873842,0.01288431
0.5,12.37672846,0.02891067
0.6,-70.00186754,0.10282501
0.7,11.74973885,0.68270454
0.8,-80.88572625,0.50027224
0.9,66.25216979,1.17966042
1.0,-23.72864128,1.91038714
1.1,33.84760067,1.13795736
1.14141667,-62.79214688,0.6421682
