segment,pitch,stretch
0.0,-15.77794192,0.776264
0.1,20.73657668,1.05348149
0.2,5.47948765,1.31884557
0.3,-23.65899914,1.7112966
0.4,-47.44992258,1.21461339
0.5,-15.93516049,0.66481507
0.6,-89.18707981,1.81328245
0.7,-35.2776218,1.44254844
0.8,6.20395888,0.19339101
0.9,41.59707706,0.10495866
1.0,82.2331579,0.77487954
1.1,5.21006,0.35725584
1.14141667,-56.47896781,0.31922507
