segment,pitch,stretch
0.0,74.83214381,1.50126041
0.1,42.49051207,1.8548378
0.2,90.54799171,1.64493334
0.3,47.17852012,0.77650911
0.4,3.30263657,1.92047714
0.5,-34.13886535,0.71247883
0.6,-56.77243545,1.54632823
0.7,25.7362156,1.62920778
0.8,-95.08022705,1.88559191
0.9,77.23760269,0.03323224
1.0,-25.42232077,1.31228193
1.1,-29.11552135,0.75255545
1.14141667,-57.8663424,1.94026239
