segment,pitch,stretch
0.0,43.60377946,0.26826622
0.1,88.0380463,1.80635695
0.2,-1.33010118,0.58773943
0.3,2.08209637,1.08351647
0.4,-43.3510715,1.74342001
0.5,-7.89680038,0.87416801
0.6,-40.62214755,1.89288011
0.7,-97.45180065,1.97585967
0.8,-31.70925374,0.86684516
0.9,13.12341678,1.06236633
1.0,31.16574754,1.24093061
1.1,82.88920444,1.58014354
1.14141667,26.13773526,1.3395724
