segment,pitch,stretch
0.0,-65.46087388,1.12241829
0.1,63.59656018,0.33793213
0.2,54.14288835,1.19927572
0.3,22.15338449,1.19891661
0.4,9.44966108,1.16356615
0.5,62.3405883,1.8094662
0.6,35.08854145,1.21572763
0.7,90.28352707,1.20829502
0.8,32.40917648,0.2048106
0.9,45.65146214,0.15870555
1.0,26.68572675,0.85858703
1.1,-28.95615297,0.96045603
1.14141667,65.42086227,0.41262817
