segment,pitch,stretch
0.0,-48.17423645,0.77631494
0.1,70.47241533,0.30206355
0.2,-25.19523269,0.58442509
0.3,87.43097705,1.0473267
0.4,-31.8700143,1.39697119
0.5,85.54136389,1.2447418
0.6,-67.05238836,1.41470132
0.7,63.29487245,0.48396717
0.8,-91.58850078,0.48226026
0.9,-92.53289931,1.44155104
1.0,-7.51119873,1.57581197
1.1,-98.58910198,1.16160073
1.14141667,-80.10890934,0.05324504
