segment,pitch,stretch
0.0,-63.33551975,1.80292439
0.1,-76.57986439,1.19257657
0.2,-22.17813556,1.70801265
0.3,-68.90025731,0.22316488
0.4,-20.79960873,1.5813195
0.5,79.3432264,0.09042066
0.6,28.49124228,1.08370357
0.7,-51.7988221,1.08104
0.8,14.88226082,0.69564773
0.9,47.41470029,1.14902191
1.0,-31.15234452,1.78078558
1.1,50.45092822,0.72980641
1.14141667,-4.11874255,0.82846414
