segment,pitch,stretch
0.0,46.81190633,0.85502539
0.1,-55.55833329,0.73187702
0.2,-78.93236635,1.40827844
0.3,80.59595566,1.8594958
0.4,54.71021816,1.03951107
0.5,-35.95549528,0.90602699
0.6,90.04358931,0.40420579
0.7,48.97978382,0.11158967
0.8,85.35893159,1.1950669
0.9,37.71160702,0.53171982
1.0,-84.35185751,0.12056925
1.1,-45.28301264,1.01856401
1.14141667,78.04325437,1.12267397
