segment,pitch,stretch
0.0,53.78639377,1.90346106
0.1,31.41586523,0.15220772
0.2,98.80733332,0.53950268
0.3,53.44519875,0.63349693
0.4,95.61439284,0.57290588
0.5,77.20225202,0.42649721
0.6,52.03252285,1.12105265
0.7,81.26088067,0.61167248
0.8,61.75854177,1.55092745
0.9,-97.80195669,1.53777106
1.0,-30.26366105,1.41658213
1.1,17.72455957,0.75969362
1.14141667,64.44839673,0.51672597
