segment,pitch,stretch
0.0,-71.77866376,0.11874292
0.1,31.13888093,1.79573411
0.2,6.52825637,0.55389209
0.3,-35.38131695,0.66942904
0.4,93.73768065,0.69601265
0.5,19.60197895,1.68108951
0.6,-67.98715438,0.40297353
0.7,-23.21490099,0.05630634
0.8,50.97427539,0.86039262
0.9,-25.4059756,0.0495768
1.0,-40.03457553,0.37368801
1.1,-86.49108324,0.94382816
1.14141667,34.72431922,0.33429857
