segment,pitch,stretch
0.0,34.5729706,0.2054577
0.1,26.01657532,0.60416167
0.2,37.07269157,1.63766305
0.3,-23.22347025,0.71723244
0.4,-64.13013049,0.07973764
0.5,2.57534432,0.06475715
0.6,80.96855885,1.12229438
0.7,45.16795343,1.3867226
0.8,94.05586277,0.20288675
0.9,60.93553202,1.3651069
1.0,-17.26927061,0.5133209
1.1,-45.22973132,0.85689693
1.14141667,30.46797327,1.13695255
