segment,pitch,stretch
0.0,98.47852425,0.84050002
0.1,-4.76765087,1.9178096
0.2,98.99563551,1.48544664
0.3,-26.02974157,0.28338038
0.4,3.57072729,1.67118839
0.5,-27.39105802,0.9666753
0.6,-34.46329074,0.67276738
0.7,-19.61563284,1.19975177
0.8,86.50042899,0.06283499
0.9,-30.62380752,0.69763895
1.0,68.66999994,1.73674877
1.1,18.64968658,1.35552755
1.14141667,83.99037415,1.19565214
