segment,pitch,stretch
0.0,-4.65368555,1.68992553
0.1,-95.02047891,1.90989282
0.2,-46.13477508,1.32561582
0.3,44.60720678,1.43060887
0.4,-56.15470629,0.29002682
0.5,-5.62885822,1.48383664
0.6,16.04939415,0.48742164
0.7,-7.40448264,0.57849003
0.8,-49.19151668,0.03179743
0.9,-21.58992812,1.574395
1.0,97.9984375,1.21779741
1.1,-54.45281711,1.83689478
1.14141667,96.15058985,0.73963704
