segment,pitch,stretch
0.0,30.44967783,0.42165273
0.1,32.59822127,0.3238076
0.2,50.8682146,0.37913611
0.3,0.11779037,0.78724258
0.4,16.37029834,1.0594663
0.5,90.79022832,0.48377765
0.6,-75.94380669,0.29353951
0.7,34.13478403,1.31767934
0.8,-27.50152867,0.23770737
0.9,9.93495342,0.58296712
1.0,58.3619145,0.64820026
1.1,15.44979308,0.12158815
1.14141667,13.85594834,0.38899467
