segment,pitch,stretch
0.0,68.45765267,0.68906271
0.1,-8.95520239,1.35083961
0.2,44.78754761,0.86739012
0.3,48.7554288,0.74272649
0.4,41.20564236,1.27472163
0.5,74.46096489,0.69400452
0.6,-92.19481722,0.63157953
0.7,70.54554277,1.62489355
0.8,-89.98216972,1.1631817
0.9,96.36310752,1.80808524
1.0,-57.15318896,1.87485338
1.1,-15.3628732,0.63700297
1.14141667,-40.17140688,1.56626139
