segment,pitch,stretch
0.0,-52.4206548,0.67962867
0.1,-74.26891648,0.63540929
0.2,11.31126048,0.83661694
0.3,-21.61900245,1.85383119
0.4,-94.98146832,1.07036792
0.5,99.95155671,1.52468216
0.6,-88.3367002,1.55319614
0.7,-23.8710155,1.12341702
0.8,43.41576253,1.5546784
0.9,40.55887391,0.54178369
1.0,34.47455049,1.26113571
1.1,-52.8153809,1.84040785
1.14141667,-3.00855762,1.97764464
