segment,pitch,stretch
0.0,72.37800689,0.62770252
0.1,-27.48554384,0.98346343
0.2,82.62685791,0.08960606
0.3,4.6552297,0.6486922
0.4,1.0091604,0.42903693
0.5,9.77145997,0.5259433
0.6,-30.30504644,0.95437601
0.7,18.66076105,0.09270485
0.8,87.54001747,1.04155974
0.9,69.69438749,0.34754459
1.0,-86.17437313,0.73375696
1.1,50.9950292,1.64081341
1.14141667,-65.22093317,0.11736926
