segment,pitch,stretch
0.0,-0.93982829,1.18112725
0.1,-11.50989173,1.4876912
0.2,-44.36955216,1.55378385
0.3,66.25490653,0.32679305
0.4,76.3056731,0.30628123
0.5,-53.64019494,1.28210854
0.6,72.7758556,0.14420429
0.7,-38.40056364,0.03042669
0.8,-83.94600904,1.12471325
0.9,60.40561717,1.12043075
1.0,72.86364806,0.82934503
1.1,-58.86585407,1.5410961
1.14141667,-45.29061382,0.1982647
