segment,pitch,stretch
0.0,48.58834425,0.55713702
0.1,-56.64619482,0.83408519
0.2,12.72257351,0.22105139
0.3,14.57779112,1.24631237
0.4,-53.79115146,1.80108834
0.5,-9.39809755,0.10826692
0.6,67.43376648,1.35746598
0.7,-72.51273076,0.14156413
0.8,3.43276355,0.59340931
0.9,40.14425687,0.46199534
1.0,54.85231258,1.89990392
1.1,-17.29716808,0.79928212
1.14141667,36.80649937,0.04454349
