segment,pitch,stretch
0.0,31.10986402,0.17189217
0.1,-64.41627884,0.94028887
0.2,-43.97758131,0.78583956
0.3,3.5016032,0.68692804
0.4,-62.10092202,1.2060681
0.5,4.57148994,1.35623391
0.6,-39.23521385,1.63276043
0.7,-83.18001871,0.56752426
0.8,68.29182649,1.48970374
0.9,2.09327012,0.60983572
1.0,79.13559059,0.91295212
1.1,78.47171785,0.92165738
1.14141667,-28.42503843,0.42144788
