segment,pitch,stretch
0.0,-19.33050099,0.32588684
0.1,-1.29300582,1.20079268
0.2,-53.6628535,1.68961812
0.3,-26.30205028,0.18361897
0.4,-63.4363173,0.97466933
0.5,6.39307262,1.38512788
0.6,-64.6682597,0.02274579
0.7,29.77195728,0.18668815
0.8,57.14519673,0.42667984
0.9,-3.13638169,0.48752638
1.0,29.03856774,0.21358708
1.1,-14.77542226,0.34158708
1.14141667,-39.4710146,1.96821169
