segment,pitch,stretch
0.0,-31.46831625,0.96779496
0.1,18.84639346,1.41774791
0.2,44.12718857,1.52096062
0.3,-21.19371521,0.59296897
0.4,-83.99502777,1.88450285
0.5,31.96274659,0.60947739
0.6,3.8434059,0.97977899
0.7,-73.08298153,0.2168825
0.8,-30.80294266,0.70808904
0.9,9.03486453,1.28423259
1.0,-24.44144113,1.69674401
1.1,73.75082283,0.4564202
1.14141667,18.09127375,1.60035695
