segment,pitch,stretch
0.0,-75.579629,0.97237808
0.1,9.75219201,1.6900286
0.2,38.69783008,1.09971581
0.3,-44.87561604,1.9036896
0.4,-64.24815105,1.26745534
0.5,-43.14702475,1.16897207
0.6,-59.55818505,1.16309784
0.7,81.39778674,0.54291031
0.8,14.94119743,0.92960786
0.9,12.85391635,0.23724457
1.0,-75.05815793,0.52504337
1.1,15.84083523,0.12114604
1.14141667,84.82223355,0.83116482
