segment,pitch,stretch
0.0,13.84151074,1.03948831
0.1,30.89109092,0.10685141
0.2,6.32022174,1.61877291
0.3,-92.3031882,1.17088534
0.4,-1.61058663,0.66870039
0.5,-86.82183705,1.63827949
0.6,97.0175415,1.01305486
0.7,3.01255749,0.88385102
0.8,-19.28567494,0.46725667
0.9,83.26795694,0.62986207
1.0,57.309714,0.5153644
1.1,-65.06221701,0.6314328
1.14141667,36.56603197,1.91953491
