segment,pitch,stretch
0.0,-16.6650237,0.6514058
0.1,-8.50735594,0.80912236
0.2,59.74245416,1.05565194
0.3,-64.86263645,1.59567426
0.4,-59.72264617,1.49585524
0.5,-38.42409471,0.43064882
0.6,-66.71222224,0.29035008
0.7,-1.64153682,1.70426818
0.8,-58.84034728,0.82836214
0.9,24.2211282,0.71951004
1.0,2.29759393,0.36282723
1.1,-18.37494867,0.47770594
1.14141667,-14.47262819,1.04977426
