segment,pitch,stretch
0.0,-22.64377916,0.41211545
0.1,39.23109032,1.22030284
0.2,59.98257397,1.60836668
0.3,-65.49669768,0.84423089
0.4,95.44390213,0.37549497
0.5,16.36680149,0.89903376
0.6,-95.74603826,1.16761525
0.7,6.50870015,0.92946369
0.8,55.04487349,0.59809775
0.9,83.33960194,0.0823061
1.0,20.98555864,0.9055233
1.1,-86.19858113,0.76109733
1.14141667,-62.40303258,0.74455165
