segment,pitch,stretch
0.0,-56.16381434,0.35549087
0.1,55.72277359,1.33103876
0.2,-63.72861715,0.55396793
0.3,-58.21079779,1.44160278
0.4,-25.67227081,1.42625827
0.5,20.69847518,1.60864164
0.6,45.01998872,1.99235769
0.7,22.46603556,0.21682987
0.8,-17.43268178,0.03742808
0.9,58.43815332,0.39795677
1.0,-80.51432091,1.13175188
1.1,18.42694854,0.32326825
1.14141667,72.41767009,1.7503177
