segment,pitch,stretch
0.0,-20.77044182,1.43629895
0.1,26.03274788,0.14363016
0.2,44.25680739,0.99533055
0.3,54.84607734,1.58313255
0.4,-84.70319837,0.87601018
0.5,50.88930926,1.3608632
0.6,91.49561161,1.05674693
0.7,-79.27192118,0.56286184
0.8,-16.30652355,1.24047364
0.9,-46.58669152,0.80209834
1.0,92.33152656,0.198323
1.1,53.35128711,1.38035768
1.14141667,-31.95559671,0.94952553
