segment,pitch,stretch
0.0,-14.42029611,1.23408471
0.1,28.67475663,1.80811861
0.2,-10.69098094,1.85988062
0.3,-47.46593672,0.90719787
0.4,43.16156395,1.13141481
0.5,57.11143113,0.58828345
0.6,-45.28377667,0.30017759
0.7,-54.78237938,0.89395728
0.8,24.41772985,0.9701135
0.9,15.93727808,0.6057297
1.0,-26.3191602,0.62833792
1.1,-74.63017761,0.58823101
1.14141667,-25.04168119,0.87162881
