segment,pitch,stretch
0.0,-21.08309892,1.78240197
0.1,59.58252322,0.19872183
0.2,6.11237041,0.3294255
0.3,58.03369212,1.38018168
0.4,-28.03684828,1.88529857
0.5,44.29336732,0.85268849
0.6,68.51544354,1.95230834
0.7,74.11361363,1.0063729
0.8,-2.59593741,0.66346158
0.9,59.06123197,0.75463723
1.0,-53.1439491,1.27497419
1.1,-19.26569935,0.26186886
1.14141667,-83.8743413,1.40979019
