segment,pitch,stretch
0.0,34.21091053,1.13592166
0.1,-12.94242268,0.4905038
0.2,-38.75700808,0.38893826
0.3,48.08306047,1.24492594
0.4,31.71568496,0.89198724
0.5,-78.74497046,1.00913594
0.6,-55.27969049,1.48457037
0.7,-83.02012222,0.96455629
0.8,-46.98717743,0.84518
0.9,37.86593938,1.17639224
1.0,-5.78985665,1.3841566
1.1,34.38441762,1.43637848
1.14141667,-87.14259119,0.6107386
