segment,pitch,stretch
0.0,2.91012372,0.60452042
0.1,-31.38923588,0.2438657
0.2,-62.72161399,0.70395582
0.3,52.61572733,1.86925999
0.4,-26.95407512,1.03540783
0.5,63.93183967,0.90758676
0.6,-64.05494497,1.53296808
0.7,46.67808612,1.6467933
0.8,-19.68734259,1.90283938
0.9,94.09878025,0.73856415
1.0,-47.40754779,1.4477999
1.1,60.30467736,0.47618592
1.14141667,72.47412229,0.58909421
