segment,pitch,stretch
0.0,-22.48407438,0.56788331
0.1,96.20023213,0.48037084
0.2,-26.96111018,1.28513603
0.3,-4.61285821,0.47395862
0.4,-41.60418228,1.80498459
0.5,16.2616983,1.788566
0.6,40.35336686,0.45002982
0.7,-44.63732317,0.17970155
0.8,58.4442517,0.55049439
0.9,9.84257376,0.16897134
1.0,41.47094552,0.81111626
1.1,-30.9925565,1.40036405
1.14141667,23.41632399,1.37522971
