segment,pitch,stretch
0.0,-4.26084728,0.95664408
0.1,-66.22674374,1.64199905
0.2,50.59493008,0.62402053
0.3,93.97669366,1.98710423
0.4,59.96084063,0.39456056
0.5,-86.11772004,1.16329707
0.6,-2.09396449,0.57946499
0.7,-84.13135866,1.05634416
0.8,23.5667552,1.20321017
0.9,-21.96388567,0.23833217
1.0,6.84620378,0.26201816
1.1,-67.33014585,0.15969444
1.14141667,5.99974644,1.56436883
