segment,pitch,stretch
0.0,-11.74144783,1.20996667
0.1,-0.35641237,0.39351598
0.2,4.21534923,0.8276889
0.3,-32.05544241,0.43459246
0.4,-88.46473304,0.34472109
0.5,-81.48556818,1.11269407
0.6,65.45345491,1.51504069
0.7,-34.34624363,1.97532041
0.8,-19.91129378,1.15858954
0.9,-91.92174427,1.16478245
1.0,-10.81219232,1.17685042
1.1,76.35325221,1.01088448
1.14141667,76.66363562,0.00977172
