segment,pitch,stretch
0.0,-91.99726694,1.53002415
0.1,-66.79130223,0.64514092
0.2,-8.36482549,1.58667926
0.3,95.35890334,1.46230705
0.4,-20.18702894,0.54635544
0.5,43.83113564,1.9891978
0.6,-8.49792617,1.16341373
0.7,96.19657116,0.67108355
0.8,99.68717769,1.01244937
0.9,-40.51827139,1.13461177
1.0,56.21408407,1.92790356
1.1,-73.65370102,1.79484219
1.14141667,92.3588171,0.14203711
