segment,pitch,stretch
0.0,36.31722291,0.15369428
0.1,-94.67920207,0.35107133
0.2,42.58160408,0.30883861
0.3,-54.98649345,1.14457082
0.4,32.53709836,1.55797219
0.5,-47.86424121,0.58086875
0.6,17.70587277,0.73530762
0.7,46.08483785,1.67904556
0.8,-0.93592594,0.53889317
0.9,97.56864784,1.23294188
1.0,44.91248464,1.51376777
1.1,-44.8128552,0.48627874
1.14141667,25.61472821,1.53605719
