segment,pitch,stretch
0.0,81.5425699,0.93712121
0.1,-48.84484952,1.49338777
0.2,39.71151192,0.34387239
0.3,29.28112411,1.76749626
0.4,-65.26037108,0.97806384
0.5,70.68569274,1.32932034
0.6,31.94362707,1.36671189
0.7,17.61291347,0.96349
0.8,-39.1197626,0.60128096
0.9,-5.35175447,1.42042138
1.0,24.45778649,1.76902262
1.1,-46.14976355,1.00188526
1.14141667,-26.15718061,0.52918618
