segment,pitch,stretch
0.0,25.64245336,0.9376555
0.1,74.46490303,0.0194653
0.2,75.42714506,0.91939121
0.3,12.14071868,1.08230627
0.4,40.77039563,0.82408412
0.5,-20.80438468,1.20505809
0.6,-71.68231008,0.63983348
0.7,16.12247882,0.90304415
0.8,87.68485785,1.79212791
0.9,79.73964285,1.47515702
1.0,-38.91547588,1.77574617
1.1,4.83585376,0.71542026
1.14141667,27.36294356,0.90843464
