segment,pitch,stretch
0.0,-84.307761,1.73493973
0.1,-47.62124767,1.3102964
0.2,-12.79145766,0.59352597
0.3,-31.8164057,1.7032681
0.4,-8.66758057,0.18685858
0.5,-39.98987583,0.87140851
0.6,85.58862918,1.09552436
0.7,28.85356743,0.38483895
0.8,8.72964996,1.64570353
0.9,-60.08793264,1.67708663
1.0,51.79044132,0.3181758
1.1,91.281273,0.66657575
1.14141667,-82.03639439,1.25795178
