segment,pitch,stretch
0.0,9.83885445,1.49989175
0.1,-98.61163295,1.44348715
0.2,-53.0003268,1.64880248
0.3,67.55233727,0.01819088
0.4,-25.70793796,1.11963974
0.5,92.0831493,1.57052563
0.6,54.58794218,1.49268288
0.7,-99.7650473,0.54873159
0.8,38.64749518,0.90006733
0.9,80.65889942,0.38923512
1.0,6.94619559,0.33656127
1.1,36.40208287,1.29679542
1.14141667,-33.4860138,0.33566792
