segment,pitch,stretch
0.0,0.78430489,0.59169825
0.1,13.87766625,1.1288047
0.2,-53.9186669,1.52123219
0.3,-0.65622809,0.54949769
0.4,-79.12810333,0.20623394
0.5,84.24951195,1.13251054
0.6,-76.27796842,0.81791972
0.7,-35.34111523,1.23104671
0.8,11.2375659,1.83380782
0.9,58.35016227,1.80502663
1.0,-48.14486205,1.74198324
1.1,32.95340606,0.89805375
1.14141667,8.70227109,1.16860367
