segment,pitch,stretch
0.0,24.30464293,1.42157188
0.1,80.06267567,1.72679545
0.2,49.14872517,0.73959124
0.3,31.44422606,1.62606871
0.4,-22.08154628,1.12324288
0.5,-28.01893953,1.49566705
0.6,20.29474352,0.91317844
0.7,-48.19032453,0.576592
0.8,85.37090763,0.46825986
0.9,76.48288011,0.69487608
1.0,31.27306086,1.75885754
1.1,-93.83311369,0.02337565
1.14141667,62.38115445,0.25458074
