segment,pitch,stretch
0.0,54.86314065,1.81744547
0.1,-70.60670497,0.33721892
0.2,55.69352869,1.2286075
0.3,-61.47878925,0.67541423
0.4,-11.97900613,1.75778453
0.5,18.14617596,1.03239779
0.6,80.02860728,1.13159617
0.7,-44.1411094,1.06156024
0.8,-45.71218284,1.283306
0.9,63.93029421,0.64876388
1.0,-1.52565372,0.73723592
1.1,-65.11467392,1.25903075
1.14141667,11.82578627,0.35535235
