segment,pitch,stretch
0.0,-49.98964576,1.11053442
0.1,49.26689568,1.17094698
0.2,-10.28953368,1.02775787
0.3,16.98520639,0.65380655
0.4,58.69009652,0.10783944
0.5,-6.53344433,1.03413092
0.6,78.39274077,1.62007201
0.7,51.65400512,0.45017147
0.8,81.31634544,0.78466741
0.9,18.40506356,0.98426364
1.0,-53.30019586,0.15499386
1.1,-37.56666303,1.25025011
1.14141667,77.06743199,1.21854314
