segment,pitch,stretch
0.0,-40.90857257,1.48710022
0.1,-23.19940354,1.78796145
0.2,-9.74154174,0.48835371
0.3,87.19522638,1.90695857
0.4,-7.49916647,0.52976083
0.5,-95.1828161,1.55056133
0.6,-18.16824401,0.52884278
0.7,-82.50536742,1.94726977
0.8,-31.01536133,1.32231376
0.9,-10.22104565,0.62488791
1.0,-10.44065108,0.52375366
1.1,-73.85387114,0.61432095
1.14141667,-85.30185074,1.48327973
