segment,pitch,stretch
0.0,-89.5826566,1.00310862
0.1,-63.70370357,1.7781702
0.2,-14.51209822,0.53130159
0.3,5.82695505,0.05471502
0.4,-19.57946925,0.52945793
0.5,87.57565015,1.66365335
0.6,-73.1648263,1.72939253
0.7,-39.90368027,1.34794684
0.8,14.9886667,1.19439909
0.9,7.8580164,0.55204652
1.0,-2.22909138,1.59445373
1.1,-72.50653721,1.19009319
1.14141667,-11.98086269,1.9048409
