segment,pitch,stretch
0.0,-63.38951,1.14224987
0.1,-12.13737461,1.31006617
0.2,-38.21112995,0.24455102
0.3,4.18791745,0.96567526
0.4,11.17446833,1.67923755
0.5,7.29155963,0.50375972
0.6,-58.1710113,0.67632761
0.7,43.11353546,1.0182493
0.8,-94.57778997,1.87677108
0.9,-20.01521967,0.59083803
1.0,-15.40965354,1.56157441
1.1,-78.29833341,0.23424545
1.14141667,-63.95688504,1.62713208
