segment,pitch,stretch
0.0,-99.16719585,0.07261015
0.1,-58.60277486,1.67506064
0.2,1.94173857,0.06585158
0.3,-4.8835684,0.93322962
0.4,-50.9912331,0.18048067
0.5,35.53024455,0.71042268
0.6,60.94981065,1.70175741
0.7,93.30395839,1.53540352
0.8,18.66393053,0.94508122
0.9,58.02367682,1.79746277
1.0,58.08127461,0.92096106
1.1,90.75945006,1.42399223
1.14141667,22.95218732,1.53076947
