segment,pitch,stretch
0.0,-4.32286311,1.75814959
0.1,-44.33537701,1.20576492
0.2,15.78127792,1.64200762
0.3,-89.02885546,0.90394207
0.4,79.00729914,1.94318296
0.5,-35.30094338,1.3687061
0.6,62.21827851,1.17175752
0.7,-89.96956463,0.52620308
0.8,-47.13344598,1.4204562
0.9,36.11915177,0.03677736
1.0,91.92450568,0.6940855
1.1,-64.59862943,1.106084
1.14141667,-64.9632151,1.16695411
