segment,pitch,stretch
0.0,90.88397921,1.06737054
0.1,-97.74548221,0.14530111
0.2,-81.77453318,1.50560224
0.3,-60.4929378,1.01956339
0.4,14.2654909,1.222014
0.5,13.48693384,0.55664854
0.6,-78.61444355,0.94800925
0.7,52.86531268,0.50565971
0.8,17.19518197,0.02729331
0.9,-49.96848683,1.80400274
1.0,-36.06899071,0.44266383
1.1,-4.80556283,0.36556726
1.14141667,-57.10011079,0.33818106
