segment,pitch,stretch
0.0,10.28681087,1.60740148
0.1,-43.75211752,0.72460884
0.2,93.36546932,1.32214639
0.3,2.3887431,1.49726662
0.4,-88.10950584,0.25906449
0.5,1.03076455,0.40114852
0.6,91.70644974,1.59716532
0.7,47.13601313,1.6475427
0.8,-63.76738084,0.86156779
0.9,-32.68857969,0.45795952
1.0,-14.27222191,1.30527242
1.1,-46.17286194,1.82546632
1.14141667,-70.61213148,0.2766624
