segment,pitch,stretch
0.0,-94.44814465,1.01221837
0.1,-8.36271039,1.79960209
0.2,-97.87108345,1.85291705
0.3,9.38810088,0.83034956
0.4,-5.68639094,0.73814621
0.5,-56.99964644,0.06268946
0.6,-39.66675761,0.32946706
0.7,-15.03436473,0.25786145
0.8,-93.37490315,0.98424063
0.9,-8.95214025,1.23440392
1.0,-32.67851066,0.86929082
1.1,93.76301079,0.24226685
1.14141667,4.14523698,0.71121181
