segment,pitch,stretch
0.0,-11.85609202,1.94260734
0.1,96.09656475,1.15731247
0.2,-33.56747365,0.61883627
0.3,28.74577445,1.63189615
0.4,2.92872037,0.13310367
0.5,33.78274033,0.62854349
0.6,33.00019437,1.95286232
0.7,47.31284147,0.55695804
0.8,-99.16635588,0.39433406
0.9,77.81632981,0.61587688
1.0,69.4017306,1.15717027
1.1,18.2284971,0.28159614
1.14141667,-69.99810241,1.31420192
