segment,pitch,stretch
0.0,33.83974481,1.83484525
0.1,75.60927008,0.41567784
0.2,5.42570617,1.12655023
0.3,-86.49968927,1.26248076
0.4,-82.66009843,1.75908703
0.5,-7.42138801,1.52482075
0.6,22.39546771,1.87690382
0.7,-75.7468097,0.07228786
0.8,56.54879527,1.60832124
0.9,22.08965796,1.35064447
1.0,0.92889237,1.67650518
1.1,-96.09137466,1.75605442
1.14141667,-27.56610434,1.42532868
