segment,pitch,stretch
0.0,10.6062499,0.41232335
0.1,-76.99802141,1.02211306
0.2,62.62271049,1.14367437
0.3,49.75584692,1.86001892
0.4,-44.42824919,0.03497776
0.5,8.97017494,1.27001275
0.6,-88.28080052,1.49153702
0.7,-13.73778208,0.88366965
0.8,73.13104705,1.06271418
0.9,-45.97620248,0.40464318
1.0,-85.27177326,0.55194696
1.1,1.99886584,0.30087529
1.14141667,-57.73402289,1.54564481
