segment,pitch,stretch
0.0,-57.97659921,1.94039207
0.1,-91.71728242,0.30829263
0.2,91.02690479,0.17514111
0.3,-42.72191291,0.7619412
0.4,-28.25325065,1.71135998
0.5,30.1945698,0.92813146
0.6,7.69877883,1.90194283
0.7,-46.07593352,1.74442959
0.8,-87.80435324,1.1869642
0.9,26.32971056,1.46885355
1.0,-2.67986344,1.99529793
1.1,52.54862282,1.14181859
1.14141667,-37.11133974,1.37290426
