segment,pitch,stretch
0.0,-14.6621915,1.29563872
0.1,58.26484617,1.98590439
0.2,-28.18109147,0.87867447
0.3,-40.73880456,1.23089187
0.4,-82.44418112,1.09137094
0.5,21.69569036,1.30354814
0.6,-66.1415884,0.5635244
0.7,94.24119963,0.77093559
0.8,88.68830767,1.98831599
0.9,54.23873464,0.57043998
1.0,80.38497769,1.5403888
1.1,58.10558011,0.53885693
1.14141667,-78.08033462,0.32293885
