segment,pitch,stretch
0.0,-17.41639598,1.0696772
0.1,-51.05987978,1.85057485
0.2,-50.86415714,1.17092256
0.3,36.13678641,1.78310138
0.4,-44.37916814,1.56265936
0.5,-26.18268216,0.85551974
0.6,77.65644826,1.45347176
0.7,-48.15616173,1.38762172
0.8,-76.33989735,1.74923504
0.9,-14.96957066,1.36496243
1.0,41.40508421,0.66444933
1.1,-59.17997239,1.29070267
1.14141667,89.00654199,0.50298451
