segment,pitch,stretch
0.0,14.15097335,0.41697978
0.1,-32.15615978,0.82705056
0.2,0.97880502,0.21383898
0.3,62.8807323,0.34603532
0.4,14.95483835,0.81976538
0.5,-47.52261373,0.42184555
0.6,40.92949838,0.62052888
0.7,-35.15475222,0.04672478
0.8,0.88649301,0.17050367
0.9,-1.68344265,0.32486831
1.0,-73.2966165,1.96245172
1.1,0.32925838,1.95075609
1.14141667,57.70395775,1.58857603
