segment,pitch,stretch
0.0,-38.71328765,0.16851996
0.1,-13.25441968,0.90731449
0.2,68.23042526,1.02086119
0.3,-9.07899561,1.91741767
0.4,23.04374358,0.92707997
0.5,-34.50239331,0.34846439
0.6,-88.44622923,1.28024377
0.7,1.86512392,0.9406567
0.8,49.982607,0.97954408
0.9,-74.6664717,1.64343683
1.0,25.28695903,1.08233256
1.1,-11.94855431,0.01276583
1.14141667,83.46177553,0.02193146
