segment,pitch,stretch
0.0,-2.60515396,1.09825401
0.1,-69.80600128,0.40228202
0.2,-22.76975295,1.61918413
0.3,47.94644455,0.40760169
0.4,60.99924488,1.12429397
0.5,-68.16371487,1.50749112
0.6,16.07488466,0.65773223
0.7,79.50423257,1.2210919
0.8,-61.32959447,0.77742832
0.9,61.1484988,0.45497553
1.0,-89.32108127,1.00003594
1.1,87.59092513,1.38056661
1.14141667,33.6770082,0.82674617
