segment,pitch,stretch
0.0,84.62046586,1.11387354
0.1,0.55273741,0.65813446
0.2,-1.05016656,0.73416939
0.3,41.05059325,1.64191047
0.4,-23.88970434,1.21743715
0.5,18.20030305,1.19011626
0.6,-34.06427069,0.19715844
0.7,84.18138225,0.47727482
0.8,-97.87646304,0.30669802
0.9,-21.72004178,0.85053209
1.0,-28.69608989,1.49973626
1.1,15.6289629,1.59744838
1.14141667,-63.05770327,1.01279781
