segment,pitch,stretch
0.0,-14.82855427,1.76609292
0.1,6.72271479,1.92050992
0.2,20.98041557,1.73177778
0.3,-60.55291721,1.26737092
0.4,-24.10338385,0.4259994
0.5,-69.76829459,1.00032811
0.6,50.41424091,0.65568415
0.7,41.13803583,1.05912354
0.8,-66.63492444,1.41038374
0.9,32.77552682,1.87071781
1.0,-61.45161975,0.72148135
1.1,16.76057171,1.47966224
1.14141667,47.11341698,1.22067671
