segment,pitch,stretch
0.0,72.03003954,1.83410118
0.1,-23.30621714,1.9626168
0.2,-35.89141319,0.81420051
0.3,67.68024677,1.63047329
0.4,21.20717598,1.57956601
0.5,-50.70040168,1.84719914
0.6,-71.51050021,0.36709049
0.7,34.37852202,0.904759
0.8,30.83728681,1.75590546
0.9,-76.87739592,1.02149993
1.0,42.37175398,0.76391448
1.1,70.77163958,0.00404813
1.14141667,15.85245945,0.16931054
