segment,pitch,stretch
0.0,43.99848035,0.24307259
0.1,89.37964473,0.78823441
0.2,-94.11859464,1.0877562
0.3,16.69264068,1.02068891
0.4,83.58605823,1.168512
0.5,-10.46823154,0.9879619
0.6,-50.40581599,0.74539944
0.7,-34.67139943,1.04829238
0.8,-49.94222818,1.85501319
0.9,23.2883478,1.17241546
1.0,-13.68434183,0.44164046
1.1,-91.50967173,0.8250053
1.14141667,19.2925098,0.46893498
