segment,pitch,stretch
0.0,77.27405006,1.62548619
0.1,-43.62097136,0.53369976
0.2,-71.86613429,1.1787447
0.3,19.04914213,0.73142346
0.4,6.36016729,0.11699049
0.5,-8.94300712,1.84485596
0.6,-14.90453639,0.17624745
0.7,10.63507791,0.96737811
0.8,-14.71794028,1.29230424
0.9,-35.30440574,1.30925709
1.0,72.83134335,0.44296759
1.1,47.44861193,1.8318427
1.14141667,-52.80481873,1.51049724
