segment,pitch,stretch
0.0,-36.99991361,0.39103735
0.1,-56.50097299,0.52639994
0.2,-21.98377289,0.98743434
0.3,-42.03621308,1.50732894
0.4,-88.55190861,0.88822468
0.5,-46.74535713,0.3631577
0.6,39.6792949,0.09954352
0.7,23.11771823,1.92445485
0.8,-83.67169345,0.86818207
0.9,-59.64205598,0.94464096
1.0,83.70320104,1.65962345
1.1,-55.10526953,0.87989703
1.14141667,83.73638058,1.38818871
