segment,pitch,stretch
0.0,-84.32075665,0.145315
0.1,-90.17684716,0.08552736
0.2,-72.90155055,1.2667449
0.3,-65.4180474,0.89572221
0.4,-30.04110866,0.95885194
0.5,39.18281852,0.7904969
0.6,48.81909862,0.45133511
0.7,17.72071727,0.98870688
0.8,58.29409041,0.58111582
0.9,47.29598888,0.53990602
1.0,34.02381028,0.73597457
1.1,-77.84616196,0.61967524
1.14141667,40.78872619,0.80423968
