segment,pitch,stretch
0.0,91.03645015,1.97576794
0.1,-17.31714147,1.557192
0.2,-14.58014364,1.20817895
0.3,-18.9204461,0.21789238
0.4,46.57979365,1.60794008
0.5,-90.24090986,0.78145158
0.6,-0.59110837,1.16957278
0.7,-10.88951476,0.74913415
0.8,-12.64634725,0.14772287
0.9,93.12439983,1.44178523
1.0,-53.03412878,1.23628709
1.1,-32.6093433,1.71888582
1.14141667,-33.49594962,0.08672386
