segment,pitch,stretch
0.0,51.79529481,1.3540835
0.1,-44.96208288,1.67127724
0.2,-8.40336913,1.47048536
0.3,-33.79266006,1.6703547
0.4,-16.62160995,1.62049275
0.5,-47.44959741,1.23154079
0.6,35.7383964,0.29540954
0.7,75.70793439,1.03665221
0.8,-73.28364488,0.51418573
0.9,86.89485551,0.34642395
1.0,-78.42663164,1.30745758
1.1,-66.68243358,0.53814921
1.14141667,-12.30663823,0.82648066
