segment,pitch,stretch
0.0,-60.75569013,1.16892649
0.1,44.17949366,1.64447348
0.2,-36.067624,1.38345432
0.3,-54.95940224,1.06178083
0.4,48.98484611,0.43047686
0.5,-17.34659064,0.42470026
0.6,52.59755832,0.55271392
0.7,-30.51173002,1.06332536
0.8,23.61546759,1.58934229
0.9,-81.95380549,0.75323778
1.0,-11.62298582,0.05941991
1.1,-37.1929329,1.64232697
1.14141667,-35.94133053,1.35653046
