segment,pitch,stretch
0.0,-11.07319695,0.23275599
0.1,-25.71224467,1.71731214
0.2,-96.57480527,0.39984068
0.3,93.32142105,0.82158745
0.4,17.7749858,1.37135508
0.5,-73.30096507,1.36933286
0.6,-46.23339782,0.23667526
0.7,-83.63624017,0.96954284
0.8,-33.60594302,1.15800278
0.9,8.42036978,1.66574798
1.0,36.75587817,1.99186971
1.1,-32.43019278,1.21078933
1.14141667,30.15808511,1.78246496
