segment,pitch,stretch
0.0,-68.55425801,1.32878562
0.1,-12.659075,0.71563941
0.2,46.11717447,1.86195608
0.3,-3.32601783,1.5457402
0.4,37.19546204,1.42420373
0.5,18.15940432,1.40142186
0.6,-38.00714293,0.56168045
0.7,-79.44898634,1.15931683
0.8,-89.52725335,0.78633348
0.9,20.61907431,0.54003465
1.0,17.51827588,1.09725578
1.1,-0.11031039,1.17739203
1.14141667,-67.85277231,1.00093445
