segment,pitch,stretch
0.0,-27.53247214,1.49055523
0.1,-29.71209931,1.00637482
0.2,10.89159195,0.22182663
0.3,-53.06982063,1.24768056
0.4,-47.25715366,1.67932013
0.5,12.01274328,1.54412989
0.6,-35.34261671,1.68740312
0.7,38.95748155,0.25312184
0.8,83.20971937,0.49670462
0.9,-65.50939015,1.3467354
1.0,94.61096103,0.15356174
1.1,74.41841232,1.29558082
1.14141667,18.30440659,1.58223542
