segment,pitch,stretch
0.0,84.59361564,1.50422402
0.1,-5.05294376,1.63237531
0.2,-52.76925695,0.92311673
0.3,95.09060688,0.72610966
0.4,86.20023919,0.88263608
0.5,-52.82326173,1.78907897
0.6,10.63524361,0.7019144
0.7,-21.15639044,1.65387907
0.8,30.98152688,1.28867146
0.9,65.47260644,0.50792946
1.0,-26.92121505,0.69200465
1.1,75.50063725,1.50293457
1.14141667,65.89618527,1.08742184
