segment,pitch,stretch
0.0,-11.10232423,1.74915461
0.1,69.97508857,0.91469854
0.2,-17.59807726,0.9345582
0.3,-25.98084737,1.8424865
0.4,-50.44930898,1.64628382
0.5,-45.94995514,0.39858154
0.6,8.45642555,0.5325837
0.7,-18.86865245,0.60517523
0.8,-10.10667513,1.05318778
0.9,75.64025007,0.58073606
1.0,-5.73955185,0.8475124
1.1,-69.83982299,0.92219594
1.14141667,56.51270029,1.33552317
