segment,pitch,stretch
0.0,85.06863742,1.43800555
0.1,68.65637618,1.1319261
0.2,-64.93166306,1.31376129
0.3,9.02094246,1.44469297
0.4,30.21577577,0.25926005
0.5,-45.55013979,1.97890068
0.6,-22.45894718,0.76035239
0.7,-22.03690569,0.26797463
0.8,-72.74256114,0.09379237
0.9,79.55542456,1.21622186
1.0,3.37293032,0.59723312
1.1,-26.61524733,1.86545966
1.14141667,-12.67054895,1.32223551
