segment,pitch,stretch
0.0,-2.67893581,1.74350248
0.1,-86.66912791,1.24019067
0.2,13.19664365,1.00107396
0.3,21.91008155,1.28680607
0.4,45.19898324,0.62507084
0.5,-61.98176128,0.85364819
0.6,-32.0210955,0.7136194
0.7,-56.67296374,0.47996765
0.8,-69.82955016,1.02040943
0.9,71.11041844,1.48734385
1.0,-91.16742521,1.67065693
1.1,-50.98363321,0.14001191
1.14141667,10.7461397,0.38979864
