segment,pitch,stretch
0.0,-17.43290113,1.16678301
0.1,-75.13063007,0.91554507
0.2,21.04236254,0.06135462
0.3,72.8638134,1.76394003
0.4,-64.71622609,0.62597265
0.5,38.46531761,1.09057474
0.6,16.71176919,1.39570294
0.7,-79.68428787,1.76893105
0.8,-11.06096096,1.4722675
0.9,92.10217905,0.23544571
1.0,-37.60449635,1.24526823
1.1,-59.94541406,1.52804518
1.14141667,51.49701243,1.57997297
