segment,pitch,stretch
0.0,-81.48040782,1.72278374
0.1,-17.45889889,1.09467419
0.2,30.94703124,1.89284567
0.3,-59.31638088,0.06467182
0.4,32.31952964,1.7986491
0.5,-76.80935002,0.95859736
0.6,-98.7037282,1.28356637
0.7,-37.18293781,0.02342821
0.8,-12.0929561,0.57090294
0.9,70.86110412,0.54405877
1.0,-41.4148751,0.67180302
1.1,34.56454139,1.24764987
1.14141667,-8.86405782,0.56589089
