segment,pitch,stretch
0.0,18.62194101,1.74719476
0.1,-41.76587146,1.66560927
0.2,-89.0319753,0.63204019
0.3,-9.29393358,1.85189237
0.4,4.87685639,1.63232166
0.5,55.48582026,0.52529496
0.6,68.06270027,0.12234138
0.7,73.37283609,0.34795173
0.8,87.54245383,1.84655651
0.9,-36.95251774,1.60281613
1.0,15.0077511,0.17639531
1.1,1.73751708,1.90986938
1.14141667,-26.35169503,1.88890826
