segment,pitch,stretch
0.0,-59.91817448,1.41028743
0.1,-76.78104066,0.39402833
0.2,-24.57474892,0.55524153
0.3,14.52282821,1.28540182
0.4,-74.78142886,1.3039233
0.5,92.44025007,1.14426098
0.6,-62.83388566,0.89085824
0.7,-12.86689319,1.12937419
0.8,-56.0210738,1.6719433
0.9,16.50496054,0.74095539
1.0,26.27464012,1.24119924
1.1,-25.91156451,0.75010555
1.14141667,79.12845204,0.55605734
