segment,pitch,stretch
0.0,-34.99893626,0.24780466
0.1,48.640299,0.78115806
0.2,-57.42841669,1.37585032
0.3,60.50968511,0.92953153
0.4,-16.79285222,0.90158135
0.5,60.38921633,0.72778572
0.6,-84.32894633,0.70075297
0.7,11.89646917,1.80773832
0.8,-7.26468354,0.52873591
0.9,-6.03013543,1.2475782
1.0,-88.08456303,0.19931311
1.1,-59.96415131,0.87770786
1.14141667,-30.34186044,1.71975325
