segment,pitch,stretch
0.0,-17.38025619,1.73327214
0.1,-19.07620661,0.89289922
0.2,86.46381691,1.96255145
0.3,43.70120355,0.81680833
0.4,51.14481307,0.47713757
0.5,-82.44211059,0.6602306
0.6,-70.79413604,0.62785035
0.7,82.20250901,1.08845655
0.8,32.28810594,1.84516423
0.9,96.83082958,1.6910223
1.0,-89.86154654,1.72477601
1.1,76.92233823,0.65480949
1.14141667,4.44348411,0.96028491
