segment,pitch,stretch
0.0,-0.93889544,1.28603939
0.1,90.07982384,1.96490125
0.2,22.28999256,0.30855118
0.3,-70.55357194,1.81394373
0.4,-39.36048444,1.50076133
0.5,80.72578613,0.90391841
0.6,-38.29184104,0.70323297
0.7,80.58102018,1.65396101
0.8,72.71158308,0.93078739
0.9,-45.84185553,0.5298796
1.0,43.65872365,1.25026146
1.1,70.34512494,1.14846561
1.14141667,-74.99468932,1.91922666
