segment,pitch,stretch
0.0,-30.40503815,0.97309277
0.1,-73.80672172,0.09917697
0.2,-36.51057578,0.40810289
0.3,84.77586281,0.6490206
0.4,69.56142823,0.7557536
0.5,-93.57366391,1.89454364
0.6,11.39788525,0.22314731
0.7,95.44252278,0.84063593
0.8,-21.39471032,0.38261638
0.9,87.01309218,0.62114466
1.0,20.85130451,1.40845464
1.1,9.25388752,1.00026074
1.14141667,82.17356025,0.21527578
