segment,pitch,stretch
0.0,33.60636133,1.03422818
0.1,28.32505989,0.27134212
0.2,6.84878966,0.81254045
0.3,1.62925135,1.53264239
0.4,6.79149524,0.20675282
0.5,-99.23050369,1.63728817
0.6,-8.74190219,1.02628114
0.7,-66.40036877,1.14617269
0.8,11.35961345,1.64918993
0.9,61.07242385,0.64370947
1.0,40.94049127,0.90766668
1.1,0.31731975,0.4362808
1.14141667,25.56156842,0.90441355
