segment,pitch,stretch
0.0,16.77547757,1.57552779
0.1,17.23505451,0.79968926
0.2,81.55975147,0.97870808
0.3,66.33872026,1.32218964
0.4,33.03818018,1.91491421
0.5,-27.31689891,1.55764182
0.6,23.16804454,1.56469583
0.7,-22.15418729,0.99557265
0.8,17.55346965,0.5982603
0.9,-25.58605951,0.02411044
1.0,-85.31796448,0.77366774
1.1,-83.45042571,0.9088508
1.14141667,12.63282515,1.14991204
