segment,pitch,stretch
0.0,-33.88555531,1.11589725
0.1,71.92894641,0.80059135
0.2,64.82929836,0.6318354
0.3,-33.92739853,0.48807304
0.4,-43.25869273,0.80324427
0.5,76.89079386,1.18318732
0.6,-80.80633728,1.45558511
0.7,4.75302297,0.27087293
0.8,-86.00000744,1.0217471
0.9,71.24913445,0.8367734
1.0,-94.19298966,1.70536392
1.1,14.29918974,0.27508493
1.14141667,71.453037,1.07065761
