segment,pitch,stretch
0.0,36.17630989,1.30255272
0.1,14.66761443,0.32896771
0.2,-38.42754405,1.71559629
0.3,-13.35310679,0.63050452
0.4,26.57810187,0.36223899
0.5,28.67841296,1.65127257
0.6,22.87282504,0.67205642
0.7,-73.37852096,0.93955545
0.8,-41.71162889,1.15247084
0.9,-14.22920007,1.35681846
1.0,-28.00054225,0.73658188
1.1,-65.6003802,0.24655426
1.14141667,32.63192122,0.38371321
