segment,pitch,stretch
0.0,-58.28277896,0.8421425
0.1,27.14985146,1.1142144
0.2,94.7720972,0.32042823
0.3,-42.41115059,0.61933591
0.4,46.08048688,1.24952748
0.5,-33.77336262,0.88755445
0.6,-35.16914873,1.04604302
0.7,-11.94165971,0.17861538
0.8,-20.31759637,1.00371171
0.9,-53.92015861,0.12895237
1.0,-72.61626973,0.96808113
1.1,40.14826696,0.46056741
1.14141667,-59.3404278,0.41198006
