segment,pitch,stretch
0.0,88.86072846,0.49259138
0.1,-92.30784176,1.03565122
0.2,82.47612196,1.68879094
0.3,57.0914166,0.15996054
0.4,66.45676368,0.58460838
0.5,72.19100472,1.83489212
0.6,35.35255388,0.91773079
0.7,-77.76741336,1.18228681
0.8,54.34179283,1.82634316
0.9,-68.94607686,1.45479271
1.0,31.97810202,1.70391198
1.1,-11.94966658,1.08327525
1.14141667,53.65953482,1.25779548
