segment,pitch,stretch
0.0,5.90730738,0.22530641
0.1,20.95549988,0.6742477
0.2,10.39827044,1.43871072
0.3,-37.75669253,1.70419916
0.4,-49.22667344,1.47532653
0.5,93.16977427,0.37116111
0.6,-41.75153683,1.12986992
0.7,76.29351329,1.77142708
0.8,-83.23951468,1.06487534
0.9,79.19877778,0.07393278
1.0,-79.96280606,0.93112082
1.1,-35.90278779,0.20805406
1.14141667,-47.06382287,0.24056538
