segment,pitch,stretch
0.0,-22.8295336,0.98939774
0.1,14.33636562,0.78908761
0.2,-32.76172213,0.51317007
0.3,-7.88397719,0.37283333
0.4,51.92763564,1.97840198
0.5,-54.54324827,0.56612573
0.6,70.56273054,0.83954762
0.7,-69.25364705,1.0329173
0.8,-88.09425491,0.5192872
0.9,14.9037885,1.44412419
1.0,-87.04528153,0.95474057
1.1,18.00160319,1.86178802
1.14141667,52.36923677,1.07082912
