segment,pitch,stretch
0.0,-7.61871603,1.34607476
0.1,34.71331069,1.71757152
0.2,55.79384499,1.76223693
0.3,23.25377101,0.89332745
0.4,77.34286394,0.6099967
0.5,3.92318715,1.94047269
0.6,98.08340608,1.62942383
0.7,-24.38130769,1.25566232
0.8,35.62412421,1.87414585
0.9,53.54170068,0.07787487
1.0,40.87834808,0.93409185
1.1,98.4604717,1.5263652
1.14141667,75.71752154,0.309992
