segment,pitch,stretch
0.0,-70.27206827,0.12235794
0.1,79.03184004,1.66668596
0.2,-7.45610831,1.56236788
0.3,-37.5952025,0.48577393
0.4,67.58070924,1.30880337
0.5,33.5013186,1.46959025
0.6,-12.38920111,0.79712868
0.7,60.45977081,0.82183766
0.8,4.82144721,0.50261658
0.9,48.33539146,0.33988811
1.0,-97.26495544,0.3335818
1.1,7.9684304,1.49826501
1.14141667,4.54337772,0.3985417
