segment,pitch,stretch
0.0,-64.34245078,0.17219181
0.1,36.64819292,0.49943741
0.2,94.39930996,1.4050061
0.3,-83.22796631,0.74775149
0.4,-63.44049695,0.98675799
0.5,-21.86417372,0.11455054
0.6,-52.40579631,1.43554655
0.7,52.60731432,0.71254102
0.8,82.26732634,0.77312084
0.9,-66.56660682,0.00594099
1.0,93.91460513,0.65440972
1.1,-23.42883906,1.76783286
1.14141667,-61.50549834,1.41039415
