segment,pitch,stretch
0.0,-88.7641604,0.39961666
0.1,38.97629482,1.26870127
0.2,12.50030117,0.32037944
0.3,56.00968509,0.09730503
0.4,-31.24455859,0.78902453
0.5,-72.55550381,0.78590924
0.6,35.98414257,0.44916275
0.7,72.57136852,0.40242325
0.8,-11.32934593,0.33933548
0.9,-46.40511645,0.56145484
1.0,-68.71252184,0.26747814
1.1,75.69788429,0.93231975
1.14141667,88.08833091,1.15525068
