segment,pitch,stretch
0.0,31.61059752,1.42310817
0.1,-20.95390516,1.52633282
0.2,91.80675495,1.22938312
0.3,67.5510561,1.26382278
0.4,-93.71218293,1.53091844
0.5,45.32858601,0.15378173
0.6,84.27621414,0.48106393
0.7,28.03701536,1.79415704
0.8,-71.05958582,1.6034925
0.9,-23.72094953,1.30852528
1.0,18.29479384,0.76895664
1.1,-12.82863724,0.54165009
1.14141667,67.22118203,0.4698946
