segment,pitch,stretch
0.0,41.36913714,0.22040484
0.1,72.10514789,0.8989972
0.2,71.35003336,1.76242083
0.3,-23.14792258,0.31381105
0.4,-85.60943665,0.12343581
0.5,-13.44621845,1.50784173
0.6,-19.94134835,1.19613994
0.7,58.19403594,0.37137686
0.8,-62.37820211,0.57613605
0.9,21.65239657,1.01997302
1.0,13.26561889,1.29543853
1.1,-51.9211494,1.97443987
1.14141667,4.66038509,0.87800509
