segment,pitch,stretch
0.0,1.04510533,0.92814717
0.1,-54.71607785,1.37673784
0.2,-15.62192799,0.84416681
0.3,-31.39521639,0.56331598
0.4,-39.86237208,0.13012768
0.5,-33.06705718,1.45624611
0.6,38.31296912,0.07712615
0.7,-38.22378525,1.36163175
0.8,-32.53841006,0.57980786
0.9,38.86771113,1.82011994
1.0,36.94226883,0.03072122
1.1,-62.32952296,0.83108294
1.14141667,31.53164314,1.86271027
