segment,pitch,stretch
0.0,72.99223977,1.02241682
0.1,41.57940993,0.9465754
0.2,67.06048677,0.64915766
0.3,-5.02147455,1.58052124
0.4,9.35505141,0.61188269
0.5,-95.44742745,0.05363048
0.6,-38.02184142,1.12742296
0.7,49.17491426,0.50171031
0.8,16.46716684,0.61367002
0.9,-84.30790102,0.71351628
1.0,-10.41765428,0.56964317
1.1,5.6201408,0.47945544
1.14141667,-44.40394436,1.82118938
