segment,pitch,stretch
0.0,95.05431398,1.00672117
0.1,-50.91948374,1.2078676
0.2,-96.19003488,0.52929109
0.3,18.2865052,0.91699778
0.4,82.99950242,1.03241308
0.5,-73.16931859,0.96861979
0.6,-92.19935445,0.78229621
0.7,-41.25216255,0.77834766
0.8,53.29969886,1.29970854
0.9,-22.90498979,0.81166191
1.0,8.87722078,1.87816594
1.1,88.28753975,0.91860342
1.14141667,51.67559791,1.07977803
