segment,pitch,stretch
0.0,-18.98003998,1.97060018
0.1,1.56976446,1.58088169
0.2,-51.96309591,0.99210399
0.3,-32.78859188,1.78072811
0.4,-95.94778971,1.41176375
0.5,-11.78332853,1.55874985
0.6,-10.35049824,1.36913047
0.7,53.73969009,0.4263867
0.8,1.94738184,0.39920947
0.9,99.67224387,0.77245074
1.0,-21.02452642,1.01720092
1.1,31.82099625,0.36356833
1.14141667,-23.69460156,1.1771893
