segment,pitch,stretch
0.0,26.66622304,1.24018819
0.1,44.7756476,0.12283153
0.2,-11.3520596,0.97062851
0.3,-4.87681606,1.26015405
0.4,-42.57857896,1.61652027
0.5,67.17876782,0.83922535
0.6,-3.30215246,0.38120587
0.7,-9.17249919,0.02314929
0.8,29.45097785,1.31693882
0.9,-60.52095677,1.24941809
1.0,96.53383837,1.21139656
1.1,84.89885576,0.90389111
1.14141667,70.14672622,1.73450765
