segment,pitch,stretch
0.0,60.33474426,0.98524205
0.1,38.93323401,0.78117712
0.2,81.82892201,0.61752243
0.3,-5.35389096,0.38397535
0.4,45.79202167,0.60652717
0.5,20.55887317,1.09559489
0.6,-5.88389044,0.26955055
0.7,6.48301447,0.35792528
0.8,-23.77186576,1.46618843
0.9,60.18530023,1.78162027
1.0,-12.64152594,0.37213787
1.1,-31.65464666,1.38195712
1.14141667,-84.45306184,1.42802916
