segment,pitch,stretch
0.0,-3.23073543,0.36346463
0.1,12.95388382,0.76986808
0.2,-81.94464558,1.34448265
0.3,-49.94767422,0.75161854
0.4,55.78567477,0.06445757
0.5,79.02111133,1.86844951
0.6,-5.77186949,0.16436936
0.7,53.00308605,0.4200212
0.8,58.82898183,0.54306015
0.9,46.90110707,0.49338547
1.0,27.42439554,1.57738821
1.1,-19.01601979,1.23039294
1.14141667,63.4895526,1.7787343
