segment,pitch,stretch
0.0,-8.67519004,0.05511238
0.1,92.32686685,0.5303996
0.2,-90.11400299,1.12381403
0.3,-70.26652749,0.96995279
0.4,90.1952046,1.443926
0.5,-18.57411381,0.7152831
0.6,87.02651396,1.98165732
0.7,74.95745067,1.64696502
0.8,-76.86566846,0.33650489
0.9,-17.37300567,0.64053091
1.0,66.02082776,1.69815657
1.1,74.04162453,1.28891834
1.14141667,30.79891374,1.86060704
