segment,pitch,stretch
0.0,64.06874479,0.37081399
0.1,67.24749785,1.64753425
0.2,-83.39889731,1.0417432
0.3,-39.1013623,1.83525457
0.4,38.3828838,1.31000254
0.5,-52.89149747,1.65070548
0.6,-34.12545828,0.56176414
0.7,-89.61138442,1.02392424
0.8,88.76481388,0.4527214
0.9,57.94553649,0.03856416
1.0,-30.52453111,1.82909297
1.1,6.61582204,0.65416969
1.14141667,59.70206216,1.22488916
