segment,pitch,stretch
0.0,34.41371414,1.9791919
0.1,14.80466577,1.83037093
0.2,74.3043598,0.40593576
0.3,-77.13621083,1.74575453
0.4,70.32500444,0.26577505
0.5,34.75569951,0.70202735
0.6,80.57354741,0.39412162
0.7,15.56334688,0.9711471
0.8,85.58814621,1.79720256
0.9,38.60264584,1.09938166
1.0,-2.86267761,0.83455272
1.1,79.56587881,0.64213106
1.14141667,-84.62804294,1.19502277
