segment,pitch,stretch
0.0,25.7464911,0.06694524
0.1,87.20203986,0.46077619
0.2,-50.39394843,0.31765056
0.3,25.74193782,1.59141486
0.4,-54.44783211,1.96325213
0.5,90.0512119,1.28413586
0.6,5.68380106,0.29715599
0.7,-25.02380081,0.87811315
0.8,38.66759697,0.78303972
0.9,81.62641489,0.28172983
1.0,-24.74806571,1.81446766
1.1,-67.37189758,1.67994295
1.14141667,-53.83275741,1.25768325
