segment,pitch,stretch
0.0,60.2084808,0.86559925
0.1,33.79766745,1.55064503
0.2,-67.19130294,1.44078258
0.3,-89.07860563,1.18134184
0.4,55.46525036,1.70386756
0.5,-26.3415238,0.52002409
0.6,51.34404516,1.32158866
0.7,-29.32821096,1.15452897
0.8,50.27991968,0.19271394
0.9,-10.43676988,1.46688151
1.0,5.00839112,0.5650028
1.1,24.89196533,0.4009333
1.14141667,1.54565791,0.66216287
