segment,pitch,stretch
0.0,-66.3779675,0.86684132
0.1,-28.5421502,1.72332505
0.2,-22.9147671,0.74533207
0.3,-34.94019935,1.21813987
0.4,61.86884539,0.71103664
0.5,83.64566059,1.29376765
0.6,60.86992569,0.25389428
0.7,58.69542131,0.35914306
0.8,77.06906169,1.18469319
0.9,38.59306526,1.47090381
1.0,-51.51466241,0.74483344
1.1,-83.23936541,1.04145333
1.14141667,-22.89699687,1.32310488
