segment,pitch,stretch
0.0,43.59768472,0.75883139
0.1,5.27615481,0.68857604
0.2,-44.61195544,1.03649149
0.3,-76.96509144,1.25844465
0.4,-32.44980634,0.35823479
0.5,70.43396506,1.36921243
0.6,-38.3254351,1.21356569
0.7,52.08578881,0.98986047
0.8,-28.17308576,1.9051095
0.9,-10.89832162,1.35815009
1.0,75.90492901,1.54610858
1.1,18.84686186,1.77017923
1.14141667,-70.82963066,1.1558003
