segment,pitch,stretch
0.0,57.8432984,1.89318731
0.1,70.4555337,1.32239381
0.2,-91.9906274,1.51459028
0.3,10.762767,0.85876673
0.4,-7.4001704,0.55407005
0.5,40.7751849,0.14412382
0.6,5.24518169,1.84027889
0.7,16.3081452,0.23745334
0.8,34.4430788,1.6316856
0.9,-61.4074175,1.07108834
1.0,-29.1313338,0.46005232
1.1,-80.3889644,0.50966126
1.14141667,0.0737703972,0.5166272
