segment,pitch,stretch
0.0,41.87992751,0.15859946
0.1,50.01429837,0.0345307
0.2,78.41281703,1.61149795
0.3,70.942707,0.93558847
0.4,6.43514776,0.85490183
0.5,81.12101614,1.46257569
0.6,-70.01679423,0.3355041
0.7,46.72667831,1.1796592
0.8,-54.13188201,0.85418156
0.9,-63.1082098,1.72427487
1.0,9.65318656,1.58200109
1.1,-4.6968319,0.07311123
1.14141667,-73.64232026,1.36717067
