segment,pitch,stretch
0.0,13.4877762,1.49229311
0.1,-72.71286041,0.38255489
0.2,25.25285257,1.8939445
0.3,-18.45415803,1.35404975
0.4,-57.71656378,1.2879641
0.5,-73.49162441,1.75487552
0.6,-1.85504026,0.89488389
0.7,-87.1412738,0.66012514
0.8,-35.96348726,0.42860271
0.9,-95.42427093,0.95081491
1.0,-14.54067517,1.48593936
1.1,-75.28735124,0.17038498
1.14141667,-11.45770391,1.04908179
