segment,pitch,stretch
0.0,-89.50101467,1.67740663
0.1,-82.78687698,1.50626995
0.2,-41.64789476,0.25237326
0.3,-56.19351183,0.46519309
0.4,-32.72606631,1.32327819
0.5,-24.9923926,0.98582586
0.6,29.61438439,0.41062286
0.7,44.94046319,0.85370095
0.8,-97.22263443,0.70305009
0.9,1.45082334,1.831208
1.0,-5.82604962,1.1101714
1.1,95.81487386,0.61453497
1.14141667,-91.26895404,1.16560772
