segment,pitch,stretch
0.0,12.71352542,1.95653793
0.1,-51.14532839,0.17041659
0.2,81.02604724,0.4421366
0.3,-13.46587663,0.0592036
0.4,65.75240794,0.23397067
0.5,7.20435309,0.08731653
0.6,14.75981975,0.00308342
0.7,-19.14841244,1.15000304
0.8,80.51273253,1.41865084
0.9,-14.36108603,1.30569353
1.0,-1.28463364,1.07408693
1.1,-80.06594385,1.69135614
1.14141667,3.50926186,0.25602014
