segment,pitch,stretch
0.0,47.06287253,0.66108
0.1,-3.58159028,1.76438723
0.2,-40.8693055,1.27982498
0.3,-80.8752163,1.02482856
0.4,-29.67084936,1.23928714
0.5,-16.09636873,0.03289303
0.6,28.46658229,1.30220706
0.7,4.2007743,0.00879255
0.8,22.24117317,1.14421532
0.9,33.5185267,1.29113643
1.0,-45.71589409,0.21462711
1.1,-31.5800077,0.76658856
1.14141667,-68.85261891,0.02669372
