segment,pitch,stretch
0.0,-71.08712623,1.33736288
0.1,-49.92646511,0.34849057
0.2,49.72011339,0.22755657
0.3,80.70216706,1.38027604
0.4,-10.67313958,1.07804975
0.5,50.75410164,0.09665885
0.6,-88.83491773,1.28310275
0.7,-85.10586005,0.52119628
0.8,11.40836745,0.61622514
0.9,48.08958444,1.83244373
1.0,-70.48795801,0.04417742
1.1,-24.70863307,0.58765792
1.14141667,15.64302591,0.99188341
