segment,pitch,stretch
0.0,95.90344611,0.85575765
0.1,-24.72262082,0.99109068
0.2,59.37227344,0.51789898
0.3,-27.1741591,0.15135155
0.4,45.66784268,0.88454916
0.5,-18.42560325,0.71216205
0.6,22.13445338,0.59963982
0.7,66.94076888,1.6442642
0.8,57.76397855,1.16580862
0.9,-44.74008532,0.14338442
1.0,2.87251243,1.85438603
1.1,-46.16839405,1.87453004
1.14141667,-2.68285776,0.8079694
