segment,pitch,stretch
0.0,13.09525802,1.99053131
0.1,-30.73655165,0.8293688
0.2,-41.41787841,1.36131847
0.3,-27.41607462,0.38116236
0.4,65.96264987,0.42669187
0.5,-12.5205808,0.21770013
0.6,23.42963683,0.18330203
0.7,17.17324325,0.90437628
0.8,50.15361308,0.95975331
0.9,-38.8739224,1.62391323
1.0,89.36825946,1.55285479
1.1,-15.68002415,1.85322211
1.14141667,48.64961952,1.01370759
