segment,pitch,stretch
0.0,-11.62176844,1.49355087
0.1,-97.15527311,0.51193857
0.2,23.7219884,1.25947895
0.3,-11.13047804,0.53809601
0.4,98.59989814,0.21415281
0.5,10.92949536,1.62896015
0.6,-8.2334005,0.06342806
0.7,-68.9383701,0.5262516
0.8,64.82847107,1.37854903
0.9,-91.99415487,0.72263695
1.0,-52.64833553,0.97240938
1.1,47.97880576,0.44825995
1.14141667,-73.02936526,1.11879983
