segment,pitch,stretch
0.0,10.43178466,1.89098856
0.1,-75.57732343,0.88225364
0.2,-79.9984004,1.40828341
0.3,-23.89370941,0.63630366
0.4,-24.91740709,0.31117059
0.5,28.23809714,1.08327735
0.6,-15.61716278,1.27092868
0.7,-62.40350541,0.70647763
0.8,-39.77903393,1.45549655
0.9,1.04100207,1.46115448
1.0,-20.98701574,0.36927117
1.1,32.97936055,0.81149362
1.14141667,97.71142149,1.6764649
