segment,pitch,stretch
0.0,-52.53289143,0.42248422
0.1,-41.80176958,1.03050206
0.2,3.72170139,0.31111333
0.3,-31.81405271,0.62895415
0.4,20.38465129,0.7164794
0.5,-74.58331207,1.22207314
0.6,55.77574349,0.23208486
0.7,-22.51086967,0.21961927
0.8,26.26002623,1.78719283
0.9,12.58416669,1.26015455
1.0,-12.30572558,0.15338113
1.1,64.28435908,0.40231788
1.14141667,-52.09495809,0.89140011
