segment,pitch,stretch
0.0,-28.81572037,1.30386384
0.1,-19.51196233,0.74133432
0.2,25.83374801,1.49671777
0.3,-10.48765522,1.87945415
0.4,-3.03759246,0.36986056
0.5,79.90675805,1.80845695
0.6,76.74926762,0.51895627
0.7,-44.25171618,1.19430918
0.8,59.06100345,1.35945592
0.9,-88.17253703,1.80478973
1.0,54.60174578,1.51186698
1.1,-90.51260514,1.71055133
1.14141667,-51.25820416,1.7934624
