segment,pitch,stretch
0.0,17.56598639,1.12956977
0.1,76.92128936,1.00648851
0.2,-58.20509392,0.97784502
0.3,83.85101429,1.32502708
0.4,-30.03153984,1.31992976
0.5,65.65347409,1.69425093
0.6,-31.19085718,0.83891868
0.7,13.20607402,0.55122583
0.8,67.80059658,1.89433213
0.9,-60.97564656,0.44162944
1.0,-20.93273173,1.30621231
1.1,9.82776434,1.40358407
1.14141667,-83.18360608,0.62868818
