segment,pitch,stretch
0.0,-19.00823309,0.61729131
0.1,-20.01708078,1.01940371
0.2,-59.01936034,1.15362396
0.3,89.73735508,1.64179084
0.4,62.13320779,0.75224656
0.5,52.97479545,1.16586274
0.6,-6.74329887,0.01386647
0.7,27.2712617,0.58835344
0.8,-73.55107905,0.56225182
0.9,-71.0486175,1.16946431
1.0,19.59643173,0.84473904
1.1,54.76394447,1.10005173
1.14141667,-39.43230923,0.72757016
