segment,pitch,stretch
0.0,-71.55402429,0.5785157
0.1,56.29343934,1.90036265
0.2,20.79261224,1.44471121
0.3,-90.11025679,1.565227
0.4,6.70427818,0.33054676
0.5,6.61311772,1.03998894
0.6,12.56869907,1.28428477
0.7,12.55137567,1.1424972
0.8,-95.46150143,0.50274776
0.9,49.81790086,1.25594358
1.0,16.6905365,1.98482543
1.1,-37.04715418,0.15414972
1.14141667,50.55014442,1.03942219
