segment,pitch,stretch
0.0,-9.50766831,1.22883205
0.1,42.93423473,1.97283167
0.2,-35.25099644,0.2630832
0.3,-21.12424967,1.57587361
0.4,88.8263871,1.57260938
0.5,-40.0858464,1.32200512
0.6,47.86966009,0.7357165
0.7,4.01017738,0.40421915
0.8,39.64619026,0.89504993
0.9,-44.5526031,1.47670046
1.0,99.06586971,0.22243202
1.1,-77.88778656,0.95591191
1.14141667,-50.98752312,0.35484095
