segment,pitch,stretch
0.0,47.1860399,1.33803609
0.1,-96.06014479,0.47296881
0.2,-81.77505762,0.09802014
0.3,35.16188142,0.2417997
0.4,95.26049293,0.91420719
0.5,-89.00178187,0.06740769
0.6,-22.334568,1.13982749
0.7,-38.7408441,1.6854513
0.8,-9.79495772,1.43854832
0.9,-2.0016606,0.94209986
1.0,-3.52855837,0.49469701
1.1,27.22191873,0.27592944
1.14141667,-19.56542136,0.89824845
