segment,pitch,stretch
0.0,-49.14718886,0.39494833
0.1,-40.83830255,1.11469071
0.2,-50.11270538,1.45079191
0.3,-9.39281425,1.42143537
0.4,32.70333526,0.63727406
0.5,30.26185855,1.95529652
0.6,50.24643648,1.27379672
0.7,20.1372188,0.99071874
0.8,8.99982871,1.53456964
0.9,-50.5310939,0.13541683
1.0,43.59766176,0.68811152
1.1,9.63593845,1.74660873
1.14141667,65.38682914,1.18702659
