segment,pitch,stretch
0.0,-17.64526742,1.40873737
0.1,-25.98877449,1.52012132
0.2,-66.10832937,0.61506303
0.3,-88.51094871,0.08867208
0.4,91.07890977,1.21823938
0.5,-13.92008987,1.56249666
0.6,54.75941796,0.75412867
0.7,-4.58518353,1.52143423
0.8,11.45557139,0.77508155
0.9,5.18176205,0.32822579
1.0,-87.80596671,1.53825627
1.1,79.86083704,0.27496503
1.14141667,17.65085073,1.00153669
