segment,pitch,stretch
0.0,23.18820736,0.75158349
0.1,-2.07958128,0.71454604
0.2,-48.02591884,1.54456255
0.3,38.59927327,1.20944344
0.4,-86.07746365,0.78904319
0.5,-70.90704765,0.83495851
0.6,9.89404779,1.17214468
0.7,-7.32021634,0.33508719
0.8,-83.58554005,1.87108409
0.9,47.48195997,0.79690586
1.0,-68.72637468,0.98942151
1.1,-14.54172487,1.50469392
1.14141667,-5.31366148,0.42081668
