segment,pitch,stretch
0.0,88.22307588,1.89855189
0.1,57.26575683,1.27116008
0.2,25.52563425,1.59337458
0.3,-25.05527829,0.76927451
0.4,-99.71798475,1.24054911
0.5,-43.38981996,0.19501713
0.6,-62.87626662,0.83885203
0.7,-4.76781776,0.58437892
0.8,56.90959429,0.42895921
0.9,88.67981641,1.25749201
1.0,-76.52776347,1.61503786
1.1,-30.37754575,0.54685298
1.14141667,5.71933253,1.35699627
