segment,pitch,stretch
0.0,43.38365337,0.41567672
0.1,-0.22643789,0.87895889
0.2,-34.5083162,1.05937657
0.3,-53.1275403,0.23340752
0.4,-24.27049396,1.36506565
0.5,27.70479848,1.54429013
0.6,48.82569982,1.55961551
0.7,-53.35719693,0.31113875
0.8,74.55256708,0.08017685
0.9,70.29025897,0.98976323
1.0,-42.93252277,1.41346884
1.1,72.0501082,1.33841566
1.14141667,70.1097379,0.36889697
