segment,pitch,stretch
0.0,28.16844794,1.16253074
0.1,46.30100241,0.75705097
0.2,-21.12843146,0.7794308
0.3,-4.52409741,1.19848321
0.4,-24.47310068,1.01301561
0.5,86.31547098,1.15552006
0.6,4.34036217,0.763322
0.7,81.8697429,0.73902021
0.8,52.86482299,0.69164327
0.9,-44.35586263,1.48695184
1.0,65.0577904,0.54071971
1.1,67.73719127,0.56546023
1.14141667,-32.2641705,0.40431744
