segment,pitch,stretch
0.0,12.15010971,1.75305024
0.1,-82.84639936,1.84709621
0.2,-20.79111952,0.30086676
0.3,-65.6849191,1.77802679
0.4,91.44268592,1.32826192
0.5,68.69317307,1.38957999
0.6,-10.77550368,1.02740556
0.7,-49.61168901,1.11521635
0.8,-0.95659448,1.04000764
0.9,-52.83875719,0.85033094
1.0,18.01113285,0.82072098
1.1,54.17994577,1.80257596
1.14141667,62.64482751,0.77736437
