segment,pitch,stretch
0.0,30.8158802,0.39666711
0.1,-49.53284919,1.06359174
0.2,36.79712785,0.64757436
0.3,-99.55359759,1.7224486
0.4,68.9088774,0.44902576
0.5,80.99957915,1.67719648
0.6,4.26486526,1.66921538
0.7,-17.5210691,1.5326406
0.8,62.53897835,0.45272356
0.9,-85.84748653,1.5121066
1.0,-46.33715828,0.28461943
1.1,42.67097057,0.94734784
1.14141667,-75.9263862,0.46817887
