segment,pitch,stretch
0.0,69.06200067,0.29951512
0.1,-89.70899994,1.36224471
0.2,43.81572202,0.0293785
0.3,-41.50364765,0.51838794
0.4,-1.78342508,1.05299201
0.5,68.94891373,1.59518238
0.6,68.8332263,1.28929513
0.7,33.63190852,0.89312292
0.8,-9.29492587,1.36307198
0.9,-32.93979575,1.40459321
1.0,75.81334165,1.95945493
1.1,12.9737464,1.07635721
1.14141667,-25.28540764,0.2405844
