segment,pitch,stretch
0.0,-5.44660555,0.39346856
0.1,80.80532434,0.28881363
0.2,-26.28924637,0.53701965
0.3,78.8244392,0.51857425
0.4,-25.46300835,0.44717912
0.5,79.53586689,1.13692182
0.6,-34.09368615,0.60417211
0.7,21.55982824,1.29979933
0.8,23.8507105,0.35984825
0.9,22.99546712,0.05575236
1.0,68.06240676,0.85167072
1.1,-88.05692373,0.34876443
1.14141667,-64.50909359,0.64453437
