segment,pitch,stretch
0.0,2.48516085,0.58260241
0.1,-76.22143396,1.93950295
0.2,93.28499715,0.79251677
0.3,12.13691899,1.61878069
0.4,-69.30233484,0.35146725
0.5,20.86949567,1.82455818
0.6,-38.30390535,1.06886099
0.7,-51.39274588,1.74424774
0.8,66.90425757,1.75805462
0.9,-53.91373226,1.69854439
1.0,17.61869839,0.60409156
1.1,-34.76358151,0.5214224
1.14141667,15.85772352,1.48692913
