segment,pitch,stretch
0.0,-90.25998479,0.74075575
0.1,34.21415615,0.17866259
0.2,-52.71140353,1.12012438
0.3,-0.87917212,1.6540895
0.4,16.13384172,0.5612472
0.5,40.42476131,0.6068206
0.6,89.24687933,0.74654886
0.7,-96.15596273,0.53936952
0.8,-38.29186897,1.70646715
0.9,-17.48626228,0.70300524
1.0,19.34641069,1.33185606
1.1,11.56546597,0.71915286
1.14141667,81.99709235,0.49042586
