segment,pitch,stretch
0.0,94.19134076,1.81442497
0.1,-33.3914726,0.92341441
0.2,89.0954816,0.20593764
0.3,33.95372214,0.6664786
0.4,39.46652721,1.04326326
0.5,-59.34550424,1.00260981
0.6,82.89634223,1.70924615
0.7,65.83754994,1.32883795
0.8,79.03979174,1.05343215
0.9,-5.26869148,0.85234764
1.0,-11.60722286,0.70456839
1.1,-90.04101612,0.28255596
1.14141667,92.05953945,1.51531647
