segment,pitch,stretch
0.0,0.585165,0.26159772
0.1,-99.74430453,1.35463958
0.2,73.97300907,0.79800853
0.3,76.14302968,0.70220334
0.4,-25.912968,0.38968447
0.5,88.19313139,1.44406164
0.6,23.1864268,0.77293029
0.7,-74.78081936,1.12629863
0.8,-34.15972358,0.82303267
0.9,90.90613763,0.79000813
1.0,37.81791402,0.32691118
1.1,82.39926491,1.78972447
1.14141667,-44.95242237,1.24039757
