segment,pitch,stretch
0.0,61.9665111,1.15780668
0.1,-9.67528114,0.19130474
0.2,-24.43848461,1.67912463
0.3,-22.73400218,1.52519722
0.4,-50.73837077,1.17122727
0.5,-80.54747318,1.8849469
0.6,-0.20993652,0.65476649
0.7,68.84584459,0.97463014
0.8,-15.95665439,0.30159856
0.9,-80.30357234,1.31654976
1.0,-6.00916241,0.73291132
1.1,80.5457673,1.88613253
1.14141667,-0.48922047,1.34322598
