segment,pitch,stretch
0.0,40.80708737,1.41087106
0.1,60.39772417,1.65745633
0.2,-30.92752134,0.45777505
0.3,2.68286726,1.01895972
0.4,17.39949018,1.013591
0.5,51.6498397,1.16516661
0.6,89.07176273,0.74158204
0.7,-59.50926562,0.74893466
0.8,44.57255827,0.322155
0.9,18.71725485,0.8403819
1.0,-67.0298998,0.41738082
1.1,-15.30442624,0.70327016
1.14141667,69.53078356,1.53973882
