segment,pitch,stretch
0.0,-30.9940869,1.1028355
0.1,-51.85288644,1.41515079
0.2,9.37565232,0.09010735
0.3,-65.56040136,0.80440488
0.4,-20.59983465,1.66392086
0.5,-81.87958144,1.51454605
0.6,-2.02758668,1.51747342
0.7,-50.52631335,1.16263681
0.8,61.79138453,0.22680531
0.9,14.74849978,1.67852395
1.0,90.51411256,1.15648316
1.1,21.53536294,0.37061547
1.14141667,-52.68287573,1.51798738
