segment,pitch,stretch
0.0,20.57677794,1.38711038
0.1,-39.61392236,0.72793815
0.2,-45.04759687,0.58138665
0.3,13.02336847,0.36012253
0.4,90.60925013,1.75461796
0.5,-75.04739637,0.9845207
0.6,-17.92101924,1.10875334
0.7,-84.21353272,1.78005401
0.8,47.2379497,0.26796674
0.9,-5.11712126,0.97835653
1.0,-51.87175563,1.7494376
1.1,-23.54809706,0.19527395
1.14141667,-19.60047968,0.35274247
