segment,pitch,stretch
0.0,-32.006425,0.3460517
0.1,98.74707192,1.36854871
0.2,19.43104605,0.57268428
0.3,-83.9130263,1.65457572
0.4,-14.55275882,1.20009912
0.5,-34.15529229,0.09946247
0.6,22.38890545,0.27678562
0.7,-11.42027576,0.68226029
0.8,88.98766127,0.27295014
0.9,-94.51548481,1.75198478
1.0,-45.63563989,0.9844266
1.1,27.73920543,0.17766763
1.14141667,-59.05501484,0.29826397
