segment,pitch,stretch
0.0,85.6199955,0.19143732
0.1,-58.21803023,0.65841603
0.2,-74.01582093,0.92288135
0.3,-37.08836973,0.84124379
0.4,51.76831215,0.79870299
0.5,8.55965689,1.46106007
0.6,27.71691358,0.45059655
0.7,-58.19113091,1.62014764
0.8,27.05080067,1.4891219
0.9,27.79413221,1.20637276
1.0,50.00685101,1.30794963
1.1,-92.88762057,0.24756041
1.14141667,-51.26204732,0.85622749
