segment,pitch,stretch
0.0,-28.30259207,0.49045242
0.1,-20.51655877,0.41105181
0.2,32.67834183,0.51992236
0.3,6.62547625,0.5442563
0.4,-74.88223305,1.50191258
0.5,78.7904108,0.7960124
0.6,92.741833,1.55647812
0.7,-51.74379755,0.75813018
0.8,0.26100759,1.97775979
0.9,80.00528442,1.24266335
1.0,-20.98835091,0.70545845
1.1,-67.79194344,0.86751529
1.14141667,20.39044297,1.05140742
