segment,pitch,stretch
0.0,22.05732479,1.22083149
0.1,-7.34283646,0.90628978
0.2,-16.71216694,0.64111829
0.3,82.87197114,0.38986932
0.4,-13.73801988,0.61791891
0.5,78.78238984,1.61257293
0.6,15.74802992,1.14120276
0.7,7.99289062,1.85994401
0.8,64.26189844,0.1773239
0.9,-76.33286274,1.26191456
1.0,-6.92462562,1.18778905
1.1,-66.84426621,1.26114912
1.14141667,91.19399293,0.56570488
