segment,pitch,stretch
0.0,91.0393851,1.70122252
0.1,51.89592646,0.67923322
0.2,-41.96139425,0.27919383
0.3,33.22351683,1.89869366
0.4,-81.82163914,1.10426251
0.5,75.27027895,0.40449769
0.6,50.24685935,0.77963491
0.7,18.86376769,0.60414931
0.8,-72.34873966,1.15326972
0.9,12.57942246,0.36579896
1.0,34.665409,0.61919761
1.1,60.12452048,1.71767122
1.14141667,-15.90395096,0.80319073
