segment,pitch,stretch
0.0,-91.74200012,1.5436769
0.1,67.3163071,1.28396624
0.2,-14.92110663,0.86320374
0.3,-15.00532605,1.18530683
0.4,-71.83608899,0.7104349
0.5,60.19723794,0.80286179
0.6,-88.50711363,0.79382779
0.7,29.2172503,0.16919782
0.8,46.83116703,1.5381824
0.9,-16.00706746,1.94367969
1.0,0.77059242,1.56397286
1.1,-11.58487906,0.83434339
1.14141667,-15.46228134,1.77198089
