segment,pitch,stretch
0.0,82.71261068,1.80195096
0.1,-55.96659811,0.46752784
0.2,-72.37457463,1.05477084
0.3,-15.30458951,1.39878598
0.4,20.67761401,0.31498475
0.5,18.6980718,0.85551615
0.6,-91.19443073,1.02079306
0.7,71.76662966,0.0461454
0.8,83.9953023,0.16629359
0.9,10.98057347,0.14214334
1.0,-67.58217883,1.85570309
1.1,20.17649568,0.62429443
1.14141667,-42.27007138,0.91137713
