segment,pitch,stretch
0.0,-21.81314704,1.34959679
0.1,57.32179015,1.18782503
0.2,54.09310864,0.47103392
0.3,99.34574049,1.22914914
0.4,81.77033915,1.3657722
0.5,17.92931558,0.82394006
0.6,64.32631689,0.70904128
0.7,1.50483175,1.36707373
0.8,-4.95178378,1.26398923
0.9,38.62241866,1.52246252
1.0,5.15002697,1.6578482
1.1,-14.74550473,0.12449298
1.14141667,23.43142997,1.77810388
