segment,pitch,stretch
0.0,6.83265532,0.52592683
0.1,83.49239965,0.84238665
0.2,70.78725764,0.69533335
0.3,-5.74370192,0.62368717
0.4,-22.9215122,1.93129742
0.5,-48.70720534,0.19717675
0.6,-87.25700763,1.0051103
0.7,52.63394188,1.34413016
0.8,-28.78801854,0.80549785
0.9,-24.7890616,0.42644713
1.0,-91.46030438,0.67801753
1.1,-55.41551793,1.05030172
1.14141667,-9.9830909,0.06913333
