segment,pitch,stretch
0.0,67.6847266,1.81460428
0.1,-58.3581712,1.73405123
0.2,32.9541847,1.57189037
0.3,6.29425878,1.70078164
0.4,-86.2881706,1.17783701
0.5,12.2464963,1.20141313
0.6,-8.0116786,0.76040054
0.7,-81.7805605,0.61904183
0.8,-26.6703715,0.14117463
0.9,0.00583519665,0.42043152
1.0,40.7172767,0.44958537
1.1,-82.2964273,0.90894384
1.14141667,-70.2645664,0.31630246
