segment,pitch,stretch
0.0,-75.83581255,1.74891242
0.1,-63.95979745,1.24637055
0.2,70.70748816,1.089879
0.3,-88.32485967,0.1892634
0.4,8.86467855,1.69433182
0.5,-78.35507958,1.04689272
0.6,79.68692287,1.57985602
0.7,-66.26307401,0.43504497
0.8,82.45368817,1.24932662
0.9,5.31615062,0.10258394
1.0,52.29136848,0.36040908
1.1,84.25542057,1.46217366
1.14141667,-81.50074772,0.41311824
