segment,pitch,stretch
0.0,4.61060923,0.63045471
0.1,56.90661814,0.25838891
0.2,-64.88787295,1.34944263
0.3,60.80306931,0.3412609
0.4,-72.51163358,0.8026416
0.5,-58.97655872,0.15800619
0.6,-57.13693888,1.38177294
0.7,91.43327587,1.01516397
0.8,27.92334317,0.04958646
0.9,-16.1495518,0.060326
1.0,-49.8689815,1.65536428
1.1,77.63620877,0.43368978
1.14141667,-4.58738982,1.3723531
