segment,pitch,stretch
0.0,5.2871598,1.49161507
0.1,-48.61067267,1.35547964
0.2,-20.76740992,0.83001431
0.3,-35.50442874,0.15289187
0.4,-35.53990327,0.1914254
0.5,20.53355283,1.48451111
0.6,12.20867078,1.26246457
0.7,-1.23368306,1.23141276
0.8,56.93816681,0.38877565
0.9,-72.46364669,1.84186953
1.0,11.78008614,0.37442511
1.1,-0.25420926,1.6971742
1.14141667,-64.24241885,0.23672818
