segment,pitch,stretch
0.0,22.17068129,1.32316238
0.1,82.31860936,1.1146701
0.2,-63.54455884,0.19703215
0.3,-68.90387667,1.63679826
0.4,49.62721502,0.55421872
0.5,-90.63801554,0.55706611
0.6,80.96576477,1.25072913
0.7,-85.10063866,0.28877795
0.8,-75.97737791,1.03481903
0.9,64.4884669,0.27862271
1.0,64.22581041,1.8256645
1.1,-87.91439878,0.22710133
1.14141667,-30.16775952,0.58430827
