segment,pitch,stretch
0.0,-94.33074212,0.66828426
0.1,-88.75540816,0.270347
0.2,35.4515549,1.41211261
0.3,-70.24654404,1.720614
0.4,-80.62349998,0.19744688
0.5,10.1901521,1.72287748
0.6,-93.62933165,0.04161496
0.7,-99.65138407,0.57709104
0.8,71.51249138,0.44049612
0.9,86.80537689,1.57955325
1.0,20.55789836,1.82404096
1.1,44.56065294,1.69390772
1.14141667,-59.76617214,0.25601673
