segment,pitch,stretch
0.0,80.73678316,1.6999436
0.1,-23.27448365,0.98259769
0.2,-6.4033247,0.22058864
0.3,-21.51480068,1.57552372
0.4,-23.17709403,1.16662567
0.5,-16.39338242,0.33871722
0.6,-25.06757564,1.16530793
0.7,-29.26685238,0.52650663
0.8,-87.48148555,0.8714082
0.9,-64.25549842,1.09019316
1.0,40.51352953,0.83858713
1.1,45.12554912,1.2000092
1.14141667,-31.72850353,1.29324569
