segment,pitch,stretch
0.0,2.20805213,0.81178605
0.1,-90.51492195,0.34105584
0.2,14.37438706,1.03419156
0.3,48.7691056,1.3222317
0.4,-26.19278003,0.6377532
0.5,18.08357323,1.39628768
0.6,82.28583292,1.53457958
0.7,69.03631189,1.68460853
0.8,27.35509958,1.6036494
0.9,27.52320107,1.49572357
1.0,-3.99788557,0.7318371
1.1,54.09103587,0.77038849
1.14141667,22.53021971,0.80738652
