segment,pitch,stretch
0.0,80.48601898,0.18503281
0.1,-82.50913866,0.81881683
0.2,6.00601262,1.8365813
0.3,-52.03089001,0.68261836
0.4,10.6301769,0.68706525
0.5,-9.22890069,0.06025487
0.6,-53.07196993,1.71512608
0.7,61.54832929,0.13023203
0.8,29.36466098,1.42209591
0.9,23.32136868,1.17584739
1.0,-8.53674855,0.5237891
1.1,-34.18000373,0.91325729
1.14141667,-4.42974974,0.09221967
