segment,pitch,stretch
0.0,45.0752434,1.18925621
0.1,-93.76597298,0.52454802
0.2,46.57087832,1.50660579
0.3,59.364027,0.93298366
0.4,25.27671277,0.50677812
0.5,18.6240562,0.56379423
0.6,-12.8872696,1.362377
0.7,-38.76560327,1.10820927
0.8,-43.15551235,0.83193558
0.9,-99.26206563,1.55187087
1.0,-7.96649049,1.27801505
1.1,38.87039961,1.56525151
1.14141667,73.11872685,1.97246425
