segment,pitch,stretch
0.0,0.7190916,0.53676655
0.1,97.83891779,1.54358622
0.2,60.36727917,0.47152348
0.3,75.34562321,1.2590705
0.4,-49.29676333,1.86837956
0.5,66.1161099,0.9921972
0.6,47.59795939,0.68574852
0.7,-57.87962131,1.86045002
0.8,81.42088192,1.53065292
0.9,-40.71214973,1.34276988
1.0,21.35486497,1.27786291
1.1,48.12506042,1.11936535
1.14141667,82.77823336,0.95547805
