segment,pitch,stretch
0.0,-5.76763244,0.44927082
0.1,-52.64550288,0.18129642
0.2,33.91369618,1.34006101
0.3,2.76494439,1.82406292
0.4,28.25566851,0.80324024
0.5,-26.62339469,0.48532471
0.6,-38.99536657,0.16806237
0.7,-41.39460314,1.79111184
0.8,-52.63700737,0.66376549
0.9,-41.88182254,0.25387795
1.0,28.65752822,0.21815643
1.1,11.07498327,1.03351958
1.14141667,-55.36680151,0.55793758
