segment,pitch,stretch
0.0,21.19375213,1.6885783
0.1,-75.16406807,1.52001867
0.2,-4.85614597,0.00153377587
0.3,91.23547164,0.61166892
0.4,-54.80294813,1.57623559
0.5,48.10269994,1.04622328
0.6,54.93610027,0.41923459
0.7,62.57379696,1.89958561
0.8,24.98836028,0.23206895
0.9,-3.72214582,0.326654429
1.0,-62.87276207,1.16190078
1.1,-30.73571803,1.32699658
1.14141667,4.39947177,1.24572836
