segment,pitch,stretch
0.0,3.81117618,0.64425147
0.1,1.65290583,1.80851034
0.2,75.20334273,0.13064714
0.3,-31.80520796,1.14595158
0.4,47.06388339,1.20714689
0.5,-12.18502222,1.21300166
0.6,16.00653048,1.59786204
0.7,-1.06509013,1.5777009
0.8,-88.67460342,1.85046757
0.9,79.23096379,0.15850725
1.0,-37.6385831,0.67581982
1.1,-82.3453721,0.97379481
1.14141667,50.39965119,1.28226838
