segment,pitch,stretch
0.0,-49.02277235,1.48003732
0.1,-46.1888088,1.6377516
0.2,-73.50241288,0.65510072
0.3,65.30688392,0.596266
0.4,-86.33590272,0.90504214
0.5,20.22949723,1.73406366
0.6,63.90246923,1.43058566
0.7,-0.21908508,1.1269756
0.8,-14.82135042,0.21101907
0.9,-13.13400192,0.01231935
1.0,20.07556925,0.83166829
1.1,44.26026986,0.28141821
1.14141667,79.45244035,0.38664579
