segment,pitch,stretch
0.0,-95.80336327,0.76183862
0.1,13.19102034,1.51704684
0.2,42.62860053,0.9408124
0.3,21.92016727,0.14797413
0.4,-2.97694346,0.97581102
0.5,-3.56004014,0.67546432
0.6,-28.69548466,0.35656679
0.7,-9.16727504,1.28503381
0.8,7.86062341,0.91616519
0.9,-95.03668578,1.72740892
1.0,-83.63952968,0.79466522
1.1,74.11931798,0.92967992
1.14141667,32.00428404,1.54385024
