segment,pitch,stretch
0.0,-81.86021221,0.3759178
0.1,-38.71029223,0.35952644
0.2,-87.95798325,0.62161924
0.3,64.64799839,1.70435044
0.4,46.25884824,0.36582707
0.5,-79.81084627,1.39801288
0.6,63.83558359,1.87495394
0.7,52.64588214,1.93367686
0.8,26.08689515,1.9588609
0.9,-62.73363803,0.95894244
1.0,-4.49298081,0.61415959
1.1,30.81537457,0.47891102
1.14141667,66.97281878,0.6437554
