segment,pitch,stretch
0.0,12.88644625,0.94965628
0.1,18.70253323,0.59858398
0.2,63.85450626,0.52603788
0.3,-60.64060755,1.4306776
0.4,-90.62123275,1.89873251
0.5,24.73093513,1.80457899
0.6,-79.40998292,0.32316389
0.7,99.89533842,0.77051068
0.8,-82.08813401,0.69662658
0.9,-46.39069699,0.26903226
1.0,-76.81702111,0.24465655
1.1,65.90507306,1.35119799
1.14141667,15.50319114,1.75217446
