segment,pitch,stretch
0.0,28.73087971,0.32492293
0.1,-27.11331038,1.97824147
0.2,13.5133657,1.46204006
0.3,-59.33175602,1.75401387
0.4,40.20716764,0.34583971
0.5,17.77914232,0.74752054
0.6,8.74509024,0.09109889
0.7,35.8225074,1.40612117
0.8,56.6713151,1.23903719
0.9,-81.2259765,1.96913751
1.0,71.576048,0.35667904
1.1,-90.10734063,0.95482335
1.14141667,62.7755843,1.55174946
