segment,pitch,stretch
0.0,27.38004062,1.68655308
0.1,-45.86745423,0.51451051
0.2,78.3464934,1.5831582
0.3,-70.29897964,1.25854148
0.4,86.14880636,0.9585938
0.5,23.29865709,1.97703797
0.6,-3.75390224,0.56549826
0.7,83.8158198,0.40821292
0.8,-21.16138564,1.37304062
0.9,34.2611002,0.76155801
1.0,41.52159769,0.54635275
1.1,4.93006595,1.0861576
1.14141667,78.89452488,1.48497475
