segment,pitch,stretch
0.0,-65.21663055,1.02426511
0.1,34.24982767,1.12889875
0.2,-92.63295305,1.50148233
0.3,-77.59900382,1.82420462
0.4,14.83333959,1.7438412
0.5,11.34419051,0.42400938
0.6,5.22580578,0.47297633
0.7,9.90915295,0.69162899
0.8,98.66536814,0.37166542
0.9,-61.20859902,0.73651314
1.0,-91.20285571,1.19119341
1.1,77.92662302,0.13786686
1.14141667,-48.25371816,1.01945383
