segment,pitch,stretch
0.0,71.90777756,1.08889423
0.1,-43.32742025,1.81532483
0.2,10.29822047,1.08014864
0.3,-8.2975621,1.70717635
0.4,-9.05642941,0.23751232
0.5,71.38448289,1.2040952
0.6,-33.59977824,0.66504849
0.7,-42.89385015,1.57435661
0.8,4.79671497,1.87002656
0.9,89.38276141,0.67215766
1.0,86.61461451,1.72909995
1.1,-90.40965018,1.3721255
1.14141667,26.94310401,1.66284268
