segment,pitch,stretch
0.0,62.57492675,0.62563008
0.1,-58.08231023,0.03942754
0.2,-55.72136937,0.40518479
0.3,-71.33473232,0.83625103
0.4,-4.71968321,1.04296763
0.5,-18.8158031,1.30881089
0.6,57.81974569,1.24294484
0.7,-62.11860801,1.99884765
0.8,-40.60816107,1.24785525
0.9,65.87873267,0.7861542
1.0,-62.031162,0.46276533
1.1,23.18328609,1.73009947
1.14141667,-73.14382864,1.02235307
