segment,pitch,stretch
0.0,75.64449734,0.99622141
0.1,-65.43090214,0.97703248
0.2,92.62431372,1.48498391
0.3,-29.48164048,0.0812383
0.4,-37.98363851,1.60208825
0.5,15.64649245,0.32764185
0.6,53.8652777,1.79838778
0.7,-35.28963219,1.46329476
0.8,24.41269774,0.59715792
0.9,66.01035815,1.47333098
1.0,85.37123307,0.97066406
1.1,61.6720076,1.98581882
1.14141667,32.49754769,0.19179558
