segment,pitch,stretch
0.0,30.82383492,0.09608915
0.1,56.21573393,1.30315133
0.2,24.16947114,0.43089858
0.3,3.50491484,0.92292411
0.4,-15.12530872,1.759236
0.5,74.93169692,1.67135617
0.6,94.70898811,1.8201665
0.7,16.09582878,0.4064912
0.8,40.74297906,0.00834951
0.9,-91.28641458,1.30051988
1.0,-63.57975611,0.06930059
1.1,-58.96501678,1.91067339
1.14141667,93.61921464,0.35990528
