segment,pitch,stretch
0.0,-91.66719756,0.83274
0.1,-40.09978494,1.09275025
0.2,-46.90301028,0.95259452
0.3,12.45337088,1.57352585
0.4,-7.3719957,1.00068358
0.5,-38.64502955,1.00260215
0.6,-0.41989507,1.95270399
0.7,-65.16929213,0.43011904
0.8,-43.18579065,0.35215598
0.9,25.69839136,0.10684683
1.0,84.15479884,0.15211102
1.1,10.06988607,1.20317356
1.14141667,43.816716,0.84876333
