segment,pitch,stretch
0.0,-7.01386319,1.47331584
0.1,53.48395865,1.04351856
0.2,-12.28351801,1.7377743
0.3,-93.76617938,0.97170395
0.4,-12.0195374,0.90437843
0.5,-56.59793281,1.6913567
0.6,20.61032162,1.252974
0.7,-1.26901238,0.73770227
0.8,-30.12626637,0.35408486
0.9,86.80795076,0.05135998
1.0,21.12391045,1.97752086
1.1,72.85975875,1.25509602
1.14141667,-11.76225522,0.5303538
