segment,pitch,stretch
0.0,57.57437329,1.75197151
0.1,91.90169455,0.33106486
0.2,-54.72406642,0.60913572
0.3,-58.21202921,1.92337105
0.4,-16.12745405,0.5656997
0.5,-77.79996065,1.48592388
0.6,-90.51311513,0.37318603
0.7,1.00723392,0.81705885
0.8,-64.74173294,1.04732029
0.9,46.18077407,0.12002022
1.0,-18.86967466,1.32860669
1.1,-35.65415422,1.41358368
1.14141667,4.83646108,0.43476345
