segment,pitch,stretch
0.0,41.18921531,0.91184006
0.1,-35.03636924,1.24340801
0.2,-74.98228457,1.94725418
0.3,-36.51435822,0.5653448
0.4,-95.32464294,1.52373912
0.5,84.01929298,1.56026974
0.6,32.67157622,0.19851572
0.7,-71.7342706,1.89713844
0.8,-45.86213667,1.81378599
0.9,87.19566362,1.31045157
1.0,-47.72681817,0.66805601
1.1,15.937344,0.14648847
1.14141667,72.65175015,0.64127007
