segment,pitch,stretch
0.0,77.18918864,1.03192367
0.1,83.78981414,0.42018287
0.2,-65.7693655,1.29406306
0.3,-78.64184177,1.1839606
0.4,60.76094054,0.24656774
0.5,-85.54613182,0.27070574
0.6,-82.83985369,0.55478724
0.7,58.31469254,1.43791568
0.8,-19.88359903,1.39655562
0.9,28.05302473,1.5621613
1.0,66.48543532,1.2992387
1.1,3.69004882,0.84860939
1.14141667,84.06568163,1.88227991
