segment,pitch,stretch
0.0,-24.59442458,0.55171516
0.1,-15.8657423,0.19158122
0.2,97.78119819,0.68068188
0.3,35.01579285,0.93038859
0.4,-50.00154484,0.2451014
0.5,-42.29600698,0.21384975
0.6,-7.08735451,0.29453199
0.7,39.71117799,0.3222649
0.8,-78.33069579,0.32976465
0.9,42.29148017,1.36759546
1.0,-54.65442385,1.78708045
1.1,96.05241264,1.41932108
1.14141667,-91.35915117,1.03513559
