segment,pitch,stretch
0.0,-33.0990358,1.60128012
0.1,-76.8855135,1.70842232
0.2,-77.09744455,1.82827546
0.3,53.13274146,0.14742697
0.4,35.37902203,1.25283251
0.5,20.34548248,0.26386793
0.6,-6.72304145,0.83898533
0.7,18.07732321,0.31703682
0.8,95.53940519,1.359658
0.9,-92.74085832,1.06120925
1.0,56.61461398,1.23233063
1.1,-30.80451212,0.16135233
1.14141667,-4.98965675,1.719186
