segment,pitch,stretch
0.0,51.38523504,1.22268
0.1,16.84654268,0.96085759
0.2,27.64589009,1.34778523
0.3,20.31498529,1.21706837
0.4,-14.78120843,0.40166194
0.5,-38.11065211,0.26725699
0.6,-7.62875956,1.14583508
0.7,70.58051557,1.83126524
0.8,86.07102247,0.29461616
0.9,96.81537136,0.52751132
1.0,-7.45149672,0.97817889
1.1,-64.0629032,1.4699613
1.14141667,-27.28943077,0.97022458
