segment,pitch,stretch
0.0,-55.67612518,0.4439597
0.1,-16.03559422,0.03929623
0.2,-53.91064696,1.70924034
0.3,-54.26086959,1.28648534
0.4,-68.76085781,1.86835463
0.5,59.18925829,1.39467098
0.6,63.61101254,0.62769918
0.7,87.82589692,0.63219143
0.8,30.01203982,0.36165151
0.9,-24.26556885,0.01038162
1.0,-42.07057407,1.38502095
1.1,-49.30472811,0.34691407
1.14141667,9.32164167,1.3196907
