segment,pitch,stretch
0.0,-75.50579969,1.76819237
0.1,-33.33237584,1.70665293
0.2,17.50711848,1.66700173
0.3,-49.95642519,1.25055365
0.4,6.60485523,1.35678145
0.5,-10.1847593,1.35859588
0.6,97.88147112,1.48958021
0.7,-2.41899566,0.95123669
0.8,-56.69234545,0.79575464
0.9,-94.44580277,1.33379681
1.0,-16.85814176,0.51556933
1.1,3.83439115,1.47626269
1.14141667,78.38289192,0.99313132
