segment,pitch,stretch
0.0,17.25108473,1.25365904
0.1,-20.33347648,1.14169819
0.2,8.25978245,1.44065481
0.3,14.67718893,0.73865411
0.4,3.62309164,0.87063922
0.5,-26.91202001,0.18666153
0.6,1.76117794,0.86837268
0.7,82.78931534,0.87403497
0.8,-59.58469405,1.44611176
0.9,95.45283724,1.80188065
1.0,-70.387836,0.07283074
1.1,-1.62586928,0.30234458
1.14141667,33.4744353,1.72190596
