segment,pitch,stretch
0.0,-37.71510641,0.65271068
0.1,-51.81416614,0.95176002
0.2,4.10351711,1.39790786
0.3,-3.46148296,0.28536613
0.4,34.89398508,0.45403895
0.5,-22.68565324,1.25725192
0.6,-48.78238306,1.02526608
0.7,35.92338582,0.65449001
0.8,41.13919158,1.63115139
0.9,36.80052876,1.24820992
1.0,-27.8791645,0.72272253
1.1,-0.18086637,1.66540582
1.14141667,-46.57940535,0.10395667
