segment,pitch,stretch
0.0,36.19394602,0.36420395
0.1,-73.58017585,0.94822328
0.2,-13.60840916,1.96438719
0.3,59.53237068,0.75518897
0.4,-6.38475955,1.08379747
0.5,-32.17285733,0.48742841
0.6,19.92579679,1.13498694
0.7,78.69154245,0.24377884
0.8,-81.82481124,0.82900777
0.9,83.13379327,1.92330551
1.0,-52.25888881,1.47531987
1.1,-24.90356469,1.48816537
1.14141667,-29.75125127,0.68517296
