segment,pitch,stretch
0.0,-90.17309363,1.87145696
0.1,7.72676812,1.66378637
0.2,-17.47785998,0.26930884
0.3,-68.38186843,1.52031218
0.4,-68.90464699,0.92093983
0.5,-60.03371115,1.79094401
0.6,54.95042453,1.54867869
0.7,-61.89102348,1.2478237
0.8,-92.43644205,0.54208793
0.9,-85.74845922,0.78885357
1.0,-67.45378327,1.38787262
1.1,-69.51500294,1.61364817
1.14141667,25.86880955,0.52503336
