segment,pitch,stretch
0.0,-63.06404362,1.09976962
0.1,96.51347021,1.87842448
0.2,-2.42253065,1.92383282
0.3,-48.75339143,1.77831814
0.4,-24.81746908,0.55991085
0.5,48.2850129,1.16635493
0.6,54.45085632,1.39460853
0.7,-83.01359294,1.30103041
0.8,-84.59229686,1.62563762
0.9,-65.14189239,0.22506805
1.0,-11.3391069,0.45947007
1.1,78.07442638,0.29396602
1.14141667,-31.23345007,0.46095403
