segment,pitch,stretch
0.0,79.77754307,0.52463326
0.1,50.0359163,1.09990069
0.2,-85.47273952,0.87535922
0.3,-16.34145178,1.50433582
0.4,67.35402415,0.26421122
0.5,16.51972982,1.72301412
0.6,9.96310553,0.78774864
0.7,42.40574425,1.35133611
0.8,64.77130271,0.60977072
0.9,7.48842794,0.37350572
1.0,81.8522354,0.76265537
1.1,71.95862527,0.72279303
1.14141667,11.82867405,0.86391178
