segment,pitch,stretch
0.0,-88.96740787,1.80140046
0.1,-50.96029621,1.62081264
0.2,2.1117913,0.89623291
0.3,-81.18211333,0.00838819
0.4,-58.4942148,0.46507357
0.5,-13.37177011,0.81411287
0.6,-37.03727431,0.59433311
0.7,-57.85889347,0.68578062
0.8,48.98723654,0.1849314
0.9,-94.37943157,1.96861475
1.0,69.59846396,0.87798497
1.1,-59.83952506,1.18748939
1.14141667,-63.76620066,1.53716958
