segment,pitch,stretch
0.0,88.73376651,1.29630211
0.1,-23.7422393,1.17583122
0.2,22.24358049,1.44825889
0.3,26.02776154,1.42597369
0.4,50.50523033,1.28997601
0.5,45.16605907,0.7579775
0.6,-17.9098931,0.85921403
0.7,27.24171503,0.93590594
0.8,39.79598032,1.9839492
0.9,78.66410709,1.89122416
1.0,-6.40706689,0.26643504
1.1,-55.33048838,1.55483627
1.14141667,93.60559785,1.84443801
