segment,pitch,stretch
0.0,54.18596558,1.28936165
0.1,30.83712809,0.9690273
0.2,-89.92763037,0.12410661
0.3,42.98639675,0.23522543
0.4,20.40009477,0.86463683
0.5,62.44984,0.73749983
0.6,41.91717772,1.1899501
0.7,16.85517623,1.44417732
0.8,76.62897782,1.77792829
0.9,76.50811067,0.08874422
1.0,15.57401532,0.93343439
1.1,-99.37192756,1.68785455
1.14141667,-64.98531848,1.27368409
