segment,pitch,stretch
0.0,-13.20812947,0.61614772
0.1,-8.37020236,1.06411131
0.2,57.48789341,1.60441563
0.3,-11.78127808,0.66409069
0.4,-26.00594078,1.03544668
0.5,-3.33648258,0.99289071
0.6,-1.73835095,0.28199712
0.7,17.1570367,0.98444234
0.8,37.36365726,0.65105351
0.9,8.15656678,1.40961932
1.0,-8.08158861,1.13622797
1.1,5.60886703,0.04199534
1.14141667,-59.33959304,1.17471858
