segment,pitch,stretch
0.0,-72.69871862,1.31481161
0.1,-16.04832948,0.5303762
0.2,20.92273095,1.66790615
0.3,-7.90583134,0.3235164
0.4,52.2185679,1.59315775
0.5,54.85723666,0.96721806
0.6,53.33669569,0.14181203
0.7,-25.554879,0.99100706
0.8,64.63573473,1.71926809
0.9,36.81770312,1.97300287
1.0,49.7946958,1.34955358
1.1,-12.06960957,0.58588856
1.14141667,12.77262901,1.02126832
