segment,pitch,stretch
0.0,-79.12321817,0.47548878
0.1,-7.41492532,0.76860871
0.2,-83.26616323,0.13725989
0.3,76.11721718,1.43493141
0.4,-86.02724826,0.64104135
0.5,-21.97136908,0.69636711
0.6,-20.66842631,0.03283489
0.7,-18.6862133,1.11684822
0.8,93.72513797,0.70396807
0.9,-61.43949343,0.51356951
1.0,-85.97992137,0.02840793
1.1,65.40328987,0.75953201
1.14141667,-7.08798818,0.90179979
