segment,pitch,stretch
0.0,27.09635225,1.7893255
0.1,-6.29632598,0.04304725
0.2,-7.47224107,1.71755797
0.3,-49.75069509,0.85848381
0.4,-10.14072205,0.71063264
0.5,76.48140099,0.26215974
0.6,23.53863424,0.54805903
0.7,-44.61102767,0.54170824
0.8,-78.52892661,1.88709492
0.9,53.26847569,0.37999428
1.0,-36.05053095,0.14766966
1.1,73.84862681,1.40974217
1.14141667,30.67572751,0.15847185
