segment,pitch,stretch
0.0,8.60694359,0.66325567
0.1,-49.1273727,1.58957802
0.2,-74.40215316,0.4979575
0.3,-74.34924506,1.56940434
0.4,-70.8163098,1.56778704
0.5,28.24981417,0.05239803
0.6,-2.28516147,1.37782642
0.7,72.46116836,0.40496009
0.8,-72.75086149,0.88870208
0.9,-96.1756049,1.68365022
1.0,54.40900648,1.92063778
1.1,47.89957298,0.25495855
1.14141667,-75.66981584,1.05824226
