segment,pitch,stretch
0.0,62.50241255,0.93840708
0.1,-80.45225804,1.11812108
0.2,99.9367927,0.26660891
0.3,25.84200308,0.17403162
0.4,3.00063379,0.79325238
0.5,81.08001176,0.88590027
0.6,-95.83385783,1.71394363
0.7,-79.07600331,0.61606385
0.8,-11.28199515,1.85993339
0.9,57.49444579,1.14234551
1.0,99.18608096,1.34332999
1.1,-92.12178731,1.65260759
1.14141667,-44.20618078,0.36778532
