segment,pitch,stretch
0.0,-46.66919298,1.63776861
0.1,4.67484005,1.1956952
0.2,80.83385661,0.9812403
0.3,-50.45685435,0.93944254
0.4,-62.49251948,1.366728
0.5,-50.73769737,0.90395124
0.6,97.55947113,0.64609469
0.7,-68.25637207,1.42709177
0.8,-22.42955904,1.40693544
0.9,15.09984102,1.93881322
1.0,-86.7117515,0.05946756
1.1,-74.37334759,1.20565839
1.14141667,71.31940753,1.30938607
