segment,pitch,stretch
0.0,-24.79004383,0.44030197
0.1,-23.52605858,0.70411981
0.2,-91.83469308,1.86884396
0.3,-8.60515115,0.78103642
0.4,66.88839894,0.92101113
0.5,25.42600238,0.1569929
0.6,-7.40031453,0.56500245
0.7,-51.95385071,1.10374922
0.8,50.19527583,0.9239354
0.9,-38.24502807,0.71980966
1.0,-42.80998351,1.05382382
1.1,4.14032159,1.68496778
1.14141667,-51.51302807,0.50981508
