segment,pitch,stretch
0.0,-56.10420343,1.70315994
0.1,-31.69596583,1.28626693
0.2,10.77640338,1.2824792
0.3,-20.69274199,1.46430812
0.4,6.95136345,1.88063004
0.5,48.14792065,1.08025973
0.6,97.62552183,0.53911676
0.7,-10.73890428,1.61562015
0.8,38.69981846,1.07570603
0.9,-67.7986679,1.41027786
1.0,42.50924299,0.45518513
1.1,18.11663107,0.65531755
1.14141667,-94.85686725,1.88116662
