segment,pitch,stretch
0.0,72.31495758,0.48297352
0.1,33.02660592,0.83233139
0.2,34.75230783,1.71239538
0.3,-18.56661781,1.40195872
0.4,8.74487048,1.61832293
0.5,-10.39866584,1.2979752
0.6,-2.65155949,0.96060036
0.7,60.61639305,0.64913106
0.8,59.13088836,1.1310807
0.9,-78.24987601,0.33061151
1.0,10.94023696,1.5971495
1.1,75.3572766,0.19394904
1.14141667,-5.37493528,0.40379368
