segment,pitch,stretch
0.0,22.05412131,0.76725809
0.1,-81.24093625,1.19895138
0.2,-56.8023019,1.75036409
0.3,42.11803464,1.11519781
0.4,-62.30011739,0.53587167
0.5,-54.22793596,0.06074171
0.6,-22.54029576,0.24306128
0.7,3.64260812,0.45122919
0.8,34.77853372,0.41059711
0.9,-69.5924933,0.57249987
1.0,-81.19588074,1.0921966
1.1,-23.61160916,1.04543031
1.14141667,-3.35496918,1.92109129
