segment,pitch,stretch
0.0,-16.73578941,1.51099297
0.1,-42.4241494,1.08608303
0.2,-55.51296948,1.96213588
0.3,-85.08144186,0.7041881
0.4,49.18498444,1.45679841
0.5,-2.46458868,0.85156083
0.6,-74.57160954,0.63692628
0.7,20.90286637,0.08255461
0.8,51.96240349,1.6720077
0.9,-33.95606266,0.92070581
1.0,-16.34117297,0.77471652
1.1,54.39021844,1.29770301
1.14141667,-77.08862681,1.26837296
