segment,pitch,stretch
0.0,16.48622703,0.51717934
0.1,2.26495014,1.60229173
0.2,18.12009667,1.8758053
0.3,62.57261775,1.66078305
0.4,38.21878831,0.36271544
0.5,-10.58729406,0.67338252
0.6,-28.71227124,0.95589202
0.7,33.18992905,0.48081388
0.8,42.51171858,1.37144398
0.9,-0.53891245,0.67164097
1.0,-90.42609214,0.62108777
1.1,29.69063186,0.42350623
1.14141667,74.07567772,1.43401958
