segment,pitch,stretch
0.0,55.86434558,1.84623427
0.1,35.17438078,1.45871927
0.2,64.94693253,1.31961654
0.3,-11.0808931,0.19803525
0.4,17.49954283,0.24071709
0.5,51.1230799,0.12833577
0.6,91.81738107,0.47445089
0.7,-33.71615966,0.83124863
0.8,-99.34494989,0.32718168
0.9,-99.91903914,0.67506289
1.0,-40.8900896,1.64349132
1.1,9.96341327,1.39601753
1.14141667,62.22902788,0.95131389
