segment,pitch,stretch
0.0,25.32476691,0.41173588
0.1,44.36074842,1.74625808
0.2,-34.00000172,0.12743898
0.3,-83.97211332,1.08814614
0.4,-67.81285243,1.40676606
0.5,-47.23063602,1.58344919
0.6,16.74337834,1.02150308
0.7,8.70571627,0.52497255
0.8,-11.2153712,1.52228575
0.9,-38.44147327,0.06700932
1.0,57.69114878,1.44433383
1.1,50.03997699,0.49967239
1.14141667,-17.41619031,0.57328506
