segment,pitch,stretch
0.0,-45.98279,0.780992
0.1,-93.35925651,0.62769982
0.2,77.12358993,0.02441241
0.3,-34.48534753,1.04344707
0.4,38.58985069,0.06237226
0.5,23.05182082,1.89799499
0.6,59.56369485,1.45682954
0.7,-15.27709813,1.10135409
0.8,16.51606583,0.68131024
0.9,-90.32979769,0.067101
1.0,0.14455974,0.5753594
1.1,-26.62218669,0.31164616
1.14141667,-83.87664754,1.05187015
