segment,pitch,stretch
0.0,31.83556995,0.04637149
0.1,16.95000218,0.30680375
0.2,-22.15992406,0.29895669
0.3,68.06463316,0.33382903
0.4,-34.30390919,1.04076391
0.5,-90.33439148,1.43771341
0.6,8.13738726,1.66730846
0.7,-59.30021177,0.0809311
0.8,-33.68412198,0.42468959
0.9,-51.99918374,1.60564516
1.0,-46.08867443,1.33122089
1.1,17.238227,0.39324532
1.14141667,43.67753982,1.35169292
