segment,pitch,stretch
0.0,-19.30176094,0.60193283
0.1,42.24966406,0.7358632
0.2,4.59844531,0.13299168
0.3,-50.26112208,0.59112751
0.4,47.39747576,1.45544303
0.5,27.93582477,0.40873773
0.6,-38.24165331,0.52359377
0.7,79.50072261,0.61254304
0.8,-91.19546582,1.38763095
0.9,-20.42037276,0.18569195
1.0,91.97225273,0.6972115
1.1,-48.93345242,0.62343363
1.14141667,95.20886409,1.83344131
