segment,pitch,stretch
0.0,-14.02980735,0.41273058
0.1,-27.44393002,1.9976669
0.2,-7.74092544,0.8780454
0.3,23.23546009,0.54969456
0.4,-3.3039543,0.45135339
0.5,-33.76060907,1.74264661
0.6,68.62519386,1.65837301
0.7,-38.89599759,0.45381726
0.8,-68.28381771,1.24615661
0.9,62.34469485,1.9071721
1.0,25.674394,0.93114074
1.1,-12.7548133,0.50867237
1.14141667,0.14092954,1.64097535
