segment,pitch,stretch
0.0,28.87558688,0.04017745
0.1,-77.56778475,0.4685392
0.2,-78.17645142,0.7614239
0.3,-31.03424709,0.57429914
0.4,-68.16265858,0.41797793
0.5,64.36302735,1.2264158
0.6,-6.36500349,0.08195012
0.7,-85.5800648,0.06647283
0.8,-50.52981857,0.36082267
0.9,-69.15152335,0.47322342
1.0,52.64793667,0.67970515
1.1,63.66525963,1.71506737
1.14141667,-91.53134556,1.03851815
