segment,pitch,stretch
0.0,-40.8979474,0.83878745
0.1,0.0839153168,0.7600464
0.2,-16.0356857,1.5875147
0.3,54.9421964,1.0726748
0.4,3.63782829,1.28120337
0.5,74.6888662,1.64347059
0.6,-91.795429,1.79846317
0.7,-57.9262364,0.90335206
0.8,9.91334894,0.89108182
0.9,-21.9596642,0.5309996
1.0,46.5249262,0.74356319
1.1,-31.2450706,1.12312207
1.14141667,-9.1986533,0.4961803
