segment,pitch,stretch
0.0,82.07579611,1.07310586
0.1,-32.83094823,1.45317336
0.2,41.28040727,0.46166585
0.3,90.77692627,0.56449572
0.4,73.94831714,0.90966038
0.5,-88.41542948,0.09547685
0.6,4.37289538,0.22269855
0.7,77.79051447,0.49251914
0.8,71.33775497,1.29029618
0.9,-23.77305366,0.28261848
1.0,69.50638407,0.13786232
1.1,7.9375364,0.88824907
1.14141667,-53.70826654,1.57250049
