segment,pitch,stretch
0.0,94.28482513,1.90438259
0.1,-8.41544404,0.61487331
0.2,-62.96182624,1.646554
0.3,60.34405866,1.52491918
0.4,32.40128414,1.13010084
0.5,-68.51454301,1.89433528
0.6,29.82130445,0.760668
0.7,-4.63475932,0.49529271
0.8,-63.03753655,0.89196999
0.9,88.63401009,0.8973393
1.0,21.784489,0.72401301
1.1,78.48150349,0.46484617
1.14141667,-36.70796852,1.22177947
