segment,pitch,stretch
0.0,44.87958556,1.76324183
0.1,54.45371721,0.77779847
0.2,45.64758291,0.82423998
0.3,-16.61950776,1.09492101
0.4,-83.29715796,0.39451547
0.5,-45.12452767,1.64255071
0.6,81.71688846,0.88909591
0.7,-84.47047535,0.77482277
0.8,62.79515498,0.09065163
0.9,-78.3783001,1.7734822
1.0,35.83056969,1.91427457
1.1,-9.69110421,1.4912645
1.14141667,-51.62343027,0.92742676
