segment,pitch,stretch
0.0,19.5460845,1.40076404
0.1,12.4924829,0.59422611
0.2,42.5305136,1.59628608
0.3,97.4709696,1.98149685
0.4,51.9730853,0.79359518
0.5,-86.3063813,1.91847812
0.6,-74.068776,1.13822952
0.7,37.2973608,1.35410008
0.8,55.7594158,1.86569856
0.9,0.0552278268,0.0392114
1.0,28.6120235,1.90834622
1.1,-27.8347315,1.74643265
1.14141667,7.25854293,0.27962453
