segment,pitch,stretch
0.0,-59.37353255,1.26289608
0.1,40.25583685,1.7636238
0.2,80.59080254,0.23232194
0.3,40.93847923,0.4110335
0.4,-36.56577189,1.43128616
0.5,35.51460066,0.65384514
0.6,54.7926899,0.38929396
0.7,78.93834027,0.45559426
0.8,-92.8627388,1.69671004
0.9,-52.89775391,1.41051885
1.0,25.49077528,1.92248776
1.1,10.48793814,1.77523192
1.14141667,80.61221093,0.82877362
