segment,pitch,stretch
0.0,93.38164969,0.21743143
0.1,-4.17463196,1.66269787
0.2,43.01045584,0.38714673
0.3,79.89764716,1.29835481
0.4,89.53615732,1.7255644
0.5,-1.91048344,0.55155407
0.6,-9.63392165,0.27578942
0.7,-91.20147798,1.40308441
0.8,-22.16876699,1.87234948
0.9,26.46243178,1.88038075
1.0,-96.25408509,1.06731664
1.1,-45.87026752,1.74934034
1.14141667,-15.0624862,1.38742842
