segment,pitch,stretch
0.0,-23.8561275,1.38106788
0.1,12.41197017,0.96449807
0.2,-75.22373784,1.81317808
0.3,13.95432459,0.48903687
0.4,86.43925379,0.89209498
0.5,-59.06853257,0.79820054
0.6,8.7812543,1.20695925
0.7,-81.4658243,0.55003693
0.8,-37.53161999,0.44955963
0.9,-71.6710365,1.78000651
1.0,31.54551497,1.38553911
1.1,73.9548309,0.82064893
1.14141667,48.2786376,1.09253076
