segment,pitch,stretch
0.0,97.23318518,1.42070847
0.1,48.08639517,1.64728295
0.2,61.8031045,0.52625226
0.3,44.32636259,1.94807365
0.4,63.17767598,1.27082443
0.5,-54.41448708,0.79589507
0.6,-53.53900017,1.19859135
0.7,-49.92334627,0.85657153
0.8,90.53366068,0.02054138
0.9,-49.34840938,0.22486809
1.0,-93.62757111,0.86410151
1.1,76.94440904,0.57262843
1.14141667,-12.7256322,1.52956366
