segment,pitch,stretch
0.0,55.00709732,0.25824769
0.1,-23.89661715,0.7249448
0.2,-10.76576396,0.42763347
0.3,-89.98073457,1.41980414
0.4,90.47688198,1.5691433
0.5,-26.69479883,0.22636254
0.6,-13.51692626,1.34650289
0.7,46.79530299,0.32537739
0.8,46.57964201,1.48093397
0.9,-91.36020491,0.90980305
1.0,-81.359929,1.68039469
1.1,91.07291396,0.19928147
1.14141667,40.78169996,0.80241369
