segment,pitch,stretch
0.0,59.42185537,0.83159375
0.1,88.63481017,1.38556946
0.2,-30.81317289,0.96575103
0.3,8.8361544,1.88843059
0.4,33.34891954,1.15602215
0.5,19.12772392,1.03022827
0.6,-29.4196349,1.76601862
0.7,-66.8991604,0.44859055
0.8,-49.84424897,0.70503729
0.9,55.00508098,1.09617092
1.0,-98.33346696,1.2567147
1.1,3.91350931,1.30128277
1.14141667,24.90935392,0.9045641
