segment,pitch,stretch
0.0,-58.740306,1.29800401
0.1,86.62100381,0.11364498
0.2,72.28686739,1.04246937
0.3,40.58051416,0.31985263
0.4,-24.25700788,0.23068067
0.5,71.71663195,1.2336031
0.6,-12.96137505,1.36252466
0.7,-82.1836976,1.78793687
0.8,-24.9069762,0.590606
0.9,55.25058614,0.99616144
1.0,73.77815743,0.61804154
1.1,32.70068021,1.49661667
1.14141667,-94.39337182,0.91742292
