segment,pitch,stretch
0.0,-12.35150473,1.31203929
0.1,-57.71955323,1.95651638
0.2,-23.70518109,0.28891018
0.3,-30.25273583,0.36356292
0.4,-1.94999705,0.0390578
0.5,31.73989536,1.33065027
0.6,-85.31776934,1.4200316
0.7,10.96594736,0.11141775
0.8,-63.85009412,1.65984218
0.9,-24.55332766,0.45014395
1.0,11.20080051,0.76494991
1.1,59.4445927,1.39303247
1.14141667,51.5786605,1.44009832
