segment,pitch,stretch
0.0,-23.10151834,0.66297152
0.1,73.96187404,0.83081239
0.2,-36.92313799,1.04778095
0.3,-49.18419378,0.81483732
0.4,62.41576627,1.5428737
0.5,50.48984241,0.5491045
0.6,-36.48125396,0.38093132
0.7,49.40629833,0.06101614
0.8,9.88525734,0.87218615
0.9,3.79133085,1.80491798
1.0,26.22699337,1.12003779
1.1,38.90906104,1.11770584
1.14141667,68.80148374,1.81736967
