segment,pitch,stretch
0.0,-11.24193318,1.32656313
0.1,-10.86959778,0.52389399
0.2,82.99619003,0.82341453
0.3,24.95643841,1.24663677
0.4,-68.87825224,0.97852419
0.5,51.64707828,1.82225998
0.6,49.49620678,1.5101216
0.7,-17.91679305,1.6881292
0.8,-29.72915809,0.72110223
0.9,11.57880554,0.82773543
1.0,-13.34981862,1.66851862
1.1,-36.46228607,0.05539404
1.14141667,89.24507093,1.83269673
