segment,pitch,stretch
0.0,42.17654984,0.43845661
0.1,35.32154358,1.47394763
0.2,41.16735521,1.4513676
0.3,19.52368749,0.36689019
0.4,-54.39246122,0.57240118
0.5,94.98899794,0.88025618
0.6,-27.72769651,0.50479501
0.7,-89.66079505,0.37869223
0.8,-43.87277896,1.44108388
0.9,80.86671181,0.14120379
1.0,-94.11337917,1.05720845
1.1,18.06516358,1.99017269
1.14141667,-14.64977402,0.84262259
