segment,pitch,stretch
0.0,47.89955795,0.26613935
0.1,61.35134247,1.19318983
0.2,25.97351418,1.52071117
0.3,96.79201142,1.8410781
0.4,-2.49416278,0.83400601
0.5,-48.27662198,0.10945672
0.6,40.76261572,0.75420347
0.7,-77.78715279,0.00356081
0.8,1.01884087,0.62198197
0.9,-46.10217397,0.23306124
1.0,68.50309763,1.67852962
1.1,54.05400046,1.90740001
1.14141667,12.0764648,0.55424844
