segment,pitch,stretch
0.0,94.68384182,1.20199987
0.1,43.67173173,1.09384491
0.2,83.66057135,1.20858856
0.3,90.66477738,0.61005972
0.4,33.04822767,0.0949671
0.5,-39.54628631,1.02227962
0.6,21.73649473,1.2482894
0.7,-66.20699618,0.88228821
0.8,-68.18056654,1.15930732
0.9,73.28930536,0.69980892
1.0,74.75815468,1.66502361
1.1,-48.74741599,1.13907369
1.14141667,11.42157489,1.94543901
