segment,pitch,stretch
0.0,52.68900208,1.20996587
0.1,-6.73067052,0.65229061
0.2,96.57898689,1.53870963
0.3,88.93281909,0.24911415
0.4,75.90530311,0.83209065
0.5,83.32696458,1.35695142
0.6,-66.79703103,1.60598618
0.7,63.7950694,1.81288548
0.8,-58.76780301,0.6555076
0.9,44.34251674,1.0412619
1.0,40.69658778,1.14001909
1.1,-28.98281282,0.56625227
1.14141667,43.07407366,0.71314078
