segment,pitch,stretch
0.0,48.07237211,1.574298
0.1,10.50044698,0.465888
0.2,99.10264915,1.49470087
0.3,44.97033086,1.26780995
0.4,-41.32684653,0.48746737
0.5,-79.7525466,0.73531069
0.6,50.40932694,0.94941626
0.7,52.6193965,1.08611184
0.8,-15.31474709,0.81949253
0.9,-28.04173939,1.27162102
1.0,9.78914311,1.38692301
1.1,-78.00931625,0.89469579
1.14141667,-11.66917093,1.6806745
