segment,pitch,stretch
0.0,40.53181797,0.21292602
0.1,-79.79622597,0.44319206
0.2,21.49735674,1.24358812
0.3,-55.73934916,1.8690662
0.4,23.20661572,0.54697535
0.5,41.97074765,1.30478826
0.6,52.27145184,0.63048123
0.7,93.05733645,0.02951906
0.8,-66.29005128,0.85764237
0.9,33.10891926,0.24417151
1.0,32.34405322,0.30221595
1.1,-79.37829408,0.36799269
1.14141667,-10.98356943,0.09235364
