segment,pitch,stretch
0.0,-97.7648991,0.21825072
0.1,-16.18124336,0.34685571
0.2,-71.88539975,1.98263416
0.3,-75.84617329,0.64349693
0.4,-56.68697986,1.61870407
0.5,17.73104693,0.29134017
0.6,-2.03944779,0.74693677
0.7,-23.40421354,1.6892509
0.8,79.78220222,0.75730555
0.9,49.19641655,1.52241905
1.0,6.2438068,0.50964644
1.1,-8.92121489,1.05106393
1.14141667,-7.95185914,0.92890258
