segment,pitch,stretch
0.0,91.87661816,1.17079927
0.1,50.83330394,0.64172524
0.2,18.34519554,1.40609386
0.3,22.30074764,0.90388327
0.4,95.20498412,0.79397784
0.5,72.76337394,1.81598784
0.6,-55.2554668,0.92460727
0.7,40.41956934,0.47491525
0.8,33.49782038,1.81149804
0.9,54.50185549,1.46034495
1.0,97.73664267,0.9010875
1.1,-94.13406364,1.73722797
1.14141667,-2.98004272,1.32105832
