segment,pitch,stretch
0.0,20.05983972,0.17568044
0.1,58.91310592,0.80933432
0.2,6.72731042,1.75957191
0.3,-78.89679785,1.21569199
0.4,-8.33733298,0.08695144
0.5,65.10342581,0.71252573
0.6,-94.00807668,1.00569246
0.7,82.41977933,1.1966004
0.8,21.24581957,1.80975739
0.9,66.30338575,1.67881476
1.0,35.04204865,1.40354146
1.1,4.02018466,1.74539239
1.14141667,-34.41646074,1.86292193
