segment,pitch,stretch
0.0,-53.54532591,1.79603491
0.1,35.21996958,1.47877738
0.2,-90.61068842,1.16082327
0.3,-75.12121039,0.106313
0.4,48.70710406,1.06841222
0.5,86.28946076,1.74017904
0.6,45.489544,0.68432156
0.7,44.57812094,0.65048224
0.8,44.11209944,0.00926303
0.9,-21.41342931,1.21419888
1.0,-84.20192647,0.78397589
1.1,-99.95420293,0.82899641
1.14141667,-49.59774393,1.2854771
