segment,pitch,stretch
0.0,21.84597138,0.32027384
0.1,20.37277034,1.27666265
0.2,-38.05647077,0.76778972
0.3,83.17133122,0.10012893
0.4,-82.18280061,0.47887233
0.5,-51.21955322,1.03838134
0.6,49.78945812,0.07555661
0.7,-40.51378494,0.75483578
0.8,1.41973713,0.71745983
0.9,81.5294399,1.47800475
1.0,-99.24358897,0.97240811
1.1,-33.65546455,0.19261346
1.14141667,60.69238013,0.72595773
