segment,pitch,stretch
0.0,-64.5782484,1.76379527
0.1,-95.21268442,1.79782836
0.2,-61.56262693,1.19138868
0.3,-34.31563602,0.3364028
0.4,34.69813289,1.85790827
0.5,-19.20312526,1.04934312
0.6,-58.93366075,1.33665727
0.7,-0.21005651,1.34926899
0.8,20.08088994,0.04343107
0.9,-22.20564,1.26601971
1.0,28.75495026,1.47988988
1.1,-38.48195906,0.95787887
1.14141667,-66.99076148,1.1698671
