segment,pitch,stretch
0.0,-7.60998306,0.15669588
0.1,49.24268399,1.26966849
0.2,-14.79637539,1.70141129
0.3,72.88593464,0.39327529
0.4,-98.49561517,1.22367072
0.5,-60.8939001,1.1170169
0.6,32.63233263,1.5139571
0.7,-55.97134542,1.3547448
0.8,39.70722097,0.57513348
0.9,68.29525005,1.18430789
1.0,56.75484748,0.55199782
1.1,-66.7261144,0.76232347
1.14141667,62.31424057,0.18818323
