segment,pitch,stretch
0.0,94.69193791,1.31620058
0.1,-34.36771105,1.0910653
0.2,55.68663638,1.59108786
0.3,86.0282476,0.66651246
0.4,-27.64418732,0.77217464
0.5,2.79773792,1.2458794
0.6,23.29524749,0.78783747
0.7,19.50655052,1.5969386
0.8,27.94648957,0.07582998
0.9,-49.49366589,1.5026642
1.0,76.55940537,1.33889054
1.1,64.74077084,1.0242803
1.14141667,-14.36009756,1.81581141
