segment,pitch,stretch
0.0,28.02282509,1.0912119
0.1,67.2501468,0.20405477
0.2,93.9816164,1.91146091
0.3,-97.54085303,1.80081272
0.4,33.49018191,1.44786669
0.5,17.0509321,1.13344756
0.6,26.45613826,0.31385296
0.7,51.40945909,1.39043822
0.8,17.98116381,0.22424719
0.9,51.09259465,0.50632788
1.0,64.32650722,0.63678076
1.1,85.88377636,1.37629793
1.14141667,-27.47476,1.78255014
