segment,pitch,stretch
0.0,24.82218591,0.93385532
0.1,31.97554255,0.52068193
0.2,2.67321332,1.97452011
0.3,59.14891992,1.89922471
0.4,43.38272278,1.65471555
0.5,-74.72104069,0.60790691
0.6,-8.80505474,1.28029407
0.7,-25.97945718,0.93899149
0.8,1.17125942,1.17717124
0.9,33.37054961,0.6185284
1.0,-11.11162277,0.02478248
1.1,-2.67830525,1.255922
1.14141667,31.54441533,0.93433181
