segment,pitch,stretch
0.0,92.35208151,0.11616284
0.1,-25.91567626,0.27217006
0.2,-77.118008,0.89509921
0.3,29.86283118,0.0899849
0.4,-82.08951689,1.97506173
0.5,-83.67767675,1.23110802
0.6,-86.47421564,1.35680108
0.7,-6.33610425,0.07151016
0.8,1.07303098,1.17075437
0.9,-96.07937115,1.73539261
1.0,-53.89727413,0.96881955
1.1,72.38399251,1.26167389
1.14141667,18.55821878,1.82038754
