segment,pitch,stretch
0.0,-86.52864585,1.86196992
0.1,62.66288601,1.8926505
0.2,-36.77610058,1.91332722
0.3,78.93138724,1.07444311
0.4,-51.39513666,1.07416933
0.5,56.34952921,0.12961207
0.6,-69.85672492,1.17699672
0.7,24.5156499,1.53343293
0.8,-26.74412765,1.46760667
0.9,-62.82934115,0.88003625
1.0,-28.92551631,1.92230911
1.1,-90.71218946,1.24404618
1.14141667,-18.84584076,1.69798196
