segment,pitch,stretch
0.0,-3.34213948,0.40974575
0.1,-38.63024981,0.80270001
0.2,93.21737658,0.74121325
0.3,-71.56714532,1.50939527
0.4,55.55298997,0.92463097
0.5,-90.65516394,1.64741989
0.6,67.30065147,0.25308429
0.7,-92.19460914,0.31675775
0.8,-61.42846186,1.60624507
0.9,-71.57092401,1.37847828
1.0,-1.13377121,1.26755978
1.1,79.13585044,1.65811532
1.14141667,-60.54584427,1.5361609
