segment,pitch,stretch
0.0,-8.80419895,1.71520909
0.1,-89.09971713,1.65194622
0.2,52.16664129,1.05692719
0.3,75.50765895,0.39640522
0.4,-50.4048012,1.79941734
0.5,2.92186318,1.20893726
0.6,-2.99274005,1.83305713
0.7,-60.68394197,0.33461142
0.8,84.35232492,0.31328661
0.9,-25.72248864,0.81923703
1.0,11.86313501,0.47881167
1.1,19.03354401,1.95724467
1.14141667,81.65120736,0.25508289
