segment,pitch,stretch
0.0,99.65561003,0.62353112
0.1,51.66004125,1.24302148
0.2,-76.89948892,1.00690034
0.3,-80.20995182,0.78405984
0.4,2.11857074,1.32665648
0.5,-69.78084695,1.65847448
0.6,26.89866499,1.16684739
0.7,-26.3860397,0.37446638
0.8,-62.8791176,0.29075744
0.9,-29.35835396,1.21353551
1.0,-65.74026017,1.80876207
1.1,-54.48614685,1.93887729
1.14141667,-72.89507656,1.10272672
