segment,pitch,stretch
0.0,-12.37696907,0.2803327
0.1,-74.33992567,1.88376036
0.2,25.53493321,0.91026639
0.3,83.26189229,1.17113821
0.4,-45.64831235,1.71821817
0.5,-99.77349357,0.17657146
0.6,-74.31887281,1.49030567
0.7,75.20945209,1.8602258
0.8,-51.81750424,0.64574509
0.9,18.32650768,0.88825981
1.0,73.15349763,0.88956097
1.1,-1.80688698,1.29590222
1.14141667,90.12383701,0.60373453
