segment,pitch,stretch
0.0,40.36214047,1.71110023
0.1,27.48362985,0.87420818
0.2,40.29852831,1.60194799
0.3,-43.85061163,1.28609491
0.4,67.88325766,1.65987261
0.5,-16.70318953,1.36246258
0.6,-33.19947882,1.20639467
0.7,50.84300547,0.49083377
0.8,85.59312257,0.35642981
0.9,-72.45512146,1.25854162
1.0,-13.92502552,1.89656772
1.1,24.95517316,1.25997973
1.14141667,-51.28447362,1.23391695
