segment,pitch,stretch
0.0,26.32047113,0.49645865
0.1,33.56503539,1.57950196
0.2,-13.32899181,1.71930356
0.3,-92.77430448,0.44513477
0.4,55.50813545,0.90179218
0.5,-64.42128049,1.66921342
0.6,-93.19419433,0.28360175
0.7,47.86603083,1.17825667
0.8,2.57404089,1.90745253
0.9,8.38316132,1.47535418
1.0,27.09531385,1.20087323
1.1,53.99806352,1.42749806
1.14141667,-2.40011534,0.48284837
