segment,pitch,stretch
0.0,79.17712948,0.1163321
0.1,-73.07775463,1.90835001
0.2,-37.59236331,1.9055926
0.3,-95.60780002,1.66008027
0.4,-67.52212669,0.73855665
0.5,-72.3853784,0.63713084
0.6,55.41129583,1.4880735
0.7,-20.28029725,0.64813036
0.8,-85.08323843,1.12873134
0.9,93.86210994,1.32091412
1.0,-64.51549876,0.48515729
1.1,-56.22239298,0.45260231
1.14141667,-87.31995502,0.83170694
