segment,pitch,stretch
0.0,-80.70534425,0.51958598
0.1,22.50888873,0.40272379
0.2,14.34170807,0.41500449
0.3,-4.50498856,1.07783942
0.4,96.77548348,0.41791255
0.5,-75.14759677,0.19649285
0.6,-76.37814702,1.35074079
0.7,56.09158756,1.17748366
0.8,-57.46485918,0.31751956
0.9,-73.66863235,0.91321615
1.0,42.15899657,0.74407114
1.1,19.2074275,1.30375454
1.14141667,73.45250642,1.71176617
