segment,pitch,stretch
0.0,-72.31925436,1.48994907
0.1,-83.73511965,0.53964537
0.2,-34.49086418,1.99160806
0.3,89.08599927,1.65371383
0.4,15.76228722,0.71585117
0.5,-84.79877229,1.9295887
0.6,83.5619566,1.67418928
0.7,42.48197655,0.08287571
0.8,-87.12007155,1.63295741
0.9,28.75196149,1.21441085
1.0,-5.66779728,0.56429709
1.1,65.6210541,0.84703209
1.14141667,66.2198893,1.20117356
