segment,pitch,stretch
0.0,61.78794522,1.97484666
0.1,4.50431056,0.96091983
0.2,87.06600164,0.70017416
0.3,-50.17402877,1.10448753
0.4,83.36029749,1.70782321
0.5,8.31108396,1.13285952
0.6,5.04176223,1.82902413
0.7,56.70114588,1.37286666
0.8,70.37202236,0.44462653
0.9,-13.49259223,1.21851224
1.0,39.49828834,1.0087257
1.1,31.75997337,1.65374974
1.14141667,63.51917266,1.67507453
