segment,pitch,stretch
0.0,27.92501493,1.51631653
0.1,59.24114929,0.28885009
0.2,-68.02156992,0.05176143
0.3,5.60235983,1.90669743
0.4,2.69393326,1.86364642
0.5,90.0176611,0.90725653
0.6,41.09060442,0.95347669
0.7,62.7475479,0.30246882
0.8,66.62159186,0.88737081
0.9,14.67969687,1.21320472
1.0,69.55311158,1.54236415
1.1,90.37756358,0.74421088
1.14141667,17.28405695,1.15025617
