segment,pitch,stretch
0.0,80.67919688,0.20606147
0.1,-27.94865849,1.11725372
0.2,22.32787623,0.05039174
0.3,45.22188439,1.66716796
0.4,-7.80157648,0.33872424
0.5,86.06729103,1.77425049
0.6,-43.84449169,0.57660507
0.7,41.33735645,1.5995083
0.8,-33.22134049,0.05507617
0.9,24.39834814,1.78566
1.0,-32.3038852,0.95403795
1.1,18.07242607,1.61112926
1.14141667,-15.85341792,1.37482411
