segment,pitch,stretch
0.0,31.52597312,1.25975377
0.1,-1.25149155,1.40968559
0.2,-73.66629191,0.44233903
0.3,-22.64766564,0.80840944
0.4,-99.62555954,0.2410145
0.5,16.96824428,0.92564841
0.6,87.0103995,1.23012294
0.7,40.33133886,1.75550661
0.8,20.73958679,1.48031201
0.9,42.51308569,0.50269543
1.0,-2.19499318,0.37203423
1.1,-32.36810626,0.07986375
1.14141667,-26.20670126,1.98266687
