segment,pitch,stretch
0.0,48.88340935,1.81109224
0.1,-0.9314083,0.91261377
0.2,10.65492222,0.6391442
0.3,53.80361557,1.7256034
0.4,-55.5093235,1.10196828
0.5,25.35597856,1.92121955
0.6,30.25602932,1.45045528
0.7,-14.25396351,1.70872625
0.8,-99.95037684,0.23726838
0.9,-31.56392694,0.64113417
1.0,4.49716215,1.46769435
1.1,30.67655198,0.95921
1.14141667,-27.21370615,0.8849765
