segment,pitch,stretch
0.0,29.48435579,0.24977075
0.1,-12.86077023,0.60660691
0.2,46.37578497,0.99456154
0.3,-59.94288497,0.72384829
0.4,-53.99559511,1.72248011
0.5,45.88563697,1.3825471
0.6,-44.14854504,1.83694132
0.7,-61.31230077,1.25302686
0.8,44.45043245,0.61220659
0.9,-5.57853866,1.12870649
1.0,59.99037779,1.29442933
1.1,-49.32219251,1.14424628
1.14141667,81.26576792,1.85932034
