segment,pitch,stretch
0.0,67.84600602,1.17631247
0.1,36.11985477,0.77880018
0.2,27.42056963,1.26171942
0.3,-51.17670217,1.79238294
0.4,-40.37414298,0.78218598
0.5,-24.2536038,0.94203558
0.6,-18.35468105,1.40818336
0.7,-4.97614975,1.58219359
0.8,48.20606938,0.2158889
0.9,15.99502717,1.46917473
1.0,-62.82085154,1.96668642
1.1,-6.95701983,0.54762735
1.14141667,-66.75848558,0.46814151
