segment,pitch,stretch
0.0,-14.63662445,0.11578422
0.1,28.45864879,0.2814116
0.2,-0.68000434,0.85291147
0.3,-26.73602813,1.69973262
0.4,-7.71050008,1.01442459
0.5,33.14788708,1.55366455
0.6,78.18456635,0.0771969
0.7,24.14901592,1.35224055
0.8,45.35031598,0.5357761
0.9,65.59077206,0.6562808
1.0,11.68649512,0.44961624
1.1,25.97419467,0.01039806
1.14141667,-65.02919288,0.96489683
