segment,pitch,stretch
0.0,-12.44319925,1.98503206
0.1,-94.85502328,1.00846088
0.2,-56.9043045,0.69384134
0.3,-18.59020178,1.76201014
0.4,9.27721525,1.29911711
0.5,-86.5437561,1.18024894
0.6,-6.68115528,0.3019838
0.7,82.47774992,1.87001672
0.8,-64.79498014,1.60167076
0.9,54.51357441,0.75456566
1.0,-5.80014692,1.39935428
1.1,-22.72142846,0.80764916
1.14141667,-12.07204915,0.54525676
