segment,pitch,stretch
0.0,-34.09524263,1.8496634
0.1,-96.84709912,0.45560216
0.2,50.61027766,1.64061159
0.3,75.53545681,1.47890307
0.4,-11.09035491,1.68043792
0.5,-32.76275645,1.54166683
0.6,32.12090996,1.68743351
0.7,-30.8132539,0.64759962
0.8,22.22892657,0.33521066
0.9,48.07685608,1.44369098
1.0,58.76836578,1.75878727
1.1,73.49278781,0.3973942
1.14141667,-47.33826583,0.72301886
