segment,pitch,stretch
0.0,31.0161768,1.90021395
0.1,0.0889317705,0.95233189
0.2,46.8782722,1.49745041
0.3,20.2217261,1.87832474
0.4,-75.3235401,0.82836314
0.5,-43.9350846,1.74071043
0.6,-25.4763074,0.83584892
0.7,57.0842413,0.40885784
0.8,-10.8459606,0.0344692
0.9,34.0534095,0.38075821
1.0,-48.9572729,0.97802108
1.1,41.6078861,1.78850331
1.14141667,89.2588617,0.64465129
