segment,pitch,stretch
0.0,81.29896276,1.84653902
0.1,10.36603333,0.13478562
0.2,8.35324856,0.94963174
0.3,-66.51351758,1.29333262
0.4,-19.45806563,1.48753389
0.5,-58.39785432,0.87507315
0.6,46.12503886,0.81797836
0.7,62.56502679,0.19667337
0.8,-52.99701324,1.45215497
0.9,-33.6735275,0.65007173
1.0,-78.87268894,0.20219426
1.1,47.87204517,1.36792015
1.14141667,74.99011566,0.90297384
