segment,pitch,stretch
0.0,90.66907536,1.99403643
0.1,72.1103631,1.04548327
0.2,26.87452534,1.50586628
0.3,6.75702651,0.53204978
0.4,23.23177759,1.50109817
0.5,30.56866271,1.68700691
0.6,57.20013944,1.22814782
0.7,-0.22903735,0.68677654
0.8,-52.83374868,0.16935265
0.9,17.90238633,1.6413624
1.0,-5.19579317,0.78947627
1.1,32.18274643,1.67130665
1.14141667,-41.41608864,0.60178735
