segment,pitch,stretch
0.0,-53.51170013,1.23930721
0.1,22.43069403,1.87824365
0.2,76.49850355,1.04540565
0.3,-26.04467818,0.74804464
0.4,10.21052213,1.02623151
0.5,-33.91239394,0.44701704
0.6,-37.39906136,1.30919953
0.7,-15.74853616,0.18736923
0.8,-76.74234048,0.18564871
0.9,-48.3260074,1.17609684
1.0,5.27584724,1.34947555
1.1,-21.29877932,1.84245713
1.14141667,-7.48629225,1.719326
