segment,pitch,stretch
0.0,-18.48690039,1.01817279
0.1,2.00658383,1.07027472
0.2,-2.94190468,1.8363238
0.3,-70.41816724,1.54493363
0.4,42.499536,1.83513374
0.5,-25.6895716,1.43442208
0.6,24.56038129,0.46610817
0.7,59.83625403,0.92581496
0.8,-85.83359491,0.79367703
0.9,39.11680953,0.597416
1.0,30.08122272,0.36055565
1.1,-5.29636358,1.2213186
1.14141667,-4.96320047,0.37525838
