segment,pitch,stretch
0.0,-97.54424604,0.84357782
0.1,-75.45987253,1.86814554
0.2,-45.23023412,0.72033873
0.3,-36.48297354,0.94694734
0.4,90.93714811,1.41055146
0.5,8.51204829,1.86444056
0.6,-18.08952278,0.86787291
0.7,-30.86608274,0.05470733
0.8,9.52121427,0.89406548
0.9,32.93587108,0.95464127
1.0,4.3572217,1.5370853
1.1,48.01606994,0.95273062
1.14141667,-31.34314553,1.18622343
