segment,pitch,stretch
0.0,50.89359321,0.2476649
0.1,67.76879412,1.0854265
0.2,-81.54654368,0.81961479
0.3,43.01535886,0.19337372
0.4,70.5994589,1.4133999
0.5,54.22966785,1.87052434
0.6,63.66278597,1.18003603
0.7,54.80881275,0.71997381
0.8,-36.8716549,1.84179943
0.9,-16.05414027,1.80548829
1.0,26.79902818,1.35265762
1.1,42.00785038,1.5454492
1.14141667,-97.97546667,1.76672178
