segment,pitch,stretch
0.0,-4.59270946,0.96600392
0.1,87.12148448,0.37352176
0.2,-1.03135673,1.4847994
0.3,18.20955088,0.74275765
0.4,-35.26567146,1.11817965
0.5,48.20040324,0.19607771
0.6,-62.48303314,1.4536673
0.7,-26.20926228,1.28644453
0.8,82.63879423,1.57088446
0.9,-38.684924,1.0364094
1.0,55.23852166,0.92106483
1.1,-91.44946661,0.53277404
1.14141667,47.35020577,0.90465351
