segment,pitch,stretch
0.0,92.96865197,0.97097631
0.1,83.19708081,1.21196334
0.2,-93.00429792,0.21493139
0.3,90.20261319,0.41981713
0.4,-87.15662035,1.50078267
0.5,-47.24627787,1.52836047
0.6,59.30035154,0.33218379
0.7,-15.62578407,0.67593379
0.8,-24.02578561,0.65338916
0.9,-81.73454308,1.43079887
1.0,8.5752321,0.1051972
1.1,81.49647055,1.769445
1.14141667,-18.83163279,0.88398821
