segment,pitch,stretch
0.0,-70.25391747,1.92256059
0.1,27.74894857,0.54123007
0.2,46.03152981,0.1167021
0.3,-29.20691402,0.14269419
0.4,-31.45553026,0.19948758
0.5,35.02826995,1.84749686
0.6,-8.95158706,0.431015
0.7,81.46107147,0.56033936
0.8,-2.93504405,0.91187984
0.9,64.39331925,1.61465115
1.0,-8.26962553,0.879149
1.1,56.99467859,1.56755984
1.14141667,-1.61116333,1.10827976
