segment,pitch,stretch
0.0,68.21405675,0.55022537
0.1,-26.26254382,1.84018601
0.2,35.91187259,1.28391887
0.3,-90.62874651,0.7250288
0.4,48.9626863,0.78464607
0.5,-34.38890804,0.26698233
0.6,-26.35114845,0.62081799
0.7,76.17282181,1.40858926
0.8,-86.28711417,0.07240201
0.9,-66.41984683,0.58270484
1.0,74.29634714,0.30597621
1.1,-35.97062469,0.43438998
1.14141667,81.32540921,1.7101157
