segment,pitch,stretch
0.0,-8.10737453,1.83762725
0.1,-14.13185222,1.41917184
0.2,-21.48127278,1.32076247
0.3,24.9697288,0.20954591
0.4,-13.99641156,0.92966731
0.5,-59.00404828,0.48144728
0.6,-79.56959599,1.07022563
0.7,56.96667595,0.90878311
0.8,53.96652251,0.75598619
0.9,-43.28510596,1.20570373
1.0,-17.06884575,0.31173544
1.1,91.20873705,1.67692112
1.14141667,-64.77412729,0.58516183
