segment,pitch,stretch
0.0,80.33750743,1.13543916
0.1,50.4773299,1.15832638
0.2,7.50934865,0.2432056
0.3,-9.23463682,1.81011187
0.4,9.13658121,0.142234
0.5,11.12128685,1.17532286
0.6,-94.30640228,1.06397509
0.7,-51.41178114,1.83631312
0.8,28.26572128,1.0285842
0.9,-71.75232094,1.74888075
1.0,86.09965629,1.95722924
1.1,27.28800681,1.49997067
1.14141667,32.1776899,0.76864943
