segment,pitch,stretch
0.0,-19.68619325,1.03147718
0.1,-87.11615832,0.42572581
0.2,-95.93801111,0.42961524
0.3,-36.11130254,0.83502292
0.4,44.26071217,0.03473652
0.5,-39.2988483,1.20822798
0.6,62.48778593,1.18718182
0.7,52.37424386,1.97278033
0.8,-0.1573475,0.95899662
0.9,-27.30900442,1.95617549
1.0,64.437364,1.1037214
1.1,-54.68999944,0.03680944
1.14141667,18.07624972,0.86571474
