segment,pitch,stretch
0.0,23.60578837,0.63425727
0.1,-3.14983338,1.7754945
0.2,-32.92235137,0.84759541
0.3,-1.34182542,1.87294824
0.4,93.68763921,1.4991828
0.5,-85.50777255,1.10660002
0.6,-85.09508772,0.8131343
0.7,7.18307218,0.28255977
0.8,71.4646736,1.69345703
0.9,-27.01392426,1.4556034
1.0,31.10228405,0.26157835
1.1,31.74339728,0.26714034
1.14141667,-94.28644022,0.94934419
