segment,pitch,stretch
0.0,-19.05595024,0.68019134
0.1,-75.2439284,1.48812532
0.2,73.58371037,1.47426358
0.3,72.8422127,1.18227817
0.4,87.31483881,0.74535438
0.5,88.67402032,0.76739834
0.6,91.38706715,0.06667957
0.7,90.60838166,1.82416942
0.8,-56.24221492,0.37839273
0.9,-99.28918443,1.88338523
1.0,35.48222753,1.00153988
1.1,31.92310883,0.82891918
1.14141667,-76.51594679,0.92801119
