segment,pitch,stretch
0.0,71.07945552,0.53145649
0.1,1.72594823,1.53992391
0.2,19.45974481,1.55701493
0.3,86.97846053,1.64837469
0.4,79.47360606,1.11154263
0.5,53.5019262,1.86343254
0.6,-89.17896142,1.50195398
0.7,-98.52094084,1.86567231
0.8,20.28209343,1.56384749
0.9,88.49530421,0.34177252
1.0,-80.39175175,1.02561869
1.1,51.29541508,0.56375965
1.14141667,-36.16508332,1.26691699
