segment,pitch,stretch
0.0,73.91884807,1.70558003
0.1,-4.43109792,0.86348917
0.2,-1.1803274,1.37952802
0.3,-41.71220888,1.18502501
0.4,94.20925974,0.88169131
0.5,-88.02698337,1.38963069
0.6,27.05940028,1.01487063
0.7,-90.83448332,1.12640019
0.8,-22.69696081,1.31593489
0.9,-24.03182976,0.18197264
1.0,92.21203229,1.50863552
1.1,48.64996004,0.67746017
1.14141667,-33.54561586,0.44809852
