segment,pitch,stretch
0.0,-39.69174356,1.76181843
0.1,9.71823043,0.25866572
0.2,47.82156503,1.61194964
0.3,-70.45683827,1.00408981
0.4,-70.36375892,1.40275429
0.5,-78.09117144,0.47534453
0.6,43.3001696,1.96075546
0.7,27.56713446,0.78248667
0.8,54.98161832,1.42706625
0.9,-79.78278868,0.63840216
1.0,66.03849917,0.77310904
1.1,-45.24869993,1.03848478
1.14141667,-78.78234865,0.62693219
