segment,pitch,stretch
0.0,11.59350968,0.78726405
0.1,40.81107613,1.79331487
0.2,-15.1904996,0.91103842
0.3,89.24451679,1.66546006
0.4,-35.68541546,0.53464919
0.5,92.69842634,1.51644435
0.6,-52.28509248,0.98448653
0.7,1.93852767,1.205197
0.8,-10.33641694,0.28061757
0.9,34.36690201,0.51699626
1.0,-77.64706819,0.47222197
1.1,76.32096038,0.79708902
1.14141667,40.38883179,0.55336356
