segment,pitch,stretch
0.0,-19.87682244,1.26137433
0.1,33.32374643,1.39217721
0.2,-3.87894318,0.64379498
0.3,29.76228245,0.20991032
0.4,51.30696026,0.92641495
0.5,-78.80141905,1.10165323
0.6,-63.85822427,0.79329942
0.7,42.50280172,1.85994667
0.8,-6.05328021,0.58419589
0.9,-43.35461535,0.82252221
1.0,-40.42814,0.37530869
1.1,43.1107058,1.62426313
1.14141667,48.8884653,0.25399184
