segment,pitch,stretch
0.0,-2.26654668,0.86240832
0.1,-20.96535275,0.10770288
0.2,-92.77471831,0.29391464
0.3,-41.09891514,0.90200695
0.4,21.41579928,0.53087956
0.5,84.32473672,0.6185453
0.6,-7.32763276,1.44054295
0.7,52.18499563,0.32966842
0.8,-68.20477543,1.53912075
0.9,-22.99427194,0.23010323
1.0,66.06872795,1.59369
1.1,60.52269561,1.29137405
1.14141667,-21.51058351,0.33848916
