segment,pitch,stretch
0.0,-7.04216505,1.22183085
0.1,-11.87234916,1.49208882
0.2,-44.2803311,1.66594676
0.3,-33.48539095,1.20857206
0.4,-30.66632825,1.55100571
0.5,5.12098552,1.20066823
0.6,76.31297074,0.51155743
0.7,-95.75714611,1.22623112
0.8,-15.0883645,1.3067619
0.9,-66.51821809,0.27321929
1.0,24.92927073,1.50495187
1.1,28.15773493,0.60510891
1.14141667,-73.78496191,0.95799251
