segment,pitch,stretch
0.0,43.32765963,1.51920685
0.1,45.76153083,0.42836727
0.2,-62.16242608,0.56843373
0.3,-30.84709198,1.83816406
0.4,-15.32148538,1.01193494
0.5,-3.92861786,1.55400373
0.6,-94.5437235,1.12707216
0.7,-29.55734016,0.27197114
0.8,16.52036557,0.90252007
0.9,-55.91925225,1.1595464
1.0,28.88142595,0.95634361
1.1,-24.47239612,1.55784051
1.14141667,-15.15983636,1.24371342
