segment,pitch,stretch
0.0,21.06287569,1.43701335
0.1,15.36105543,1.59777978
0.2,-30.59586006,0.73016849
0.3,79.94920558,0.61979898
0.4,-61.07313039,0.89579179
0.5,-45.04655322,0.56474332
0.6,-50.58543561,1.20782806
0.7,1.01417539,0.1338859
0.8,-5.64267087,0.84409368
0.9,-45.78723347,0.94921143
1.0,-89.41556612,1.42685707
1.1,-62.55272039,0.52153694
1.14141667,-65.25853362,0.03253725
