segment,pitch,stretch
0.0,-75.17146498,1.089409
0.1,46.33935976,1.6263792
0.2,-45.77559624,1.21732858
0.3,9.72100852,1.37490977
0.4,-30.50694127,0.6324598
0.5,-94.17429558,1.7974238
0.6,-28.13617215,0.57188639
0.7,-28.4188466,1.86268987
0.8,-90.88658969,0.77070175
0.9,-86.52176531,0.98256413
1.0,-71.77832171,1.81058431
1.1,-45.71816919,0.40934231
1.14141667,-83.07448419,1.33989868
