segment,pitch,stretch
0.0,-16.75461083,1.95083346
0.1,96.68168603,0.13048675
0.2,48.99544256,1.72232558
0.3,0.76904268,0.90654128
0.4,87.66540715,1.62595787
0.5,-64.38324185,1.92320359
0.6,8.96877637,1.99291341
0.7,95.71714798,0.90201811
0.8,81.75759789,1.76576748
0.9,-61.95503167,0.88798876
1.0,-55.56251199,1.6846147
1.1,-58.25099621,0.34329039
1.14141667,8.35767044,1.96569685
