segment,pitch,stretch
0.0,-35.48786366,0.49504086
0.1,20.95778916,1.47718928
0.2,62.15303642,1.37622644
0.3,90.70594658,1.090534
0.4,-91.65456069,1.77275196
0.5,51.13487531,0.71177308
0.6,-71.75851132,1.53575502
0.7,75.8077585,1.84732491
0.8,55.46081372,1.36043897
0.9,-65.5842371,0.49785511
1.0,-78.54616608,0.675821
1.1,28.288087,0.82554017
1.14141667,-82.62675802,1.54903202
