segment,pitch,stretch
0.0,0.502201089,0.86927053
0.1,60.5239588,1.18411144
0.2,14.8896647,1.09736758
0.3,33.3476675,0.85219326
0.4,-28.4988199,1.84806057
0.5,28.3484092,0.42773876
0.6,0.0905536847,0.73121711
0.7,54.7024864,1.15803728
0.8,1.33415816,0.61345655
0.9,-13.0540877,0.13219128
1.0,52.916246,1.90220579
1.1,90.7997148,0.08725417
1.14141667,-8.48372177,0.24224984
