segment,pitch,stretch
0.0,-21.91967555,1.68245119
0.1,91.57394563,1.59408112
0.2,36.69639527,1.87320817
0.3,49.32913832,0.9971053
0.4,-66.50012676,1.23937568
0.5,-22.18417908,0.78790083
0.6,-11.64747799,1.45514656
0.7,16.78402924,1.30242105
0.8,-35.07680491,0.24404159
0.9,-47.13966378,1.54963109
1.0,-56.86354315,0.08757984
1.1,55.93889528,0.36331554
1.14141667,-72.65806652,1.16103238
