segment,pitch,stretch
0.0,-62.26311894,1.28550191
0.1,-29.91083856,1.44908257
0.2,15.05518922,1.49435197
0.3,42.74752122,1.40225876
0.4,-82.94715379,0.68570722
0.5,37.27231389,0.51806123
0.6,-2.79734893,0.97258992
0.7,-1.09065832,1.55837167
0.8,-9.82092664,1.89681416
0.9,23.81657268,0.75154366
1.0,-52.21798744,1.13672713
1.1,37.97882758,0.30687483
1.14141667,-91.20085826,1.92977141
