segment,pitch,stretch
0.0,59.9246686,0.7705426
0.1,34.317104,1.35720794
0.2,-16.35349213,1.64741756
0.3,-3.89642432,1.32981589
0.4,29.46938807,1.18335147
0.5,87.19069856,0.80157352
0.6,31.58848926,0.21433163
0.7,67.19434404,0.24954864
0.8,60.57808794,0.17414225
0.9,42.29794733,1.41029666
1.0,-49.75875444,0.53247326
1.1,36.47194949,0.97948889
1.14141667,15.25504346,0.82870392
