segment,pitch,stretch
0.0,43.15008187,0.59817128
0.1,24.02390962,1.29748795
0.2,-95.3793201,1.68650969
0.3,82.44818603,1.04360825
0.4,96.86378599,0.82058252
0.5,-43.25779178,0.73375513
0.6,12.6296565,1.21996468
0.7,-32.61590279,0.98168448
0.8,-92.74817171,0.96960348
0.9,-55.04777924,1.54184603
1.0,41.28376208,0.3785813
1.1,-93.29506514,0.77112731
1.14141667,30.09941121,1.64506238
