segment,pitch,stretch
0.0,-91.39287319,1.90354156
0.1,22.10547383,0.54315679
0.2,-21.22592408,0.64106827
0.3,72.24714003,1.19782448
0.4,61.38684723,0.97884644
0.5,-33.49357785,0.24795855
0.6,-22.32450075,0.94645389
0.7,-57.48612132,1.89730656
0.8,-68.59893206,1.68481666
0.9,-44.92566121,1.9522513
1.0,65.4486236,1.20961361
1.1,30.92096177,0.71442014
1.14141667,-41.22661434,1.65151151
