segment,pitch,stretch
0.0,-12.92579621,0.69257516
0.1,-83.76206763,0.3669474
0.2,8.75840191,1.35168974
0.3,84.80447407,1.19666067
0.4,62.85847249,0.92674054
0.5,21.76785207,0.08598487
0.6,6.97816489,1.35944082
0.7,-86.0139957,0.40801395
0.8,-31.9986614,1.30840385
0.9,58.55739279,0.77850164
1.0,57.42681178,0.4123153
1.1,23.41016661,0.92972911
1.14141667,-76.83545062,1.44793497
