segment,pitch,stretch
0.0,79.95241149,1.70123976
0.1,-65.45578173,1.16294222
0.2,-34.41519325,1.81604524
0.3,38.48230949,0.26183363
0.4,64.05646687,1.16023808
0.5,42.76609293,0.78601448
0.6,43.76059306,0.22240252
0.7,-40.85862295,0.92550901
0.8,-7.68978463,1.56491044
0.9,-34.17758246,1.71737079
1.0,-15.53383771,1.35150503
1.1,40.53193297,0.89943186
1.14141667,27.68989524,1.16382615
