segment,pitch,stretch
0.0,28.80890163,0.00807448
0.1,1.83594253,1.18328739
0.2,-49.19445344,0.21319227
0.3,-70.77665619,1.3297124
0.4,-7.07365357,0.54545246
0.5,-3.71167603,1.13976731
0.6,-5.89788173,1.92534018
0.7,-8.85470239,1.58910715
0.8,-41.07718235,0.82088611
0.9,74.79866108,1.16352624
1.0,67.9411898,0.62223628
1.1,-68.57372393,1.92120245
1.14141667,4.6478635,0.9834755
