segment,pitch,stretch
0.0,2.442736,0.0501212
0.1,-5.83495052,0.90036752
0.2,-32.74029462,0.867095
0.3,-17.9207749,1.25241404
0.4,53.89951696,1.67759172
0.5,24.94391855,0.01553626
0.6,80.54570604,1.57070252
0.7,-69.18774393,0.9248427
0.8,-15.07298286,1.33887414
0.9,-32.34798788,0.16575364
1.0,-56.5580714,0.79462378
1.1,-26.54917843,1.53751958
1.14141667,7.68459279,1.02892378
