segment,pitch,stretch
0.0,43.42961838,1.28400626
0.1,48.91207132,0.70533895
0.2,-68.42359385,0.06316808
0.3,77.65804288,0.61229951
0.4,98.73987553,0.63250943
0.5,-52.72140445,0.92323899
0.6,75.92396611,1.83199323
0.7,-55.96148037,0.13437825
0.8,-32.72936207,0.25967485
0.9,28.49983495,1.88952139
1.0,-51.57941373,1.26440491
1.1,-3.09394124,1.62136954
1.14141667,-55.77116461,0.52928256
