segment,pitch,stretch
0.0,96.44398525,1.17315673
0.1,58.64276863,1.27749253
0.2,51.81481339,1.1144114
0.3,-64.43762051,1.21045132
0.4,63.07008095,0.41630439
0.5,-43.71617537,1.08327256
0.6,-84.48557002,0.86809625
0.7,14.0703742,0.60841711
0.8,19.35462783,1.19219408
0.9,56.69702577,0.43210491
1.0,31.89376026,1.42396854
1.1,24.17860953,1.30706823
1.14141667,6.37321077,1.87189595
