segment,pitch,stretch
0.0,-43.09575809,0.3387751
0.1,-81.59758754,0.93263347
0.2,-22.20264254,1.36728443
0.3,-56.41027235,0.90941875
0.4,-55.14696793,1.38478795
0.5,48.08973996,0.25504986
0.6,-19.5107077,1.77925453
0.7,-89.2518139,0.95413505
0.8,81.37542917,1.08287655
0.9,-79.21888814,1.06879943
1.0,-51.09677691,1.22707958
1.1,97.24624771,0.21706358
1.14141667,24.04850575,1.25974501
