segment,pitch,stretch
0.0,43.89869303,1.60661373
0.1,1.87533794,1.45479188
0.2,22.29443787,0.2596898
0.3,80.0665813,0.92411688
0.4,34.98439119,1.59995731
0.5,-5.43009148,1.70569439
0.6,51.77910051,0.57553958
0.7,16.33164281,0.89044664
0.8,2.69660121,0.56880668
0.9,67.97713521,0.83892608
1.0,-78.89064935,1.1265108
1.1,3.66517483,0.22006075
1.14141667,28.89118946,0.49062162
