segment,pitch,stretch
0.0,86.44994592,1.69194736
0.1,7.63178802,0.83872638
0.2,-68.95019939,0.55238716
0.3,-19.25414858,1.64450662
0.4,5.39546389,0.91876663
0.5,20.19612144,0.91460909
0.6,88.15131552,0.72746198
0.7,84.05133241,1.17210229
0.8,18.28772813,0.48759889
0.9,-3.11882385,0.4590784
1.0,81.34502304,1.36208331
1.1,18.48433462,1.07205194
1.14141667,-13.70994255,1.11587149
