segment,pitch,stretch
0.0,74.36342959,1.72708448
0.1,-30.85430556,1.83054559
0.2,13.18853344,1.07667785
0.3,-73.4727048,0.33228497
0.4,-60.45191565,1.17453787
0.5,-94.12873808,0.39690451
0.6,-31.82345599,0.26650884
0.7,-60.29460257,1.00925451
0.8,84.08431252,0.39924312
0.9,59.02610937,1.81273618
1.0,-79.41538286,0.80693123
1.1,76.10910119,0.30944745
1.14141667,-73.19197608,0.11210384
