segment,pitch,stretch
0.0,-54.46681575,0.14617917
0.1,40.48652867,1.23122751
0.2,23.52786486,1.6621536
0.3,-2.9574454,1.2319681
0.4,-10.10362515,0.6831451
0.5,-29.51615189,0.23334627
0.6,-9.00744172,0.55635706
0.7,20.65779738,0.94920478
0.8,-2.21401948,0.83951845
0.9,-19.8598657,0.61186305
1.0,-89.62311782,0.18517136
1.1,-1.41224571,1.59243868
1.14141667,75.71209492,0.66484659
