segment,pitch,stretch
0.0,72.08151479,0.02168505
0.1,45.77778304,1.85239049
0.2,-82.5276636,1.68256568
0.3,93.298167,1.54601332
0.4,93.41383715,0.74917044
0.5,44.55697815,0.52191063
0.6,71.09875097,0.75161146
0.7,-29.64579103,0.91567366
0.8,20.73326138,0.94859262
0.9,72.60488573,1.72561772
1.0,-70.97946128,1.57781657
1.1,-60.87275594,1.52145589
1.14141667,-85.57693971,0.47604353
