segment,pitch,stretch
0.0,57.66287293,0.97919047
0.1,97.93839552,1.75049415
0.2,-36.35390522,0.42601853
0.3,-90.18432496,0.19355807
0.4,77.46855699,0.61301907
0.5,-58.59457593,1.34428146
0.6,17.75527267,0.94860776
0.7,-51.28739939,0.59865159
0.8,-48.80162111,1.44134646
0.9,-72.58398365,0.53845546
1.0,2.3507173,1.04957874
1.1,-12.63030399,1.86480696
1.14141667,70.79914173,0.77055656
