segment,pitch,stretch
0.0,-3.63018758,1.78860692
0.1,-68.16293379,0.86300874
0.2,94.54361928,1.08735966
0.3,25.0958546,0.96562877
0.4,-99.12905949,1.65441916
0.5,-47.00596257,1.19889603
0.6,-38.46033818,0.04010608
0.7,-52.37005629,0.99288232
0.8,29.27180561,1.70634134
0.9,-18.83326647,0.96715022
1.0,-60.91466225,1.75736357
1.1,-20.82797719,1.93453934
1.14141667,-55.17315813,0.43289188
