segment,pitch,stretch
0.0,-75.20654592,1.24662129
0.1,-31.46313263,0.24120097
0.2,63.43023055,1.64296857
0.3,-47.83204011,1.68842927
0.4,-12.06704185,1.52780869
0.5,21.92378147,1.9277995
0.6,3.15866922,1.64875421
0.7,77.16646097,0.97228607
0.8,-55.69194491,1.26011495
0.9,59.76392534,0.74800621
1.0,5.24846484,0.89870469
1.1,17.5272775,1.45858483
1.14141667,77.18549428,1.898714
