segment,pitch,stretch
0.0,78.85650806,0.8693317
0.1,98.66013561,0.2047511
0.2,40.76629431,0.17301427
0.3,37.46576167,0.67884544
0.4,36.62059925,0.49967362
0.5,-15.30499106,0.06276407
0.6,13.92967978,1.96544584
0.7,41.98872019,0.03052065
0.8,86.5834428,0.2363001
0.9,-38.49262182,0.76897263
1.0,17.09638043,0.53014972
1.1,-31.08676799,0.03830657
1.14141667,-1.70593486,1.08106094
