segment,pitch,stretch
0.0,13.80814112,1.2271562
0.1,19.46844734,1.61118861
0.2,5.44159656,0.15248074
0.3,-30.10347892,0.72176975
0.4,18.89004006,0.85736007
0.5,-41.56620467,0.93541907
0.6,78.21333882,0.88345852
0.7,-2.20389314,0.73881895
0.8,42.46944935,1.15712901
0.9,7.43342861,0.43903082
1.0,7.65664638,1.76731761
1.1,-28.82008034,0.22544414
1.14141667,6.75912925,1.35522594
