segment,pitch,stretch
0.0,-8.66035044,0.70372859
0.1,11.88684572,1.47681639
0.2,23.35041769,0.64470435
0.3,-37.90327363,1.56559927
0.4,45.26650228,1.14051426
0.5,12.4690991,1.60497973
0.6,58.54250001,0.30568471
0.7,58.24910466,1.81700224
0.8,-35.3411559,1.43759129
0.9,-53.99539951,0.25921988
1.0,-76.41563875,1.68099514
1.1,34.96634112,1.15112209
1.14141667,39.45751875,1.32420089
