segment,pitch,stretch
0.0,-49.41608192,0.77831595
0.1,-30.3512703,1.71978765
0.2,67.54613393,0.27102863
0.3,-93.47597167,1.6891978
0.4,23.22725928,1.07215267
0.5,60.03248628,0.57646816
0.6,26.16426079,0.14253766
0.7,19.22865529,1.98223022
0.8,-91.4658834,0.38558498
0.9,-80.8404627,0.04175319
1.0,-14.65228926,0.76552701
1.1,-63.24456299,1.41782634
1.14141667,-10.86817626,0.38733853
