segment,pitch,stretch
0.0,-89.5654403,0.58902414
0.1,22.6491102,1.07347561
0.2,-98.1829822,0.10029967
0.3,90.0677545,1.58545922
0.4,76.6949101,0.62840151
0.5,-16.5739388,1.47484594
0.6,79.5444963,1.47385209
0.7,-64.5918564,0.37637466
0.8,-15.773904,0.13457703
0.9,2.27312472,1.1026559
1.0,-19.5846244,1.06735265
1.1,-33.3610299,1.0785035
1.14141667,0.0777115779,0.45867653
