segment,pitch,stretch
0.0,-98.99819352,0.75283852
0.1,-75.19453636,1.12271703
0.2,-64.62080883,1.03950179
0.3,60.55534082,1.75484814
0.4,-90.56866614,1.22078165
0.5,42.02544068,1.13870982
0.6,95.75892424,0.70777339
0.7,11.40295424,0.47085937
0.8,-4.00612114,0.55212985
0.9,-4.86106881,0.16027773
1.0,-58.99614613,0.43365065
1.1,-54.09355535,0.99941172
1.14141667,71.69194122,1.8664191
