segment,pitch,stretch
0.0,-26.33962447,0.73205954
0.1,90.14414926,1.21722748
0.2,36.49157083,0.48830962
0.3,0.20485884,0.00253956
0.4,2.73533424,1.70776767
0.5,-61.29276224,0.02952435
0.6,-95.66702586,1.54669239
0.7,-35.26576559,0.99240925
0.8,-94.7492639,1.04883532
0.9,89.80577362,0.00446768
1.0,-92.63573748,0.13464005
1.1,74.70238882,0.53686539
1.14141667,79.78054673,0.78008915
