segment,pitch,stretch
0.0,10.15329959,0.58920679
0.1,-2.25799009,0.54215255
0.2,95.54246656,1.07341669
0.3,-42.72793441,1.09847262
0.4,31.54335156,0.76322591
0.5,98.96594256,0.79502103
0.6,-84.1258939,1.48142632
0.7,43.16144361,1.54503995
0.8,-83.17428282,0.0050502
0.9,-91.85603593,1.89552016
1.0,-89.27922851,1.66920702
1.1,-52.24216867,1.87668144
1.14141667,-52.27227189,1.50609359
