segment,pitch,stretch
0.0,2.54124383,0.41674932
0.1,-32.5548459,0.30205885
0.2,93.35637741,0.38107213
0.3,-38.9581146,1.91878903
0.4,-21.93077074,0.71733418
0.5,15.85363637,0.28045988
0.6,-5.9942694,1.00425126
0.7,11.02178334,0.54471989
0.8,36.02080045,1.78288163
0.9,-67.20809069,0.5673784
1.0,-33.16910884,1.07709851
1.1,32.50919593,0.49895746
1.14141667,12.38974982,1.94779347
