segment,pitch,stretch
0.0,-47.07678459,0.11615232
0.1,3.63425246,0.47093102
0.2,31.48917189,0.45807262
0.3,44.38742484,0.81161175
0.4,15.5069451,1.0193018
0.5,-51.49122096,1.66697075
0.6,-1.02254843,0.50056041
0.7,12.87739328,0.70368677
0.8,-63.80282001,1.91892506
0.9,-37.54711338,1.2931891
1.0,40.2162033,0.20059311
1.1,-4.31624045,0.09557344
1.14141667,64.58566043,1.97325213
