segment,pitch,stretch
0.0,97.66630041,1.18828574
0.1,-79.64204264,0.75698947
0.2,24.53990437,1.02849864
0.3,57.16937352,1.04831748
0.4,-49.5727771,0.01270645
0.5,20.93938074,0.22737289
0.6,-18.76856636,1.19517064
0.7,-13.01913145,1.96735092
0.8,-32.81669271,1.02544343
0.9,-8.39241944,0.41084546
1.0,49.55967768,1.65917595
1.1,-59.93050537,1.87241821
1.14141667,85.43104854,1.8838
