segment,pitch,stretch
0.0,29.0077802,1.65272351
0.1,57.10058807,1.38707965
0.2,-58.71455915,0.9425519
0.3,9.47208013,1.24337659
0.4,33.55679918,0.6156105
0.5,30.29342924,0.19227327
0.6,35.793456,1.76797578
0.7,48.27550343,1.38419028
0.8,2.54884744,0.97487745
0.9,11.92843599,1.02395527
1.0,-58.08388318,1.53932166
1.1,-15.70500576,1.67437481
1.14141667,2.2106655,0.12258709
