segment,pitch,stretch
0.0,-35.6234396,0.41942748
0.1,80.58342714,0.86466593
0.2,26.9247896,0.90258842
0.3,-64.28881536,0.30940464
0.4,71.8745562,0.49132319
0.5,-24.24365063,0.18866759
0.6,67.89663748,1.09978722
0.7,5.62822954,0.81261586
0.8,8.21920478,0.42151921
0.9,-4.84660323,0.86223793
1.0,92.2995778,0.83361364
1.1,5.29993653,0.95375213
1.14141667,-11.24406753,0.43274193
