segment,pitch,stretch
0.0,79.95487352,1.29283894
0.1,7.2273164,0.83120423
0.2,-46.18281556,1.08340912
0.3,71.79513562,0.67737942
0.4,-55.81483833,0.73711237
0.5,-0.36311167,0.48894153
0.6,-26.48743473,0.26964317
0.7,-83.94185596,1.53010393
0.8,-33.65600914,0.84264515
0.9,64.51376195,1.9810336
1.0,-29.49606256,0.43026632
1.1,-20.74888201,0.7309591
1.14141667,37.10154127,1.84112847
