segment,pitch,stretch
0.0,4.5077802,0.45317339
0.1,-96.78615261,0.25538375
0.2,-37.59081272,1.68180074
0.3,-22.54318893,1.97141889
0.4,41.73115672,1.92243093
0.5,14.97022372,1.75864732
0.6,85.88650346,0.81891757
0.7,68.3289829,1.88316065
0.8,7.55069148,1.13854529
0.9,-43.2506384,0.43261131
1.0,-13.95845811,1.6405843
1.1,-72.76673472,1.08647293
1.14141667,-31.61498631,1.30606036
