segment,pitch,stretch
0.0,93.49651554,0.80650352
0.1,33.16355797,0.50292845
0.2,30.81215822,1.21736231
0.3,80.22839182,1.96398539
0.4,-35.90646502,0.4903136
0.5,43.2413692,0.15637711
0.6,-17.86231302,0.19157425
0.7,-37.26196052,1.90328137
0.8,-50.9444526,0.9862881
0.9,68.04137925,1.86147187
1.0,64.43332525,0.96756792
1.1,26.04623968,1.70778109
1.14141667,47.79324915,0.19340696
