segment,pitch,stretch
0.0,-16.62309101,0.51321666
0.1,44.80756997,0.44814263
0.2,-93.80146089,1.51316273
0.3,-72.47193654,1.60530729
0.4,16.7471252,0.6388763
0.5,-92.72141855,1.31238957
0.6,-47.90487867,1.76360785
0.7,-75.7589654,1.38544073
0.8,34.26572493,0.04882189
0.9,-65.97357415,0.84339819
1.0,3.77229199,0.68214832
1.1,-30.82396636,1.57442392
1.14141667,-37.60844358,0.61861744
