segment,pitch,stretch
0.0,-74.8330041,0.40422749
0.1,-42.36556256,1.31557611
0.2,29.77910085,1.74086911
0.3,-74.81431941,1.69431103
0.4,-25.28944569,1.37868954
0.5,29.0029515,0.28360309
0.6,34.72693125,0.61767447
0.7,-16.79004454,1.75045889
0.8,26.35678136,0.53263814
0.9,86.40053407,1.81954283
1.0,77.92366582,1.29035585
1.1,26.81960796,0.14228037
1.14141667,-13.29895884,0.79617371
