segment,pitch,stretch
0.0,-99.04712605,1.87208337
0.1,17.3799724,1.3828509
0.2,-1.30355006,1.47231184
0.3,11.66108417,1.45618748
0.4,6.35761676,1.81540908
0.5,-71.86971473,0.63041518
0.6,20.94588527,0.92124801
0.7,-13.59137079,0.65821591
0.8,62.37473981,0.6468689
0.9,64.47380957,0.86634815
1.0,-7.95126825,0.44006572
1.1,-34.88253316,1.52894565
1.14141667,95.31191198,0.84584339
