segment,pitch,stretch
0.0,-28.78931036,1.94473054
0.1,74.05829873,0.33418404
0.2,33.28430387,0.69798815
0.3,68.53072836,0.93962857
0.4,-63.38319091,1.37838469
0.5,-21.33135157,0.29703539
0.6,-24.45445524,0.22022144
0.7,-59.72790103,0.94792167
0.8,37.66757178,0.24739451
0.9,-52.84057361,1.66684976
1.0,37.03164261,1.99648268
1.1,99.1130082,0.50055224
1.14141667,-38.68097477,0.96078189
