segment,pitch,stretch
0.0,77.65399843,1.03949078
0.1,-97.72027015,1.92124203
0.2,15.0757151,1.05294339
0.3,15.26895504,0.59065495
0.4,92.50858123,1.60035035
0.5,65.09104424,1.36447781
0.6,-24.67043346,0.80047478
0.7,66.07550104,1.4779592
0.8,65.67415522,0.56691074
0.9,43.73911132,1.10790743
1.0,8.31494364,1.64403799
1.1,88.37046435,1.51641494
1.14141667,-13.7286056,1.14951782
