segment,pitch,stretch
0.0,81.84887044,0.37970225
0.1,20.60087682,0.0073683
0.2,-94.27735984,1.12118048
0.3,30.99558628,1.09961768
0.4,-47.7542303,0.2166971
0.5,-47.09277453,0.90306543
0.6,47.01705974,0.9472437
0.7,48.99995621,1.40277075
0.8,-13.19980806,0.42080477
0.9,-48.38276605,1.67472117
1.0,78.75116821,1.78003058
1.1,-8.4576991,1.09259654
1.14141667,41.78915191,1.82740095
