segment,pitch,stretch
0.0,99.81614434,1.0866831
0.1,-48.37285262,1.95885299
0.2,-15.289429,1.4446691
0.3,-32.07575043,0.38447547
0.4,40.1498227,1.15577076
0.5,-84.01004503,0.29139366
0.6,93.21658911,1.72530213
0.7,4.91881419,1.52355964
0.8,57.5716667,0.25788511
0.9,42.88371802,1.60513185
1.0,-86.43270606,0.1017556
1.1,91.49267578,1.36747558
1.14141667,-10.51058417,0.66277577
