segment,pitch,stretch
0.0,-39.49992325,1.25715362
0.1,12.56464433,1.38299609
0.2,-19.66121961,1.31353323
0.3,17.53643983,0.57903675
0.4,-30.93006167,0.433016
0.5,94.6587443,1.86936927
0.6,-17.81116059,1.74080781
0.7,-55.25606882,0.26557052
0.8,-83.71334373,1.15851722
0.9,-64.39924359,1.13892556
1.0,-5.39233106,0.881703
1.1,-83.89184369,0.12509231
1.14141667,20.67053146,1.62422028
