segment,pitch,stretch
0.0,-30.86247379,1.5835974
0.1,72.26893528,1.06170467
0.2,28.06407444,1.27495408
0.3,5.69112166,0.05673097
0.4,-89.82873455,1.69011547
0.5,-94.47368142,1.30432872
0.6,87.02077085,0.95720889
0.7,45.62068099,1.61346479
0.8,17.9702258,1.94079828
0.9,-83.67929995,1.39950728
1.0,11.26047712,1.54288228
1.1,-17.34118799,1.65188017
1.14141667,58.61545887,0.6480034
