segment,pitch,stretch
0.0,30.83790401,1.59193642
0.1,81.04248617,0.6507153
0.2,-46.51005007,1.89395187
0.3,26.8916854,0.85636205
0.4,-54.15099684,1.87917795
0.5,-20.07151139,1.44711177
0.6,-67.43725044,0.9534675
0.7,-45.28880793,0.8140216
0.8,24.96344604,1.80648656
0.9,-21.69937315,1.45486334
1.0,-64.52606708,0.69077663
1.1,4.37748404,0.59868939
1.14141667,-33.68343588,0.88637105
