segment,pitch,stretch
0.0,-98.02817501,1.75569009
0.1,65.33144032,1.7050464
0.2,61.38493925,0.61683653
0.3,96.45925622,1.35566853
0.4,5.96921881,0.89727466
0.5,30.65383736,1.1713147
0.6,-44.15981347,1.99548871
0.7,31.03879088,0.16009728
0.8,51.75647773,0.88389912
0.9,-98.74797635,0.14376531
1.0,42.51271204,0.54659097
1.1,63.21062453,1.09027863
1.14141667,-77.59539186,0.71851787
