segment,pitch,stretch
0.0,-76.45779126,0.84587092
0.1,-62.44073346,1.24457807
0.2,-62.75149138,0.64584281
0.3,-37.91621361,0.25159831
0.4,-1.84891931,0.57670271
0.5,-2.76461423,0.27282382
0.6,48.00626226,0.93393673
0.7,-89.0520455,0.95712828
0.8,-36.94008954,1.24636556
0.9,-82.62391515,0.87746102
1.0,-88.37832348,0.59578507
1.1,86.13286015,1.45487827
1.14141667,-90.07064956,0.90336127
