segment,pitch,stretch
0.0,50.45877981,0.75315413
0.1,27.88432033,0.97702905
0.2,-34.53723027,0.7048892
0.3,-69.55895419,1.70478002
0.4,-28.41605157,1.71824888
0.5,25.67592844,1.0555026
0.6,-84.53806724,0.83070263
0.7,-49.89975605,0.38580216
0.8,75.71000255,1.32561889
0.9,30.16060778,0.45811506
1.0,-57.98795284,1.65372558
1.1,-9.14146098,0.02023169
1.14141667,61.49544023,0.39090817
