segment,pitch,stretch
0.0,6.48639762,0.21123235
0.1,-51.86545104,0.07273278
0.2,13.60583501,1.91645599
0.3,42.98326891,0.23026147
0.4,80.68221451,0.90860197
0.5,60.20667087,1.24090146
0.6,-66.39272407,1.63751086
0.7,-56.86759688,1.4449834
0.8,31.92005434,0.31701973
0.9,-15.9358313,0.97326814
1.0,-11.85374841,0.32789054
1.1,-30.88500349,0.1026242
1.14141667,54.27189093,1.17122037
