segment,pitch,stretch
0.0,-32.22739451,1.51686325
0.1,-62.71984809,0.24201413
0.2,74.98952372,0.91229046
0.3,45.74615237,1.18910292
0.4,-90.51519145,0.62237854
0.5,-55.57177481,1.52029181
0.6,29.61889111,0.64553376
0.7,-22.23442676,0.69050991
0.8,-2.38421375,1.96622619
0.9,20.49896048,1.79065794
1.0,-44.60269007,0.97033515
1.1,76.8804822,0.66551295
1.14141667,16.68296349,0.45334556
