segment,pitch,stretch
0.0,9.75748424,0.60027796
0.1,39.45617273,1.67740295
0.2,26.22120016,1.86808801
0.3,37.26870896,0.11137518
0.4,-27.61719045,0.02001884
0.5,-89.93789615,0.81635344
0.6,-46.68793157,1.66154167
0.7,4.55284113,0.78213329
0.8,-9.71031624,0.55070094
0.9,37.45721336,0.83135778
1.0,13.7331606,0.57016063
1.1,15.46630825,0.32305685
1.14141667,54.80095697,0.70836307
