segment,pitch,stretch
0.0,99.97670879,0.59239102
0.1,13.13237691,0.22261498
0.2,-29.82427587,0.70596369
0.3,-97.19078199,0.83357548
0.4,16.61433788,1.93544912
0.5,-11.63206152,0.95748116
0.6,44.22844334,0.57513986
0.7,-21.12174608,0.75814333
0.8,94.81438705,1.21721037
0.9,-76.66102524,0.36719178
1.0,-7.93989674,1.2783526
1.1,30.36688089,0.57717313
1.14141667,-7.90018331,1.25999286
