segment,pitch,stretch
0.0,54.15739005,1.84611827
0.1,-70.97685737,1.56243956
0.2,-41.30279166,1.59503899
0.3,25.03023077,1.00649163
0.4,52.11682601,0.97026284
0.5,-74.4503011,0.83927817
0.6,-44.84400314,1.5633702
0.7,-66.34475174,1.57266641
0.8,25.91441335,0.99752831
0.9,-28.2349722,1.13713731
1.0,67.61569967,0.5873274
1.1,37.16571197,0.70089686
1.14141667,-4.25887301,1.28758469
