segment,pitch,stretch
0.0,-8.63416318,1.15935124
0.1,16.80813537,1.79152654
0.2,19.45481032,1.92024926
0.3,-44.5400907,0.49878224
0.4,99.1841253,1.61702434
0.5,22.11415525,1.71130334
0.6,38.23336035,1.32813862
0.7,16.03528662,0.51058126
0.8,45.03300228,1.81453438
0.9,78.94117461,0.03550179
1.0,-19.40506878,1.7614801
1.1,-17.6448819,0.49774487
1.14141667,-27.52502811,1.11116609
