segment,pitch,stretch
0.0,-10.57377166,1.56095525
0.1,16.31629355,1.09354941
0.2,66.58695559,1.38098283
0.3,-61.61739079,0.55606853
0.4,-41.37821766,1.34826297
0.5,88.06115482,0.44785703
0.6,-4.87023383,0.15735512
0.7,31.63809868,1.16220619
0.8,-38.6673981,1.58182779
0.9,-66.27416683,1.19689558
1.0,41.48122115,1.36559002
1.1,80.76921646,0.9687158
1.14141667,52.47266676,0.80624273
