segment,pitch,stretch
0.0,62.67168513,0.43911588
0.1,94.72344934,1.05025764
0.2,-60.35828135,1.43296606
0.3,-88.06504121,1.08587419
0.4,-6.78932349,1.96972539
0.5,-47.82180806,1.20621652
0.6,-8.91064001,1.316574
0.7,-28.60266993,0.03749259
0.8,-48.68723624,1.11329037
0.9,18.57877233,1.67425831
1.0,39.49699981,0.64760106
1.1,-66.80023278,1.35920659
1.14141667,52.77539511,1.38166489
