segment,pitch,stretch
0.0,-86.0971082,0.20418882
0.1,-2.3053728,1.54727449
0.2,91.03775422,0.94711427
0.3,-72.92322202,0.51689232
0.4,19.26304209,1.57615447
0.5,22.762125,1.15863709
0.6,89.08499151,1.47271781
0.7,30.86228211,1.58184422
0.8,-20.38362491,1.71939633
0.9,30.33990578,1.50494596
1.0,40.44951768,0.66724973
1.1,-74.03551827,1.94775923
1.14141667,8.34335903,1.32591679
