segment,pitch,stretch
0.0,70.81103316,0.54665666
0.1,-26.4080383,0.88508354
0.2,-0.21646814,1.19588417
0.3,5.07209888,0.17214274
0.4,0.60727661,0.84375355
0.5,-4.25807997,1.80777341
0.6,-57.11909805,0.71388549
0.7,-40.92130442,1.31000832
0.8,57.21863493,0.43276947
0.9,70.04761432,1.73827866
1.0,-50.9301359,0.70932726
1.1,-84.24132436,0.23430707
1.14141667,-46.29341041,1.11453021
