segment,pitch,stretch
0.0,-44.41097931,1.1786245
0.1,66.6460462,1.67818399
0.2,-12.00930919,1.77767188
0.3,18.31928104,0.42466345
0.4,42.84827908,1.98594194
0.5,39.43988164,0.94788839
0.6,98.0897031,0.65021646
0.7,73.07759931,1.41735588
0.8,88.83528455,0.23014767
0.9,-62.07438452,0.393141
1.0,95.3416321,1.54796878
1.1,72.09965955,0.59500938
1.14141667,32.11352747,0.56774679
