segment,pitch,stretch
0.0,40.69692625,0.35088988
0.1,83.11806361,0.52815391
0.2,18.12214919,0.42903125
0.3,-19.25038889,1.56660171
0.4,76.29170631,1.50314168
0.5,-93.04323891,0.64027928
0.6,29.67195094,1.95048915
0.7,-14.70137235,1.01169212
0.8,85.48410819,0.30617126
0.9,68.26582685,1.37718683
1.0,-29.21602996,1.41030957
1.1,-39.50968765,1.24571364
1.14141667,48.64216134,1.9075345
