segment,pitch,stretch
0.0,46.36032418,1.15673236
0.1,-46.60169096,1.00449513
0.2,-44.64435546,1.22972272
0.3,58.45397876,1.93385814
0.4,-85.48224087,0.72285847
0.5,32.740238,1.06540141
0.6,41.02068671,1.32864033
0.7,-17.47927701,0.41428775
0.8,-42.8013025,1.26797028
0.9,24.39191536,0.4617835
1.0,7.64839567,1.17377315
1.1,-20.78399586,0.12304897
1.14141667,-72.74453454,1.98091911
