segment,pitch,stretch
0.0,36.09628774,0.41820771
0.1,70.77342165,0.42448846
0.2,92.70412942,1.53853672
0.3,11.2091004,1.60298784
0.4,97.58748495,1.81399086
0.5,34.99158462,0.3805347
0.6,83.35627055,1.83687399
0.7,54.22162088,1.52559445
0.8,32.72297276,0.94250496
0.9,5.03567369,0.72452257
1.0,-23.14752626,1.88926376
1.1,-11.42184493,0.29038285
1.14141667,-77.93527489,1.71088611
