segment,pitch,stretch
0.0,-45.49492926,0.69968975
0.1,-79.39567585,0.84208503
0.2,70.30463602,0.36939373
0.3,41.7348925,0.87235796
0.4,-16.74018029,1.01475681
0.5,14.98459267,0.8634885
0.6,98.37909733,0.42462927
0.7,-91.48636378,1.02834343
0.8,45.62246713,1.462662
0.9,85.58615573,0.07610889
1.0,-62.37907768,1.01240942
1.1,38.5434193,1.04813518
1.14141667,-22.80714646,1.50333112
