segment,pitch,stretch
0.0,80.68071625,0.60833614
0.1,-74.6096102,1.31673181
0.2,73.86411106,0.17478281
0.3,64.55158236,0.08969123
0.4,65.90025627,1.187561
0.5,50.81800611,1.86233101
0.6,47.81573035,0.98705671
0.7,62.25019961,0.81508534
0.8,-33.502047,0.24174061
0.9,54.29227419,0.06561792
1.0,-31.85955495,1.83275675
1.1,-34.2401342,0.04646604
1.14141667,83.50219834,1.51289562
