segment,pitch,stretch
0.0,93.52743688,0.76387958
0.1,75.80838578,1.75297182
0.2,-9.29580861,0.15580834
0.3,-14.85608386,1.56760651
0.4,47.7084462,0.03729265
0.5,-86.34780257,1.22925424
0.6,56.10837569,0.55659065
0.7,-52.07621897,1.75613793
0.8,35.05417357,0.81523904
0.9,46.67766368,0.36189217
1.0,-74.34797605,1.53764015
1.1,-14.43524118,1.56618903
1.14141667,27.72939281,1.06338948
