segment,pitch,stretch
0.0,-12.23572385,0.34334602
0.1,-82.90994455,0.85733528
0.2,56.36957641,0.71514815
0.3,-80.49353375,0.73179397
0.4,-75.92212441,0.65221135
0.5,-37.43962458,0.42587516
0.6,46.34324225,1.58997971
0.7,-97.29246906,1.49839996
0.8,27.80864883,0.37447973
0.9,19.90668052,1.20970958
1.0,79.30735731,1.67146036
1.1,87.70980131,0.55378638
1.14141667,-17.58921079,1.00046164
