segment,pitch,stretch
0.0,1.17844242,1.5803853
0.1,-14.85452266,0.56742715
0.2,-20.37230195,0.78661325
0.3,49.74194323,0.33324213
0.4,-65.96631617,0.49184911
0.5,21.76864509,0.90813617
0.6,20.73976333,1.60003572
0.7,70.44353833,0.49286217
0.8,51.04994309,1.51483798
0.9,20.19663893,1.58201919
1.0,6.52382528,0.61887811
1.1,-82.64651079,1.53074757
1.14141667,-19.22290242,1.29835876
