segment,pitch,stretch
0.0,75.2945508,1.80685914
0.1,38.40784012,0.82548004
0.2,-3.45801992,0.60126929
0.3,-16.53874186,1.71103273
0.4,40.95649298,1.57269369
0.5,-2.76974338,1.05246524
0.6,-14.89193372,1.10171175
0.7,6.98344765,0.20129796
0.8,-11.38819477,1.28961808
0.9,31.37717737,0.6064434
1.0,-27.40134119,1.272806
1.1,-15.25823698,1.69518769
1.14141667,52.56825486,1.16774241
