segment,pitch,stretch
0.0,-70.69376547,0.5937093
0.1,-50.11639821,1.78382872
0.2,-6.2723957,1.40733247
0.3,-33.93276808,1.23314244
0.4,92.50522591,1.42187118
0.5,39.9302952,0.04595084
0.6,99.18879624,0.91948044
0.7,17.01840136,1.80816794
0.8,-73.22332104,0.94704484
0.9,-96.45958217,0.51792418
1.0,-51.08931395,1.59601312
1.1,-94.29101271,0.14628659
1.14141667,47.61863403,0.48120357
