segment,pitch,stretch
0.0,-57.88814484,0.69308764
0.1,-65.38188866,0.37987573
0.2,56.2043282,0.59927578
0.3,37.86944555,1.25022663
0.4,-19.92258325,0.84509442
0.5,-5.91149955,0.62575422
0.6,-11.69802287,0.6876977
0.7,-38.75754166,0.53792077
0.8,-82.79023729,1.01464863
0.9,-96.88307613,0.81112842
1.0,-63.09042371,1.38654734
1.1,78.08018198,0.15468479
1.14141667,10.19553277,0.66198032
