segment,pitch,stretch
0.0,27.54692735,0.7451578
0.1,-96.2127233,0.59678104
0.2,43.54084756,0.93535243
0.3,50.94582254,0.78372242
0.4,-43.15848463,0.88792907
0.5,-50.66220426,0.42171327
0.6,69.56527171,0.70649712
0.7,-11.37808001,1.43646296
0.8,45.13793263,1.45654876
0.9,96.10669883,1.37339169
1.0,-3.26574927,1.82405735
1.1,-48.82710358,1.66591353
1.14141667,63.81362106,1.48395862
