segment,pitch,stretch
0.0,87.75716143,1.51726274
0.1,75.58973606,0.82672788
0.2,-10.41118754,0.29594779
0.3,-48.91892045,1.45862429
0.4,-17.3468807,0.77182158
0.5,34.22726799,0.29571527
0.6,-77.53700308,1.00868641
0.7,78.68416949,0.49328713
0.8,-43.34644419,0.40883898
0.9,68.78190397,1.05980011
1.0,-59.83661076,1.00265193
1.1,-25.29215861,0.2775648
1.14141667,62.84029703,0.76714815
