segment,pitch,stretch
0.0,42.05546356,0.94398168
0.1,-92.3466124,0.20033669
0.2,40.25447593,0.1618081
0.3,86.98750178,1.08194555
0.4,72.9865192,1.53929443
0.5,44.19690026,0.95422302
0.6,-18.76468676,1.56487139
0.7,-37.75366406,1.79656614
0.8,12.99673571,1.22963791
0.9,-12.35408716,0.72904385
1.0,-69.77608862,1.94753287
1.1,65.56794574,0.67352843
1.14141667,-58.95035096,1.98504787
