segment,pitch,stretch
0.0,-98.32760245,0.76752471
0.1,-62.26266621,1.09885532
0.2,89.72937552,0.15772662
0.3,56.77934236,0.75379746
0.4,-42.45776165,0.86935584
0.5,-59.91789644,0.32743409
0.6,-9.4669158,0.75398911
0.7,65.23523517,1.26665279
0.8,-82.94194698,1.24326808
0.9,-10.04050412,1.27187404
1.0,69.7789537,1.72227413
1.1,65.31837891,1.95483723
1.14141667,-9.82207776,0.94632212
