segment,pitch,stretch
0.0,-77.45792826,1.32725749
0.1,-76.73008719,0.86869005
0.2,67.62637109,0.89538939
0.3,-25.44073719,0.38265383
0.4,62.7898726,0.99213748
0.5,48.38061814,1.78775931
0.6,27.42076403,0.02692299
0.7,51.49896077,1.16567079
0.8,56.60209014,0.37909692
0.9,21.23653766,0.53149131
1.0,-50.41834938,0.19881118
1.1,9.60830124,1.41835069
1.14141667,24.16174925,1.88839295
