segment,pitch,stretch
0.0,67.40101017,0.645078
0.1,36.60368445,0.26756066
0.2,39.55672366,0.69254265
0.3,54.30102721,1.32198922
0.4,20.03392426,1.02700149
0.5,-29.68246873,0.98226919
0.6,22.40430281,0.81279805
0.7,-74.48697664,0.24367369
0.8,13.2806252,0.57451136
0.9,44.09035723,0.58440629
1.0,-8.48015654,1.65336997
1.1,45.0458021,1.04192986
1.14141667,-93.39742635,0.23712889
