segment,pitch,stretch
0.0,-19.1846252,1.39555406
0.1,99.622552,0.82188043
0.2,37.3998315,0.47747641
0.3,50.6611477,0.85657267
0.4,-41.739615,1.18677841
0.5,-20.4713766,0.27067874
0.6,-60.5267324,1.01580547
0.7,-3.05790796,1.88258485
0.8,-0.0194333881,1.54499722
0.9,-43.2141855,1.96475796
1.0,-71.49699,1.68647767
1.1,59.4482406,1.5210489
1.14141667,-64.2949054,1.34194102
