segment,pitch,stretch
0.0,-12.29879205,0.06969059
0.1,3.28349047,1.96066133
0.2,-34.86567737,0.93300362
0.3,9.67806793,0.19701258
0.4,-75.55665199,0.26225633
0.5,69.98691691,0.30574944
0.6,19.57836313,0.84522049
0.7,26.31608571,0.46797796
0.8,-43.07931808,1.27967898
0.9,-53.20570228,1.87003329
1.0,17.19509414,1.1042613
1.1,-79.4382763,1.82314088
1.14141667,17.73784443,1.96864876
