segment,pitch,stretch
0.0,59.89348182,1.93338354
0.1,-90.19745983,0.1221368
0.2,34.97525188,1.40375233
0.3,-60.10498495,0.23715052
0.4,-52.20535883,0.86935067
0.5,33.32923329,1.40007492
0.6,-72.02089693,1.87875592
0.7,15.91732192,1.15703728
0.8,49.50947125,1.45583236
0.9,-96.72595223,0.52053121
1.0,12.6942829,0.18849311
1.1,-57.11899111,1.67578542
1.14141667,36.89213251,0.36635536
