segment,pitch,stretch
0.0,-69.01025024,1.27357492
0.1,55.0215027,1.07794659
0.2,-87.91788028,0.81824311
0.3,-33.0393784,1.31896505
0.4,-72.68752112,0.67025176
0.5,-31.87844098,1.54286398
0.6,-82.83878474,0.23472784
0.7,33.5640508,1.16459242
0.8,-20.37118135,0.71129123
0.9,28.67350866,0.02939642
1.0,-45.8203528,0.30340473
1.1,1.98964677,1.35857862
1.14141667,44.24014335,1.98946576
