segment,pitch,stretch
0.0,-88.96240825,1.78476448
0.1,-54.37508207,0.02576857
0.2,-91.57905397,1.04724647
0.3,-58.85501017,0.76694618
0.4,44.82481671,0.80269361
0.5,-70.60806513,0.84512097
0.6,94.32148608,0.97813642
0.7,-17.32520236,0.54666182
0.8,29.06027198,0.58446507
0.9,-57.57833097,0.42247579
1.0,-48.20877129,0.8068102
1.1,58.87949866,0.07609372
1.14141667,-11.47571774,1.952562
