segment,pitch,stretch
0.0,55.29315311,1.5987636
0.1,-65.75153127,0.69545336
0.2,-92.7192066,0.48752791
0.3,-57.6604973,1.39957445
0.4,-68.74854131,0.76369242
0.5,-5.17022395,0.48234689
0.6,-80.86026473,1.39904034
0.7,-29.75269048,1.65941602
0.8,31.25868852,0.9491215
0.9,-20.06781302,1.67220732
1.0,-9.04337326,0.28641191
1.1,-25.31119752,0.37552559
1.14141667,-74.03291959,1.0716262
