segment,pitch,stretch
0.0,-67.48494332,0.38346383
0.1,39.05251255,1.88348097
0.2,34.40625214,0.11056124
0.3,73.22864181,0.82898982
0.4,-39.34822457,0.73681928
0.5,17.40717288,1.46703967
0.6,-91.49388448,0.99574773
0.7,34.60557006,0.97495542
0.8,-77.63461513,1.89201741
0.9,48.65476011,0.33100727
1.0,-26.83527565,1.03515822
1.1,-26.92771749,0.77199145
1.14141667,-77.10207996,1.39029364
