segment,pitch,stretch
0.0,89.76373668,1.96584198
0.1,-62.05421328,0.82978645
0.2,-39.31909309,1.79793082
0.3,43.27513178,1.41722051
0.4,-35.34736244,1.0213013
0.5,4.96696673,1.1920361
0.6,86.2532893,0.02590819
0.7,56.74203414,1.01687146
0.8,-24.20347966,0.61186424
0.9,97.69852005,0.57082094
1.0,-40.80777745,1.80381376
1.1,-71.9471762,0.50745374
1.14141667,18.41655342,0.10087688
