segment,pitch,stretch
0.0,1.25806955,0.89128158
0.1,-13.8642171,1.6677011
0.2,44.0189021,0.73084068
0.3,2.43111128,1.41049643
0.4,-48.6924027,1.67583375
0.5,29.7252579,1.72049068
0.6,44.4385102,1.15643203
0.7,-16.6976583,0.31867551
0.8,67.5232857,0.18824388
0.9,0.0428345745,1.73114113
1.0,-2.65708451,1.1905138
1.1,9.45326319,0.45619335
1.14141667,-24.2555423,0.98502832
