segment,pitch,stretch
0.0,-35.19014481,1.94208233
0.1,-11.1101007,1.24726807
0.2,-73.86570158,1.04117415
0.3,-1.44470238,1.14948121
0.4,-96.07839084,0.66081228
0.5,70.99649813,0.84071929
0.6,55.77361877,1.10459164
0.7,-22.19728159,0.42902866
0.8,-72.44437958,1.72163831
0.9,80.41886886,1.68101907
1.0,-11.71477961,0.03811178
1.1,-62.42849441,1.9717108
1.14141667,98.36646491,0.38277799
