segment,pitch,stretch
0.0,88.66120866,1.49948929
0.1,35.12225603,1.15624611
0.2,-2.93703308,1.75956272
0.3,61.37727631,0.82855874
0.4,2.53929299,0.63351831
0.5,65.24070343,1.6138796
0.6,-80.11136653,0.6895417
0.7,13.22088752,0.19108086
0.8,64.64970231,0.37453166
0.9,13.00456611,1.83756867
1.0,-81.8213386,1.05634914
1.1,-91.24943387,0.80697989
1.14141667,94.81116576,0.78800282
