segment,pitch,stretch
0.0,-33.52028632,1.20247244
0.1,14.06293771,0.59103421
0.2,-53.22339511,0.70543363
0.3,84.66079963,1.47264463
0.4,56.53078776,1.52121196
0.5,52.09924325,0.90612389
0.6,36.68626461,1.68691492
0.7,-22.67460192,1.01798697
0.8,43.78011135,0.90734577
0.9,-34.77035128,1.35012392
1.0,51.90159777,1.01237919
1.1,37.64911617,0.20910983
1.14141667,19.69656895,0.68199001
