segment,pitch,stretch
0.0,-31.42676596,1.63103424
0.1,-45.69666133,1.93624975
0.2,42.60143121,0.81258394
0.3,-87.89208815,0.40497325
0.4,-61.68151552,0.5117739
0.5,80.55619607,0.85325217
0.6,-41.8589192,0.11882034
0.7,-13.86846959,0.48269689
0.8,-94.6811558,1.96435637
0.9,-29.32140474,0.25977776
1.0,74.05579859,1.52953043
1.1,-43.44744043,1.50332708
1.14141667,44.84196134,0.84311706
