segment,pitch,stretch
0.0,0.61381663,0.26180926
0.1,92.05397349,1.13910564
0.2,23.63919485,0.88267261
0.3,94.74337544,0.03736754
0.4,-4.85245867,0.51925045
0.5,-56.1365957,0.99207172
0.6,-40.34456192,0.90668955
0.7,-4.58487531,1.38132635
0.8,51.30918321,0.53966259
0.9,30.18198808,0.34803119
1.0,16.73684117,0.51822744
1.1,54.14621512,0.88562178
1.14141667,-25.30748168,1.30234483
