segment,pitch,stretch
0.0,-11.4543729,1.77169865
0.1,-12.17896381,0.29167806
0.2,-48.87403032,1.41232328
0.3,-0.23226325,0.78511054
0.4,39.39265286,1.65701815
0.5,69.41626591,1.20660202
0.6,-11.96295955,1.43326672
0.7,-21.04513411,1.53062685
0.8,55.87157954,1.71764437
0.9,22.29735048,1.18231357
1.0,92.74541313,1.70094513
1.1,59.88842098,1.38297596
1.14141667,69.69061872,0.39008766
