segment,pitch,stretch
0.0,-45.24651192,0.08021547
0.1,-22.79683557,0.12970445
0.2,25.30211498,1.13419208
0.3,-13.71578583,1.1130053
0.4,-2.25404313,1.24506484
0.5,83.84073609,1.8093004
0.6,-69.16068434,1.70569865
0.7,-28.27736662,0.10762221
0.8,-11.17926251,1.58260006
0.9,-41.84531138,0.5079295
1.0,78.74165038,0.6918907
1.1,-14.12084883,1.44056131
1.14141667,8.7411314,1.29096722
