segment,pitch,stretch
0.0,30.35154831,1.38256517
0.1,-61.36286216,0.02564806
0.2,8.08216805,1.12052675
0.3,68.07284927,1.71136238
0.4,99.23165684,1.12888991
0.5,-4.09468681,0.85314867
0.6,-43.06547604,0.0118046
0.7,-35.97895548,1.27173176
0.8,65.52039876,0.70027024
0.9,-20.75006378,0.79948638
1.0,45.88316759,0.6951297
1.1,41.80740802,0.43989304
1.14141667,18.01868022,0.96696935
