segment,pitch,stretch
0.0,-64.93442834,1.46804089
0.1,-72.2221748,0.58492239
0.2,13.62014708,1.16417946
0.3,47.83259261,1.23796764
0.4,-95.31398354,1.82345274
0.5,1.08562873,0.65758585
0.6,-4.48837622,1.01551763
0.7,-51.75801518,1.22021008
0.8,-21.80654722,1.86240461
0.9,75.81447714,1.61294549
1.0,-46.65505287,0.22226257
1.1,-66.28006481,0.137127
1.14141667,14.37031086,1.66241642
