segment,pitch,stretch
0.0,-76.70741951,1.78287127
0.1,11.81900273,1.90034528
0.2,-62.20999399,0.43252357
0.3,2.67304055,0.13682227
0.4,12.46681829,1.0793641
0.5,-10.05935242,1.72525482
0.6,19.9189964,1.05148107
0.7,-96.3122864,1.82750481
0.8,78.47737382,0.59843327
0.9,81.40399245,0.26130519
1.0,17.06206647,0.21909613
1.1,-61.21916449,0.93247592
1.14141667,44.35270256,1.52801605
