segment,pitch,stretch
0.0,-81.500945,0.85880669
0.1,-65.11333571,1.39583556
0.2,-77.7704124,1.33635367
0.3,34.60738715,0.06972488
0.4,-21.13268023,1.32038127
0.5,-67.64311047,1.38878371
0.6,75.6271836,0.79062113
0.7,-50.68101632,1.95456048
0.8,22.77029763,1.27674604
0.9,41.21511466,0.82824768
1.0,-24.64698103,0.54540622
1.1,-60.0366715,0.3520348
1.14141667,78.73354468,0.71671085
