segment,pitch,stretch
0.0,-31.46725126,0.18788062
0.1,-34.17215403,0.31152777
0.2,8.45821843,1.12489201
0.3,-14.15557124,0.40173542
0.4,-1.12003523,1.76453227
0.5,64.22912093,0.50596543
0.6,15.15529712,1.35509753
0.7,52.79547505,1.81718532
0.8,-1.57925774,0.01325032
0.9,-73.8150831,0.90639085
1.0,72.48639601,1.40519245
1.1,-67.8673094,1.96824695
1.14141667,-33.85568045,0.97531331
