segment,pitch,stretch
0.0,31.24966423,0.89200081
0.1,-33.74972246,0.44980231
0.2,71.56049833,0.50688559
0.3,62.17111584,1.0886013
0.4,35.54545248,1.84098668
0.5,68.28182606,1.57490731
0.6,-85.55401335,0.92975639
0.7,-59.71070843,1.27612781
0.8,46.66690446,1.46786923
0.9,-33.16116599,0.72434396
1.0,9.56946316,0.62492348
1.1,-24.73907556,1.30557
1.14141667,-56.92984188,0.8430712
