segment,pitch,stretch
0.0,-15.71044219,1.73834837
0.1,-24.07766933,0.57132816
0.2,54.15275115,0.58357142
0.3,-63.07502063,1.80514009
0.4,24.68553203,0.34682793
0.5,-82.74094911,1.15494377
0.6,-79.1722737,0.83484864
0.7,41.74110491,0.32346488
0.8,95.04343592,0.4811934
0.9,-75.98698192,1.39829932
1.0,-28.48511945,0.07997607
1.1,81.70330103,0.5267169
1.14141667,-76.43032585,0.46271263
