segment,pitch,stretch
0.0,2.74676595,1.22388571
0.1,83.23215627,0.59489091
0.2,-19.5310813,0.0302362
0.3,-37.06653527,1.44440055
0.4,10.34316696,0.76671296
0.5,-44.77981601,1.21683481
0.6,-15.46722486,0.28594328
0.7,-30.03274479,1.70659675
0.8,32.22050065,0.5056851
0.9,-28.45977879,1.08036446
1.0,-97.18959003,1.82748837
1.1,46.93949027,1.15452478
1.14141667,51.98067408,0.582253
