segment,pitch,stretch
0.0,65.24155803,1.51578207
0.1,-64.10777613,1.54793346
0.2,-66.43983652,1.59239598
0.3,9.38529777,1.00112308
0.4,-68.79387642,1.06006715
0.5,24.61155373,0.66047476
0.6,-11.51773882,0.15886587
0.7,-77.87210972,1.3402371
0.8,23.51580427,1.57866238
0.9,-41.53779425,0.66862434
1.0,-40.31239806,0.74779091
1.1,79.50743198,0.1792498
1.14141667,-12.84080619,0.70819275
