segment,pitch,stretch
0.0,-4.25631197,0.80468249
0.1,22.66632576,1.14959191
0.2,10.28900554,1.74323515
0.3,38.91231447,0.77183711
0.4,-12.27796799,1.35051127
0.5,-44.30581187,1.94130964
0.6,-22.88012932,1.17392808
0.7,-52.86195267,1.52994111
0.8,54.71772215,1.58058267
0.9,-51.65672109,1.58832666
1.0,-51.77252424,1.09850348
1.1,7.38633242,0.30985734
1.14141667,17.65920114,1.66023428
