segment,pitch,stretch
0.0,-10.5847099,0.87624238
0.1,72.03119483,0.83093245
0.2,-38.55444578,1.7724984
0.3,-61.75540634,1.75313307
0.4,13.38989171,0.47670305
0.5,27.4924733,1.56349009
0.6,62.01562381,1.14851486
0.7,37.74034486,0.04761079
0.8,-71.00533258,0.53812611
0.9,-46.8980403,1.53823227
1.0,-10.88696716,1.82712008
1.1,-90.08482092,0.58630488
1.14141667,57.40221355,0.13909704
