segment,pitch,stretch
0.0,-79.28359824,1.76643555
0.1,-85.11040144,0.57920492
0.2,58.20689337,0.89396937
0.3,-53.07212842,0.80048379
0.4,14.54054596,1.05618514
0.5,38.89832363,0.5299581
0.6,-59.04867319,1.30906386
0.7,-18.19891129,0.47184047
0.8,-73.30058077,0.61756094
0.9,9.43722615,0.62383509
1.0,2.35167022,1.37177888
1.1,-85.32824264,0.23324254
1.14141667,19.13063021,0.91376092
