segment,pitch,stretch
0.0,-50.85402978,1.28407017
0.1,15.87357898,1.13515201
0.2,66.25100226,1.57125495
0.3,11.62218315,1.24153692
0.4,61.49883516,1.62386347
0.5,59.30890592,1.41668173
0.6,-94.55512167,0.60916392
0.7,-47.72487457,1.03982307
0.8,-24.06820859,1.97560568
0.9,37.00201055,0.3630601
1.0,24.38983398,1.89790561
1.1,25.31833065,0.70938122
1.14141667,25.86165668,1.71148268
