segment,pitch,stretch
0.0,24.19483128,0.81436077
0.1,-47.51642543,1.1125399
0.2,-3.91811007,1.61070048
0.3,32.18517105,1.15077733
0.4,-21.87097974,1.20781999
0.5,28.51645426,0.74457904
0.6,52.47804835,1.7292018
0.7,10.55383211,1.1823552
0.8,89.68033024,1.55182719
0.9,-20.04322085,0.17890882
1.0,-64.98612207,0.04333149
1.1,75.98214859,1.23856993
1.14141667,82.29835908,1.33756429
