segment,pitch,stretch
0.0,-96.37151913,0.66956982
0.1,-51.32047359,0.87788838
0.2,6.16674673,1.80968749
0.3,-74.79812615,1.92619873
0.4,72.70338153,0.19629773
0.5,73.29646829,1.83630482
0.6,58.46115838,1.73731066
0.7,-88.22895489,0.02437314
0.8,96.14628935,0.0262643
0.9,-22.0220861,1.01003676
1.0,-17.5351727,0.76011071
1.1,70.12401617,1.03268267
1.14141667,19.58806578,0.54269981
