segment,pitch,stretch
0.0,43.60306148,1.57150394
0.1,52.79449836,0.87803632
0.2,-57.92795748,1.33772447
0.3,-27.25508583,0.944537
0.4,45.79346269,1.04797076
0.5,-31.74582216,1.58716537
0.6,-18.71060209,0.47386777
0.7,-34.56488139,1.86309114
0.8,50.02876186,1.98338729
0.9,46.21312355,0.57664376
1.0,-48.79450763,0.64923074
1.1,41.96519938,1.02867805
1.14141667,21.65174679,1.40556036
