segment,pitch,stretch
0.0,-46.25484505,0.30801928
0.1,17.34670458,0.40113014
0.2,-31.4334136,0.29921145
0.3,-78.00985553,1.04613163
0.4,-58.5652681,1.01899581
0.5,65.66284819,0.95924712
0.6,23.63896635,1.60243922
0.7,-60.08289753,1.5028757
0.8,-88.31823413,1.36364822
0.9,-17.26198613,1.69011696
1.0,-47.873666,0.9136066
1.1,21.197191,0.74346295
1.14141667,5.91132605,1.3493516
