segment,pitch,stretch
0.0,-62.67015298,1.27040565
0.1,-44.60103911,1.40268587
0.2,-4.08679527,0.97903054
0.3,-37.64081552,0.5190488
0.4,-42.81291345,1.64087281
0.5,99.15001601,1.90775185
0.6,-66.55575205,0.54156283
0.7,-63.38570027,1.6246396
0.8,93.42935186,0.13921116
0.9,69.12157289,1.82665335
1.0,36.79091616,0.51976887
1.1,-89.21302821,1.54438126
1.14141667,37.71273628,1.42847
