segment,pitch,stretch
0.0,-20.05824151,0.38879294
0.1,69.75510409,1.1988761
0.2,-72.00605267,1.21340454
0.3,-6.83631599,1.07331199
0.4,-22.0103923,0.09560546
0.5,-9.32146308,0.49166162
0.6,55.52257653,1.00409517
0.7,15.94643217,0.80619997
0.8,-72.95565773,1.99971332
0.9,6.47080818,0.66850695
1.0,-39.0563141,0.85036582
1.1,-93.66180319,0.40432855
1.14141667,71.53836892,0.54223164
