segment,pitch,stretch
0.0,54.59631185,1.78597268
0.1,-18.71306674,0.74285754
0.2,71.20328592,1.19325047
0.3,-11.6397205,0.1474075
0.4,16.59314513,0.42865605
0.5,89.51821443,0.10037667
0.6,8.22538685,0.90555866
0.7,99.6824518,0.8436254
0.8,6.88409597,0.04116239
0.9,-67.19157404,1.43483218
1.0,72.30648841,0.75741096
1.1,-93.79261589,1.45404445
1.14141667,-78.36877444,0.95774315
