segment,pitch,stretch
0.0,-35.85509781,0.87912281
0.1,-85.16852279,1.60362916
0.2,43.35151906,0.05367398
0.3,-36.27408381,1.0932021
0.4,48.36174943,0.145173
0.5,15.35458122,0.56043792
0.6,90.63917047,0.33756351
0.7,-25.85237464,1.25653162
0.8,70.77908005,0.37110217
0.9,38.87803449,0.9869935
1.0,-78.6315789,1.45701755
1.1,-2.04968734,1.50454965
1.14141667,-46.31602044,1.33087312
