segment,pitch,stretch
0.0,-32.79721007,0.90116217
0.1,25.08986795,1.66798034
0.2,99.1504277,1.6353077
0.3,-40.395736,0.54788847
0.4,-71.36976671,0.14013258
0.5,-12.86066121,1.37878942
0.6,-65.44931003,1.55111616
0.7,-44.47531366,0.8376443
0.8,-56.76207038,0.4945917
0.9,-6.01683556,0.95762538
1.0,20.39042638,1.57619744
1.1,90.67968242,1.41544214
1.14141667,-59.47328451,0.84581543
