segment,pitch,stretch
0.0,74.11181953,0.64731536
0.1,77.13369973,1.23227619
0.2,88.17713228,1.55440327
0.3,-23.55252616,1.09655338
0.4,29.65801923,0.55037335
0.5,-69.01848253,1.05019014
0.6,-28.7020507,1.09970152
0.7,-92.17619984,0.0368249
0.8,-36.30210181,1.66906697
0.9,21.44134056,1.08042493
1.0,-89.45827175,1.58321133
1.1,-96.98494763,0.55777652
1.14141667,-8.8786906,0.9557999
