segment,pitch,stretch
0.0,-88.8010065,0.41592312
0.1,83.90276251,0.42533982
0.2,51.8262266,0.45115442
0.3,48.13028071,1.45187216
0.4,-37.19834642,0.31450239
0.5,-5.67180941,0.26706037
0.6,-86.49516365,1.06667064
0.7,32.53649108,1.35764257
0.8,10.53448385,0.06237769
0.9,4.35447071,1.69931779
1.0,5.08898812,0.82831714
1.1,-44.09304524,0.06199876
1.14141667,31.3470305,1.53448447
