segment,pitch,stretch
0.0,-70.73601698,1.03691608
0.1,72.22372487,1.10161831
0.2,-99.25541526,0.07422673
0.3,4.63765752,0.35917604
0.4,38.03269156,0.08877166
0.5,7.49856141,0.38120891
0.6,-81.25223021,1.17966097
0.7,-5.18362572,0.65215157
0.8,-74.84417606,0.96101937
0.9,-5.31350676,1.24906284
1.0,76.28092315,1.82068951
1.1,-5.46975296,1.73070441
1.14141667,48.89221977,1.51814834
