segment,pitch,stretch
0.0,-3.49855302,0.87245658
0.1,77.11244702,0.41744938
0.2,49.3584771,0.20457178
0.3,99.07893896,0.55253263
0.4,80.33145926,1.25203629
0.5,-72.33983633,1.71356084
0.6,-12.14115992,0.2889277
0.7,19.51190225,0.30300203
0.8,-68.21572205,0.49317088
0.9,31.67720139,1.98398172
1.0,3.5194692,0.93143584
1.1,24.82934542,1.56744208
1.14141667,-15.89202508,0.9198954
