segment,pitch,stretch
0.0,87.34544211,0.62967403
0.1,17.16200285,1.70553963
0.2,-90.65600282,0.51710094
0.3,52.56917832,1.2237812
0.4,62.07779983,1.0361974
0.5,-62.5215002,1.13097232
0.6,19.29835118,0.26807615
0.7,-27.8356507,1.54141001
0.8,93.45512929,1.28471782
0.9,1.22702255,0.56858703
1.0,-36.66158795,1.09588642
1.1,-18.18347798,0.42189755
1.14141667,35.13223626,0.83336688
