segment,pitch,stretch
0.0,-63.98497533,1.5363518
0.1,7.89700286,1.08409133
0.2,-85.89039473,1.90427543
0.3,-30.72420198,0.75696463
0.4,54.13251522,1.27414783
0.5,50.29868002,0.17571721
0.6,17.89842047,0.16810735
0.7,76.60204514,0.96568279
0.8,-7.82280605,1.34957529
0.9,44.17966564,1.044977
1.0,35.62117152,1.59072319
1.1,-1.37417446,0.18742296
1.14141667,-40.20349559,1.71340792
