segment,pitch,stretch
0.0,24.10332876,1.30118958
0.1,32.02867085,1.62073515
0.2,1.29939719,1.30287272
0.3,-44.40258825,0.74134116
0.4,97.18876934,1.56205412
0.5,-12.30944177,0.56116492
0.6,-48.49998348,1.30243736
0.7,-40.05211121,1.7883874
0.8,-21.78672943,0.99108579
0.9,5.53380977,1.30235669
1.0,70.33014347,1.07221989
1.1,-13.64024382,1.48013576
1.14141667,22.08022903,0.22008977
