segment,pitch,stretch
0.0,38.40511615,0.51275421
0.1,-72.39618447,1.11634174
0.2,41.2357883,1.55000564
0.3,-76.62978847,0.777132
0.4,-90.68609408,0.77124062
0.5,-23.65088828,0.1774054
0.6,82.28530088,0.98573947
0.7,-17.89513376,0.63803689
0.8,-38.70002493,0.43876612
0.9,-96.07000626,0.61786768
1.0,59.32207751,1.21673945
1.1,24.24359169,1.20034933
1.14141667,-81.61531935,0.40555856
