segment,pitch,stretch
0.0,-82.61317698,0.72926476
0.1,61.08514813,0.45997711
0.2,81.60336348,1.06624038
0.3,49.30047411,0.34123055
0.4,20.19115982,1.31366912
0.5,4.84484905,1.47334476
0.6,-6.33725134,0.20442325
0.7,-50.52881352,0.26254822
0.8,18.84546957,1.49473913
0.9,30.02670132,0.11252772
1.0,-40.28568066,0.43349841
1.1,-6.50062274,0.539272
1.14141667,-45.625456,0.44528582
