segment,pitch,stretch
0.0,73.34356566,0.05237989
0.1,32.77796781,0.70693463
0.2,-15.17688107,0.15748394
0.3,78.83994234,1.29250601
0.4,-59.12519669,1.54348183
0.5,-87.14456519,1.39462455
0.6,49.18423227,0.68979079
0.7,65.46333382,0.59150684
0.8,12.37255248,1.3961758
0.9,-45.01455723,0.15232918
1.0,-32.6982037,0.77505127
1.1,7.97147121,0.04371277
1.14141667,-25.24905662,0.82980002
