segment,pitch,stretch
0.0,-39.24757442,0.32520083
0.1,-86.18219657,0.94148503
0.2,-13.61536358,0.80565461
0.3,-24.98862495,1.81554076
0.4,-41.39150035,0.11227969
0.5,-47.18477201,0.07859168
0.6,-50.56052992,1.79560045
0.7,3.25241095,1.45138785
0.8,62.92939976,0.63051937
0.9,27.80744465,1.00831203
1.0,16.1564755,1.89158982
1.1,-49.86608269,1.26890157
1.14141667,76.57182651,0.76086528
