segment,pitch,stretch
0.0,-81.99226752,0.33237875
0.1,-16.25129178,0.72135109
0.2,77.06508594,0.96980376
0.3,12.75051586,1.06597661
0.4,-2.0376552,1.07158825
0.5,-5.71647667,1.39619748
0.6,-62.06437541,0.15574445
0.7,-59.15199876,0.12302604
0.8,92.65104506,0.08626149
0.9,72.15580193,1.15982636
1.0,-28.04007557,1.64250981
1.1,-81.41529634,0.51319454
1.14141667,42.64256197,1.79464726
