segment,pitch,stretch
0.0,35.7679876,0.90271781
0.1,52.90317345,1.06280114
0.2,-89.9536453,1.09994753
0.3,64.92635162,1.21358528
0.4,-7.89759856,1.4727885
0.5,-21.26918839,0.21953324
0.6,-93.18825811,0.69112171
0.7,-6.82941045,1.7129229
0.8,-24.44634709,1.44917263
0.9,8.91339556,1.22059532
1.0,-93.33477606,1.98933018
1.1,30.80864746,1.08286961
1.14141667,91.54187856,1.3463941
