segment,pitch,stretch
0.0,40.58520075,0.58190194
0.1,70.57222365,0.48424411
0.2,69.27547246,1.14946849
0.3,13.01026316,1.05002848
0.4,-86.96432775,0.56529053
0.5,-28.12777227,1.42245746
0.6,-77.3052971,0.39921231
0.7,-4.39988688,0.67389644
0.8,-13.43420627,0.69782841
0.9,-18.15540347,1.51600011
1.0,-15.3428643,0.91352501
1.1,-79.03113674,1.39266727
1.14141667,-15.39593272,0.36520872
