segment,pitch,stretch
0.0,-2.55265917,1.38808209
0.1,-95.33210179,1.23286385
0.2,75.24432021,1.60990353
0.3,-62.71648026,1.96096925
0.4,44.13246856,1.13042948
0.5,-75.81978201,0.43108443
0.6,-52.61296489,1.80306239
0.7,-0.98979507,1.42327276
0.8,-14.53157899,1.93748615
0.9,57.4893304,0.36530119
1.0,91.85549416,1.84079327
1.1,55.10518596,0.18441238
1.14141667,42.81341406,1.02298028
