segment,pitch,stretch
0.0,3.5433124,0.69924153
0.1,34.67580474,0.59233338
0.2,52.06096148,0.10786683
0.3,-11.68829783,0.82052849
0.4,-55.43273777,0.57964387
0.5,-69.12141051,1.16428723
0.6,-6.92352796,0.35573096
0.7,-30.91883779,1.23577296
0.8,65.5281881,0.83715517
0.9,-41.62316532,1.18768042
1.0,-72.0133608,1.9698724
1.1,34.83208876,0.40899085
1.14141667,-43.5569199,1.30290544
