segment,pitch,stretch
0.0,9.62782805,0.66553868
0.1,79.10151541,0.80621355
0.2,2.55252391,1.84356459
0.3,-56.26899273,1.90907132
0.4,-20.92602812,1.21053238
0.5,57.30249402,1.31456384
0.6,-47.30475577,0.33014912
0.7,-1.4643076,1.29331399
0.8,12.70766327,0.87459396
0.9,-25.83046899,1.83877511
1.0,22.405592,1.07204251
1.1,62.96974848,1.19288608
1.14141667,46.93445963,0.78930761
