segment,pitch,stretch
0.0,72.6201006,1.67033206
0.1,55.97657534,0.31629047
0.2,13.52543227,1.6455345
0.3,-81.349724,0.71516618
0.4,99.86498811,1.73006106
0.5,16.87534827,0.0344878
0.6,66.9812192,0.63862909
0.7,-75.38343533,1.07196046
0.8,5.7329485,1.84433576
0.9,58.05585557,0.95400442
1.0,-3.33377945,0.19158544
1.1,-43.74893274,1.26583767
1.14141667,-86.42154795,0.99784974
