segment,pitch,stretch
0.0,8.11578958,0.20844883
0.1,39.94171881,1.32391978
0.2,80.57609744,1.70464672
0.3,-13.82348855,0.17193423
0.4,-26.98289084,1.3879851
0.5,-5.81404193,1.24417137
0.6,52.64589619,0.90764787
0.7,62.15943338,1.32078245
0.8,-17.56819824,0.83829635
0.9,-76.63953122,0.35252059
1.0,-64.36193894,0.30961676
1.1,-78.09182739,0.82109579
1.14141667,-14.8487849,1.78955346
