segment,pitch,stretch
0.0,41.03273498,1.17434259
0.1,9.58147449,1.0161357
0.2,-32.18625516,1.58908251
0.3,28.50669793,0.746627
0.4,-88.53670297,0.02412489
0.5,-15.43899097,0.5408358
0.6,-14.99208648,1.97473796
0.7,30.73544721,0.60459965
0.8,-77.16176604,1.44502859
0.9,-8.39157052,1.27495293
1.0,-0.4008465,0.65103499
1.1,4.11299021,0.57126771
1.14141667,49.09310712,1.60326381
