segment,pitch,stretch
0.0,-75.74586018,1.28446117
0.1,34.66734772,1.91886237
0.2,97.60199652,0.78737694
0.3,-1.67223154,0.63419954
0.4,-69.67975193,0.86614415
0.5,1.53849988,0.67079309
0.6,61.62356176,0.78677565
0.7,34.03398927,0.38539195
0.8,-30.09572591,0.21197006
0.9,-80.19873121,0.76692658
1.0,6.60020559,1.37154021
1.1,-22.42838039,1.06053947
1.14141667,-84.64983628,1.20326298
