segment,pitch,stretch
0.0,66.11586976,0.5039422
0.1,-47.79078907,0.80146309
0.2,71.77920412,1.78552689
0.3,-93.6537617,0.88100481
0.4,-6.4027558,0.77019445
0.5,-41.15389174,1.46662088
0.6,-4.55914228,0.87709691
0.7,-9.90410227,0.79820902
0.8,-95.14424616,1.2624915
0.9,-38.80179858,1.05291516
1.0,93.69085656,0.55686505
1.1,-2.36589875,1.21588771
1.14141667,-67.28651827,0.43693886
