segment,pitch,stretch
0.0,-83.30768606,1.07149665
0.1,62.12996189,0.08142527
0.2,-3.96879709,0.69078224
0.3,-28.68467377,1.63834532
0.4,64.37913974,0.65746959
0.5,-24.77979547,1.44089833
0.6,-57.28233071,1.05836731
0.7,26.41618361,1.09302896
0.8,-28.5927545,0.67374417
0.9,50.0436783,0.87992825
1.0,-83.09259596,1.11179321
1.1,6.81134339,0.15174121
1.14141667,-67.94941219,0.96307082
