segment,pitch,stretch
0.0,87.596802,0.885939723
0.1,94.08080992,1.95777695
0.2,23.23948524,1.7761084
0.3,61.25075703,0.130584264
0.4,36.37191221,1.88090151
0.5,-1.25906166,1.91447985
0.6,-77.51503636,1.63435485
0.7,51.79007106,0.969843469
0.8,37.57137162,1.28271297
0.9,-17.93936658,1.084226
1.0,79.44743047,0.932336456
1.1,65.84768021,0.249585537
1.14141667,-95.74004892,0.000816857492
