segment,pitch,stretch
0.0,-21.76223445,1.58709165
0.1,-69.88378146,1.30096868
0.2,-54.62116144,0.79134487
0.3,80.40698851,1.38985141
0.4,44.49094145,1.16396661
0.5,-34.58786744,0.50418915
0.6,-82.72511393,0.66043503
0.7,-17.30470796,0.90266971
0.8,-3.21936287,0.65632044
0.9,34.09717353,1.38813555
1.0,-34.0267679,1.56070696
1.1,91.79101104,1.04399467
1.14141667,44.37260858,0.73913352
