segment,pitch,stretch
0.0,-6.32763113,1.69747545
0.1,52.57695115,0.44356632
0.2,41.60389797,0.19149228
0.3,-8.66153644,0.04934427
0.4,21.98741159,1.95400703
0.5,7.59234245,0.49820864
0.6,70.82755328,0.51266747
0.7,17.66979404,1.86795174
0.8,-65.60181314,1.30935529
0.9,-44.40728826,0.05861012
1.0,-52.60669598,1.40782227
1.1,-70.77145759,1.0203891
1.14141667,-30.0338136,1.4169691
