segment,pitch,stretch
0.0,-62.60362143,1.37727638
0.1,-43.50765866,1.28518877
0.2,-92.07433403,0.24899463
0.3,46.3833143,1.79083117
0.4,58.15075502,1.19321429
0.5,51.12035468,1.48105428
0.6,63.00938614,1.81654148
0.7,53.26413437,0.04088279
0.8,11.02549961,1.9828965
0.9,-94.89446674,1.08721535
1.0,34.07109414,0.94519366
1.1,44.30887561,0.5024403
1.14141667,37.12236443,1.27662231
