segment,pitch,stretch
0.0,-77.06578257,0.33849132
0.1,-67.09994089,1.48998326
0.2,10.23356221,1.02808848
0.3,-29.54836215,0.10044397
0.4,-85.43077929,0.09858869
0.5,-43.35374971,0.51129588
0.6,45.41702585,1.6443375
0.7,-83.76864658,1.46500021
0.8,22.30391665,0.54120209
0.9,78.78007779,0.72550363
1.0,-1.97565414,0.57251884
1.1,-21.98614024,0.6350511
1.14141667,90.34733905,1.60707404
