segment,pitch,stretch
0.0,51.06943886,1.16712097
0.1,24.37567111,0.22717449
0.2,-30.40960405,0.5815837
0.3,-91.25272525,0.50497114
0.4,87.90673924,1.37233966
0.5,2.42955661,1.42439941
0.6,36.08285451,1.26104805
0.7,-99.48293301,1.48988751
0.8,59.12958731,1.64050353
0.9,-71.36695162,1.39380246
1.0,-86.60100387,1.34922295
1.1,-70.30574561,0.5132175
1.14141667,72.13764249,0.46186768
