segment,pitch,stretch
0.0,43.13117395,0.60174175
0.1,-96.19122477,1.82890944
0.2,2.45935204,0.13586503
0.3,15.27272703,1.07865646
0.4,26.47355935,1.62969028
0.5,89.52569862,0.68123355
0.6,61.94808616,1.92819184
0.7,-12.05040884,1.42294884
0.8,69.46484253,0.89758032
0.9,-61.92633994,1.76206692
1.0,68.08285091,1.82226832
1.1,37.23495274,0.67576012
1.14141667,-33.15221386,1.67391689
