segment,pitch,stretch
0.0,48.90062575,0.78276201
0.1,-69.07148134,0.68861519
0.2,-3.79784226,1.39122564
0.3,-19.68077466,1.3824081
0.4,-75.20346612,0.76200862
0.5,-0.60792706,0.97964197
0.6,-47.33415621,0.23275502
0.7,16.4811279,0.02741707
0.8,-17.31210465,0.38511578
0.9,20.64222746,0.30541253
1.0,-84.81869406,1.78035006
1.1,51.19867418,1.15663372
1.14141667,-21.12219149,0.69322275
