segment,pitch,stretch
0.0,11.8703901,0.1719551
0.1,13.57498851,0.5210504
0.2,24.46312938,0.82726276
0.3,-45.15325381,1.009931
0.4,56.73807885,0.08955624
0.5,17.44370226,0.7410831
0.6,75.3946945,0.51673435
0.7,-28.26163831,0.86251906
0.8,5.39469378,0.61384821
0.9,18.72219056,0.49002446
1.0,25.3895976,0.7595735
1.1,71.997083,0.36123927
1.14141667,20.31463869,0.95039546
