segment,pitch,stretch
0.0,10.73486736,0.92635418
0.1,-2.13704655,1.35141752
0.2,28.17863461,1.44107808
0.3,31.31595099,0.55561757
0.4,78.82756463,1.72995487
0.5,83.48671707,0.72311037
0.6,-30.66584618,0.44618391
0.7,81.60814872,0.87849223
0.8,7.8464664,1.36014926
0.9,-79.02516518,1.59973975
1.0,-33.20547634,1.01580825
1.1,-36.70872287,0.8147003
1.14141667,97.65700818,1.87612807
