segment,pitch,stretch
0.0,-46.46293881,1.20748333
0.1,36.58591631,0.93241829
0.2,50.38502511,0.66065298
0.3,-66.12823015,0.45259025
0.4,-77.21600754,0.97197432
0.5,6.000212,0.91187225
0.6,-4.76341262,1.2216298
0.7,7.45357195,1.53033872
0.8,-26.58843139,0.74678716
0.9,31.49724547,1.79882331
1.0,28.64688836,0.9366063
1.1,-76.72305376,1.21120155
1.14141667,-86.52721647,0.65657425
