segment,pitch,stretch
0.0,-10.90000223,0.01988505
0.1,-17.77890753,0.4157118
0.2,88.87263959,1.34213765
0.3,-43.08200188,1.89153857
0.4,-3.71858938,0.45840361
0.5,-38.27799499,1.00482351
0.6,-45.64383698,1.53498487
0.7,-33.85105354,0.84744486
0.8,56.31466728,1.23553797
0.9,-49.59267572,1.89573533
1.0,-7.69975981,1.67231577
1.1,62.19506455,0.727209
1.14141667,75.53080132,1.05404819
