segment,pitch,stretch
0.0,86.82276174,1.92268893
0.1,61.01952575,0.3802524
0.2,-60.75226359,0.64366911
0.3,85.98471719,0.42839795
0.4,-69.86147068,0.00748054
0.5,9.94695166,1.08678504
0.6,18.79769535,1.81857945
0.7,32.56379866,0.88876944
0.8,-63.36176939,0.00755284
0.9,-52.11840686,1.32717317
1.0,-62.81838888,1.11144187
1.1,-46.10611579,1.48923739
1.14141667,30.76289331,0.80153076
