segment,pitch,stretch
0.0,6.04355082,1.02628558
0.1,-1.04855661,1.77610809
0.2,-47.12815284,1.47367835
0.3,68.61131291,1.43120021
0.4,29.55521304,1.37358307
0.5,83.19468183,0.28035321
0.6,32.28964421,1.18002936
0.7,-30.56201849,1.27636641
0.8,-62.10694836,1.80740879
0.9,-56.07346139,0.54939497
1.0,-91.28980729,1.34706634
1.1,35.15873918,1.19033731
1.14141667,28.83992247,0.41831697
