segment,pitch,stretch
0.0,87.28160699,1.75163706
0.1,54.41631338,0.7463051
0.2,37.94276377,0.54290341
0.3,-67.22196437,0.62982968
0.4,-92.34211051,1.66450544
0.5,78.48957529,0.11949556
0.6,-77.60666308,0.59857061
0.7,89.04290108,1.16504801
0.8,95.38463118,1.98824202
0.9,-13.6171851,1.58326229
1.0,-62.96426983,1.7730941
1.1,10.74028895,1.01142382
1.14141667,30.61570069,1.22213948
