segment,pitch,stretch
0.0,37.65487649,1.15800946
0.1,19.59725659,1.13669249
0.2,66.12533615,0.06946332
0.3,2.99860898,1.10145514
0.4,53.37969101,0.57961702
0.5,-65.92131523,1.67107236
0.6,58.20808948,0.14844498
0.7,34.20702101,0.48083565
0.8,-20.74517351,0.08331464
0.9,-63.04688108,1.76726214
1.0,18.16483101,1.53557922
1.1,-6.33441314,0.72276914
1.14141667,-27.85231134,0.3785017
