segment,pitch,stretch
0.0,-3.46399268,0.19423897
0.1,-21.80392372,0.1631659
0.2,36.25335474,0.66154436
0.3,-89.69667544,1.05269583
0.4,8.30678336,0.42912872
0.5,-74.14807153,1.13233144
0.6,-86.71487403,0.81035092
0.7,46.6406954,1.18976626
0.8,-18.6357847,0.82772239
0.9,-71.67552903,0.85953916
1.0,-61.54832496,0.46780601
1.1,-2.65496266,1.89093077
1.14141667,-59.32822584,1.10123879
