segment,pitch,stretch
0.0,97.7536206,1.73195871
0.1,4.42561942,0.65080557
0.2,30.66479602,0.56559014
0.3,45.9358297,1.09548812
0.4,-27.67703404,1.12986234
0.5,-76.93961613,0.64023359
0.6,27.15756236,1.40554415
0.7,-17.10219694,0.54302872
0.8,-95.03788422,0.69510387
0.9,91.87255183,1.07734333
1.0,44.51009428,1.27461724
1.1,96.96949092,0.68372614
1.14141667,-89.9433434,0.29358922
