segment,pitch,stretch
0.0,84.74621133,0.15482924
0.1,92.18246646,0.90780051
0.2,-59.5459939,1.42386573
0.3,-98.70399026,1.79795319
0.4,-95.53423626,0.68328648
0.5,-57.56578286,1.03595689
0.6,-23.70931613,0.55161363
0.7,59.8421939,0.09331541
0.8,-90.10462767,0.72998265
0.9,-16.09842749,1.18746687
1.0,62.6860723,1.32035057
1.1,-21.10074863,0.35098378
1.14141667,19.46279158,0.11551636
