segment,pitch,stretch
0.0,-27.97286864,0.83019058
0.1,82.34355776,0.63707458
0.2,75.72258463,1.55031703
0.3,44.47191759,0.7768572
0.4,60.8877637,0.18510724
0.5,10.82391156,1.0788321
0.6,-58.65109875,1.31682618
0.7,20.27200832,0.72729944
0.8,3.52627908,1.27092013
0.9,-45.99634136,1.15426896
1.0,-70.74863326,1.45798892
1.1,34.69877099,1.33628297
1.14141667,60.86659865,1.63737837
