segment,pitch,stretch
0.0,91.54391251,1.81466251
0.1,78.06416421,1.53337533
0.2,-58.48067555,0.98967466
0.3,-90.2136996,1.42275833
0.4,-50.08146281,1.74242441
0.5,0.90253223,1.11374005
0.6,-14.71129545,0.56963487
0.7,-23.6898362,0.82081927
0.8,31.11024133,1.73481969
0.9,-14.23643957,0.39687116
1.0,63.67411618,0.09343869
1.1,62.83310166,0.28087028
1.14141667,-7.71472793,0.17948475
