segment,pitch,stretch
0.0,-7.18110588,0.85847517
0.1,94.79075027,1.5812933
0.2,65.03196098,1.03622674
0.3,-37.28428702,0.04767573
0.4,27.28588317,1.4264155
0.5,-35.83942865,1.7631052
0.6,-2.59487555,1.23587648
0.7,-7.83871927,0.84823926
0.8,11.84669574,0.19047812
0.9,15.04268327,1.24298013
1.0,-33.08503387,1.00705755
1.1,-37.02592644,0.82373643
1.14141667,81.06738924,1.84378912
