segment,pitch,stretch
0.0,-12.30067292,1.22115216
0.1,36.78977735,0.46578941
0.2,-92.85505099,0.7393451
0.3,79.08429956,1.0436156
0.4,-94.45731791,1.85215008
0.5,86.94372215,1.35426274
0.6,64.87909745,0.90062394
0.7,-10.59653747,1.19660978
0.8,-13.88055644,1.64484137
0.9,-79.28505603,1.90071567
1.0,85.40525959,0.68624617
1.1,37.59232623,0.4882198
1.14141667,-13.77587954,0.37805744
