segment,pitch,stretch
0.0,41.08697403,1.6200344
0.1,73.08255676,1.77085985
0.2,43.08380993,1.23064254
0.3,21.02518819,0.65610838
0.4,37.78172954,0.97608822
0.5,23.93679705,1.2635416
0.6,-67.69710766,0.50594858
0.7,13.42536336,1.65502646
0.8,51.4556767,0.51878313
0.9,-56.6842947,0.73572105
1.0,28.39117481,0.30914429
1.1,34.75019827,1.8798641
1.14141667,-68.6754391,1.7546161
