segment,pitch,stretch
0.0,68.2384799,0.18942364
0.1,98.20525801,1.24422322
0.2,-42.19761406,0.84726027
0.3,43.17355225,0.63121745
0.4,-14.96635905,1.39450382
0.5,-43.49672798,1.83680784
0.6,41.76813315,1.84374711
0.7,88.36147994,0.72560086
0.8,59.42037908,1.11819201
0.9,86.723379,1.00539219
1.0,-78.72989076,1.52240486
1.1,-26.66254955,1.78566065
1.14141667,-48.10200682,1.0817634
