segment,pitch,stretch
0.0,1.6361827,0.91275893
0.1,65.3259988,0.6923682
0.2,-9.10284964,0.91492024
0.3,71.37936618,0.74961563
0.4,-61.83005099,1.83666104
0.5,64.1925332,1.59808961
0.6,-73.78104882,0.06025733
0.7,-75.04579524,0.97352889
0.8,94.52941368,0.3343283
0.9,-40.24958263,1.19408747
1.0,70.56248905,1.41158065
1.1,-94.2422388,0.89941942
1.14141667,38.81083767,0.47183897
