segment,pitch,stretch
0.0,-41.82140768,1.84770239
0.1,97.07530933,0.49171838
0.2,61.02388002,0.47472033
0.3,-27.18611965,1.44367117
0.4,-58.17917059,0.04505535
0.5,9.56156567,0.75389127
0.6,98.52665159,1.37136318
0.7,98.98825478,0.89733916
0.8,94.82792761,1.83341516
0.9,75.17568326,0.71992929
1.0,-46.15164739,0.35031196
1.1,73.71983811,0.61578475
1.14141667,48.12743652,0.73246634
