segment,pitch,stretch
0.0,13.65936781,1.51229861
0.1,59.19964003,0.95952734
0.2,-16.88317101,1.86428533
0.3,-29.25697853,1.71002057
0.4,-20.47261371,1.4823254
0.5,-95.33210222,1.31199137
0.6,-87.63836787,1.53917366
0.7,-87.59004626,0.27400767
0.8,-36.63017932,0.2344453
0.9,23.01049222,1.76474922
1.0,-37.6607371,1.98224239
1.1,-63.45582253,0.32973237
1.14141667,-21.18055498,0.42672881
