segment,pitch,stretch
0.0,-30.47504576,0.47785651
0.1,-83.06405686,1.85614621
0.2,62.50778564,0.28079339
0.3,8.87266429,1.15467711
0.4,44.6949174,1.29610326
0.5,38.79182234,0.14147162
0.6,-98.97339248,0.92649122
0.7,-24.61405849,0.74752986
0.8,0.11664969,1.75089992
0.9,41.40110598,0.0989963
1.0,-40.48516798,0.24181159
1.1,70.26355015,1.60406525
1.14141667,92.29981678,0.31046435
