segment,pitch,stretch
0.0,28.35724915,1.71415681
0.1,26.38493171,0.18459313
0.2,8.90779244,0.47305151
0.3,-34.13241848,1.92043918
0.4,-30.2250642,1.31799805
0.5,60.19050012,1.42118409
0.6,75.67852572,0.66802023
0.7,-7.18601105,1.51681652
0.8,11.94290596,0.60482519
0.9,44.4176468,0.48366078
1.0,55.01136248,1.25824198
1.1,13.02153574,0.90606561
1.14141667,-20.1322999,1.81389121
