segment,pitch,stretch
0.0,62.52683965,0.48083999
0.1,-59.15891797,0.2426368
0.2,72.29013493,0.50289968
0.3,7.18381601,0.96187942
0.4,-40.54501031,0.79236689
0.5,11.17660764,0.45761642
0.6,-12.72402035,0.22457871
0.7,86.4128945,1.19019688
0.8,-22.42213109,0.95557976
0.9,-17.96201743,0.73743866
1.0,-65.83896619,1.58004952
1.1,51.2878128,1.86095595
1.14141667,-35.15908719,0.98214179
