segment,pitch,stretch
0.0,62.4944225,0.56001198
0.1,61.10498272,1.54758202
0.2,-42.55198692,0.60904928
0.3,-72.35169931,1.71890081
0.4,-39.72934283,0.5014883
0.5,-0.87762192,1.02109286
0.6,7.66993076,1.51415411
0.7,-6.36433464,1.90557728
0.8,-39.73719786,0.23887444
0.9,-64.33065086,0.05375229
1.0,34.09936964,0.21145589
1.1,93.5102441,0.42199399
1.14141667,81.02465116,0.67338837
