segment,pitch,stretch
0.0,-75.59015554,1.61803306
0.1,88.89754353,0.88873524
0.2,2.8795785,0.04119194
0.3,16.76666231,1.79064279
0.4,-24.29112878,0.08662101
0.5,-1.85536155,0.80689889
0.6,-3.66950667,1.16094529
0.7,25.64634513,0.24611855
0.8,-63.05896684,1.0529781
0.9,-35.80067613,0.89311493
1.0,-57.57900803,1.51030887
1.1,44.83616842,0.51275824
1.14141667,16.63782687,0.6059473
