segment,pitch,stretch
0.0,-48.58162181,0.70059107
0.1,47.6871057,1.78470564
0.2,23.95676838,0.47543709
0.3,-24.73791069,1.78680006
0.4,88.65790889,0.5678587
0.5,-99.17119216,1.43378545
0.6,34.90627437,0.13629267
0.7,25.78663671,0.97611612
0.8,29.63617464,0.2968179
0.9,78.54761734,1.84395649
1.0,89.6715392,0.06154245
1.1,52.66680317,0.24306075
1.14141667,-91.61447482,0.32609014
