segment,pitch,stretch
0.0,57.05528949,1.64220356
0.1,-48.19665941,1.82332469
0.2,91.45679685,0.22099974
0.3,-29.31586745,1.13825501
0.4,9.10002374,1.767798
0.5,53.01721292,0.7433021
0.6,-22.03928677,0.36890647
0.7,-73.006405,1.31994173
0.8,20.29301957,1.10139997
0.9,19.10492943,1.91392068
1.0,52.95636206,0.92491324
1.1,30.9365932,0.81438983
1.14141667,45.55083793,0.15118447
