segment,pitch,stretch
0.0,70.80325455,0.55356198
0.1,32.99532509,0.17154651
0.2,-59.91289339,0.72125866
0.3,38.55218779,1.79487967
0.4,41.33808145,1.32571503
0.5,99.48150634,1.42540593
0.6,-45.98669111,0.08406428
0.7,-62.891142,0.07826428
0.8,50.81821258,0.42577733
0.9,-20.76584947,1.35097126
1.0,61.69357739,0.3676293
1.1,-40.14477821,0.57090448
1.14141667,-46.23855813,0.88663615
