segment,pitch,stretch
0.0,69.53612507,0.1529788
0.1,48.66484312,0.37242119
0.2,-72.01203103,0.49230089
0.3,-67.26752296,0.40103962
0.4,-11.1534243,1.41340534
0.5,-45.42016811,1.63034897
0.6,8.72911857,1.56067788
0.7,94.32168061,0.03921667
0.8,-32.05571011,1.73882324
0.9,-53.70986217,0.69818848
1.0,44.14624596,0.50903081
1.1,-51.47253769,0.01362261
1.14141667,-61.00447878,1.34786961
