segment,pitch,stretch
0.0,29.27228259,0.3188214
0.1,44.61886338,0.83567332
0.2,-99.37151223,1.37479397
0.3,-43.50012214,1.52422833
0.4,-59.48264573,1.47592496
0.5,-9.75520018,0.98185706
0.6,-11.86740044,0.8144327
0.7,74.75745741,0.15769834
0.8,57.50233643,0.61225333
0.9,-23.1818058,0.30532124
1.0,30.6351759,0.84973926
1.1,-64.15483503,1.73680039
1.14141667,-17.76472581,1.07000134
