segment,pitch,stretch
0.0,-6.4888623,1.58204947
0.1,10.25935382,0.75621705
0.2,-98.41393192,0.6737112
0.3,-40.92801907,1.47717622
0.4,66.22295087,1.33888104
0.5,-30.24910195,0.77255852
0.6,47.10720128,1.63339195
0.7,4.7507049,1.91064047
0.8,-40.48688364,1.54599539
0.9,-47.0079054,0.48737493
1.0,2.83601634,1.73547944
1.1,10.67776144,0.45897774
1.14141667,45.53025902,0.90041339
