segment,pitch,stretch
0.0,-1.23441229,1.3052868
0.1,22.83840399,0.44658399
0.2,-2.77833846,1.47211238
0.3,-3.63205213,0.59811057
0.4,-20.59895043,1.0196801
0.5,49.39784304,0.49963991
0.6,8.12013332,0.56054827
0.7,57.63446104,0.07354225
0.8,-94.70893042,1.41084779
0.9,64.23871008,0.84836821
1.0,-7.65003971,1.33963143
1.1,-58.83724635,1.16454675
1.14141667,8.11130653,1.41914206
