segment,pitch,stretch
0.0,-13.91062225,1.50688041
0.1,-82.56051769,0.64111925
0.2,-16.34612815,1.44315923
0.3,-18.61613947,0.86557463
0.4,70.22209582,0.59561585
0.5,43.80580465,0.12896306
0.6,-35.51711529,0.9391402
0.7,-33.99307878,1.13995098
0.8,-14.14480715,0.92943521
0.9,-36.22749016,0.65373022
1.0,-76.28241787,0.68989301
1.1,-7.27152662,1.44596554
1.14141667,98.36339336,0.49259364
