segment,pitch,stretch
0.0,26.20492845,0.17270054
0.1,-74.75819941,0.02705382
0.2,66.48922001,0.46675355
0.3,-68.12291136,1.08918404
0.4,-31.90751588,1.08889729
0.5,-87.61502744,1.58812935
0.6,-96.2186605,0.22234036
0.7,-41.587769,1.27368172
0.8,-71.33167423,1.65649553
0.9,68.40757258,1.77400253
1.0,12.45719947,1.14991904
1.1,16.4878676,0.18106984
1.14141667,83.61600187,1.01468769
