segment,pitch,stretch
0.0,-29.3673722,0.22996727
0.1,44.40810174,1.64696191
0.2,9.85258544,1.06029091
0.3,-70.232311,0.85821425
0.4,10.18078432,0.90927264
0.5,54.14062098,1.46523027
0.6,5.91204202,0.81919343
0.7,41.76003801,1.08727783
0.8,-59.19909661,1.65258162
0.9,-56.68785287,0.26852297
1.0,-72.6143152,1.68829351
1.1,5.43153154,1.1963145
1.14141667,73.51458945,1.20911613
