segment,pitch,stretch
0.0,-30.94248102,0.42536639
0.1,-4.29051335,0.63122361
0.2,-40.67450271,1.33951683
0.3,-98.30979695,0.48386301
0.4,33.8298658,0.54931862
0.5,-10.25342909,1.17298133
0.6,-44.71615858,0.90112803
0.7,-44.75020149,1.02780662
0.8,83.65764996,1.75749166
0.9,43.69158252,1.02056685
1.0,46.49261848,1.3036828
1.1,1.97001413,1.81996597
1.14141667,-3.17194908,0.33384971
