segment,pitch,stretch
0.0,36.75935394,0.61757489
0.1,62.37590306,0.91218426
0.2,-79.10366799,1.22140569
0.3,15.61361167,1.31629718
0.4,40.29353687,0.79411693
0.5,2.12234517,0.73057303
0.6,12.50359996,0.23343818
0.7,-82.50426771,0.74035026
0.8,24.690563,1.16659072
0.9,-26.86058419,0.34867732
1.0,-14.63831272,1.71373813
1.1,68.03313278,1.49834332
1.14141667,-76.23493294,0.08304986
