segment,pitch,stretch
0.0,37.66035755,1.19799643
0.1,-62.4198419,1.95985133
0.2,22.14011597,6.34751795e-05
0.3,-19.28433509,0.467547013
0.4,58.02680792,0.379118242
0.5,26.36088305,0.398106844
0.6,-2.96553475,1.90521091
0.7,18.82025548,0.228927516
0.8,-71.77019801,0.850400434
0.9,-33.53163,0.845624976
1.0,-66.53266587,1.47438703
1.1,-68.49556875,1.89174641
1.14141667,37.72443789,1.26260731
