segment,pitch,stretch
0.0,-23.23499115,0.51826373
0.1,-5.32274666,0.48541717
0.2,-26.96491629,0.32572671
0.3,-24.71578064,0.87356407
0.4,4.92396133,0.06333599
0.5,79.3437843,0.63173489
0.6,-37.35644985,0.49522912
0.7,90.7866094,1.48986997
0.8,-21.5684971,1.18308083
0.9,-3.17217866,1.04898469
1.0,-53.51075281,1.09208336
1.1,23.72364294,0.03972765
1.14141667,-59.96309897,0.83305144
