segment,pitch,stretch
0.0,22.60875431,0.83599951
0.1,14.43122851,1.5682517
0.2,-1.17604154,1.13690913
0.3,99.62569478,0.25393691
0.4,-64.65569176,0.7777625
0.5,-41.8275267,0.49994145
0.6,34.66502166,0.40465775
0.7,-34.34381975,1.59194632
0.8,-81.02141252,1.86410196
0.9,-5.97302513,1.45014204
1.0,-9.83226783,1.09472926
1.1,-81.65012796,1.56254354
1.14141667,-85.13057585,1.24100029
