segment,pitch,stretch
0.0,-26.22801359,1.74666581
0.1,54.88249524,0.37705953
0.2,-61.89999753,1.97260084
0.3,-39.16934717,0.50629265
0.4,-83.10033466,1.99794903
0.5,-24.03027332,1.02145621
0.6,-10.01438576,1.05564508
0.7,-53.20735298,0.634951
0.8,-7.45882083,1.03539482
0.9,24.36426577,0.88460179
1.0,-43.69873215,0.12128671
1.1,1.62866067,1.46236151
1.14141667,-5.58077754,0.62307572
