segment,pitch,stretch
0.0,95.60851421,0.31080056
0.1,10.27807308,0.60684058
0.2,4.0500478,1.51269297
0.3,98.54662712,0.34211461
0.4,-55.47052681,1.48307249
0.5,32.45246937,0.87806102
0.6,57.72330653,0.67676213
0.7,-40.98154309,1.11559136
0.8,-66.31000253,0.1280295
0.9,-0.754791,1.10962347
1.0,-67.7279764,0.74190709
1.1,-66.85938958,0.49223717
1.14141667,60.10561607,0.29130713
