segment,pitch,stretch
0.0,94.32370933,1.08116474
0.1,-20.71306493,0.77352279
0.2,-52.8787947,1.72406451
0.3,54.58301415,1.0712012
0.4,77.43262349,1.46762268
0.5,91.72055328,1.02267728
0.6,-68.29048705,1.62970382
0.7,-57.37161044,0.33624611
0.8,31.76308417,1.07879651
0.9,-99.65529565,0.11108974
1.0,-27.48817095,0.0578911
1.1,97.80822664,1.12963754
1.14141667,42.47593373,1.30381109
