segment,pitch,stretch
0.0,-42.01574029,0.84439614
0.1,-90.00143585,0.44297776
0.2,-43.7259183,0.69214518
0.3,11.44022212,1.09273238
0.4,88.748088,0.54928819
0.5,-52.31400469,0.96507272
0.6,87.18732736,1.56155988
0.7,-86.03959727,1.86632658
0.8,8.69100054,0.92278907
0.9,62.86212057,0.59982574
1.0,27.92700795,0.05271929
1.1,39.59984074,0.68548108
1.14141667,-14.92872681,1.34366794
