segment,pitch,stretch
0.0,-39.02457542,1.13235422
0.1,-77.49985517,0.41642205
0.2,50.91368445,1.49751518
0.3,10.63848849,0.37045866
0.4,47.34974353,0.15272125
0.5,-18.10712895,0.11717599
0.6,-59.13978187,0.84303964
0.7,-95.02289951,1.97903491
0.8,-1.09114116,0.29246172
0.9,-71.36171918,1.45734716
1.0,15.57019989,1.94987581
1.1,-93.68359708,1.48364755
1.14141667,-46.06271285,1.01304345
