segment,pitch,stretch
0.0,-14.3254762,0.00837881
0.1,19.63428116,1.01490054
0.2,-91.68242216,1.87093457
0.3,-41.82283925,1.17127261
0.4,-72.80326657,1.68516013
0.5,-12.3349336,0.32760374
0.6,-15.30280268,1.68388895
0.7,-15.66686259,1.95044404
0.8,-77.03407899,0.77619086
0.9,-25.15547903,0.62272065
1.0,-56.91868761,0.1392137
1.1,30.52061364,1.81424778
1.14141667,-30.87664349,0.71279161
