segment,pitch,stretch
0.0,68.384864,0.88761123
0.1,-12.54054232,0.48802278
0.2,38.20542066,1.39577597
0.3,-13.65587965,0.86182701
0.4,-87.20869433,0.59248942
0.5,-32.62716093,1.00273613
0.6,10.94806249,1.78150364
0.7,50.06911145,1.71651432
0.8,99.00831247,1.81026364
0.9,-53.01326403,1.46265358
1.0,-76.4591149,0.3188175
1.1,-55.31028242,1.15839447
1.14141667,-22.75078549,1.38940907
