segment,pitch,stretch
0.0,-87.17332431,1.77173176
0.1,-63.09415983,0.67265644
0.2,-5.13692517,0.44902259
0.3,39.71093195,0.63427398
0.4,96.30977603,1.34575671
0.5,25.78038163,1.48044625
0.6,-32.08428471,1.83651266
0.7,-14.27500372,1.53561215
0.8,34.81288679,0.30121489
0.9,-35.6564535,0.27947142
1.0,-22.32235069,1.45080304
1.1,65.75387004,0.99601767
1.14141667,-54.68805411,0.62533647
