segment,pitch,stretch
0.0,-30.57242851,0.37315661
0.1,14.97931662,1.05022762
0.2,-12.73059909,1.01492906
0.3,-76.6340538,1.93408877
0.4,-39.77201686,1.23235421
0.5,71.31806432,1.09863872
0.6,10.64683686,1.73842976
0.7,-39.62288549,1.7696099
0.8,30.96552198,0.64569778
0.9,-10.22867333,0.76121888
1.0,10.06380936,1.37138018
1.1,46.55251325,0.47603266
1.14141667,-68.18565714,0.62197503
