segment,pitch,stretch
0.0,-3.07847079,0.23703277
0.1,22.70145426,1.62366196
0.2,32.76367051,0.51146608
0.3,-31.71032565,0.96426713
0.4,-28.18750434,0.43793295
0.5,-18.1748931,1.33868978
0.6,-27.03025386,0.31800764
0.7,12.34522068,1.44789936
0.8,20.95996339,1.67391832
0.9,17.46922546,1.19275698
1.0,-31.18262411,0.34476604
1.1,16.14877288,1.95768513
1.14141667,-36.04372934,1.10523987
