segment,pitch,stretch
0.0,-99.35759674,0.54388648
0.1,17.74635761,1.06124428
0.2,45.19730301,1.13782447
0.3,32.76158542,1.35322569
0.4,-82.44124556,1.86440682
0.5,-42.32589362,1.66841875
0.6,47.35708325,1.44392405
0.7,-90.98325298,1.23654472
0.8,-35.51686902,0.08906861
0.9,60.74204696,0.55811382
1.0,-46.10377132,0.54181177
1.1,-22.49053344,0.7143235
1.14141667,15.48787024,1.69639276
