segment,pitch,stretch
0.0,-67.44406454,1.22423007
0.1,-73.84739015,0.1395008
0.2,81.95150108,0.94286686
0.3,96.21214806,0.37314777
0.4,-57.82998038,1.0010575
0.5,-6.96035323,0.83374851
0.6,-78.36769072,1.45587277
0.7,32.9944228,0.51003908
0.8,-68.03079366,0.90278168
0.9,-99.66558707,1.05343223
1.0,-27.43832551,0.99018558
1.1,-36.05184577,0.55477263
1.14141667,58.13157802,1.71179216
