segment,pitch,stretch
0.0,-44.65226556,0.82110946
0.1,63.7716246,1.29238655
0.2,-40.5877969,1.24830198
0.3,56.39404045,1.72338018
0.4,17.11834734,1.66948329
0.5,31.30487132,0.41749291
0.6,12.25559696,1.60741276
0.7,-78.06080167,0.20490345
0.8,-59.74238255,0.10841314
0.9,81.93828863,0.86358118
1.0,77.73414233,0.87506779
1.1,-22.21756019,1.54510759
1.14141667,35.31130873,1.55475368
