segment,pitch,stretch
0.0,-94.25756264,0.84151631
0.1,-34.03260107,0.64154244
0.2,-13.41635507,0.7407158
0.3,-71.54807008,0.93666894
0.4,-77.331913,1.77494387
0.5,-50.91677929,1.86091326
0.6,-49.3272692,0.93752328
0.7,14.98823062,1.66003137
0.8,-92.82474453,0.78633884
0.9,52.03391348,1.69754994
1.0,-96.34521909,1.91328734
1.1,-2.783526,0.45528324
1.14141667,38.46492665,0.73678697
