segment,pitch,stretch
0.0,42.6629916,0.82181087
0.1,-44.58032128,1.24121052
0.2,-63.79515668,1.18763114
0.3,65.68552079,1.12080473
0.4,-73.43471872,0.3216303
0.5,-9.94342822,1.28123666
0.6,-63.79991276,1.07872971
0.7,10.2914571,1.60584441
0.8,44.90388393,1.61709033
0.9,11.26467692,0.76221234
1.0,-19.2327242,1.01212213
1.1,-57.17946334,0.46924284
1.14141667,-5.9395339,0.6492678
