segment,pitch,stretch
0.0,-21.64188846,1.54395317
0.1,-7.10945612,0.2941661
0.2,-74.39719325,0.97343698
0.3,-54.61530314,0.96871079
0.4,-80.73225718,1.80485159
0.5,9.91679823,0.56868061
0.6,-97.91364168,1.75772708
0.7,49.57079751,1.73544483
0.8,70.95125658,0.94432617
0.9,31.08280056,1.12597758
1.0,-13.33346658,0.53392858
1.1,3.95596596,0.6803009
1.14141667,-13.99518271,1.42581525
