segment,pitch,stretch
0.0,-57.89390183,1.82865837
0.1,79.17034047,0.89920795
0.2,61.93580685,1.70315706
0.3,73.83766419,0.63562482
0.4,12.23224582,1.66129943
0.5,-36.20570809,1.84264673
0.6,-35.80418352,1.991074
0.7,69.07593122,1.03555826
0.8,53.97673234,1.17116983
0.9,5.33736996,0.91705366
1.0,-61.7851313,0.69782623
1.1,-57.04830132,0.3273665
1.14141667,-40.58679678,1.69019386
