segment,pitch,stretch
0.0,10.19360292,0.93552428
0.1,82.13961964,1.5639108
0.2,-91.88565353,0.54149797
0.3,-30.24557652,1.77619129
0.4,-43.59153267,1.46344574
0.5,-15.21775232,0.20286753
0.6,37.21649368,1.6090377
0.7,57.1809589,1.90666988
0.8,-44.2684999,1.70214312
0.9,16.56515744,0.19372922
1.0,-45.54877222,0.55446441
1.1,41.50051327,0.42094173
1.14141667,-53.34907956,1.23447696
