segment,pitch,stretch
0.0,6.02970532,1.61080248
0.1,-58.23115064,1.8035096
0.2,-79.4524648,1.53819495
0.3,25.31289493,0.27769673
0.4,-60.34707627,0.7897534
0.5,-88.40589566,0.63490444
0.6,51.21957515,0.80684979
0.7,27.50218474,1.59337723
0.8,-8.138588,1.66290077
0.9,-7.03673711,1.10338309
1.0,94.92373652,1.7929398
1.1,-56.45846908,1.95609229
1.14141667,-5.25957002,1.67314896
