segment,pitch,stretch
0.0,-53.64248655,1.38891122
0.1,87.73837185,0.52599003
0.2,-76.07432913,0.86644444
0.3,-82.64271669,0.7067956
0.4,95.13100452,0.85039222
0.5,0.46314255,1.91311542
0.6,84.32306812,1.87701513
0.7,-11.04836818,0.4258787
0.8,-2.39275169,1.64061013
0.9,-87.18946495,0.64403551
1.0,31.75007249,0.40232597
1.1,-75.12996198,1.36523835
1.14141667,89.37224699,1.64588011
