segment,pitch,stretch
0.0,67.37441669,0.86747482
0.1,69.70827651,0.63450919
0.2,49.7198351,1.21543223
0.3,36.67968206,1.05473401
0.4,-47.79492006,0.08529401
0.5,-29.74098428,1.27324493
0.6,-47.95963057,1.42038522
0.7,75.79544294,1.13517299
0.8,14.48235506,1.62550771
0.9,15.77152332,0.2462689
1.0,-40.25391992,0.39322883
1.1,-54.85246088,1.05332498
1.14141667,-75.95368518,1.73203193
