segment,pitch,stretch
0.0,-54.36724897,1.61515364
0.1,47.20909077,1.4185112
0.2,-38.31746159,0.32887669
0.3,-61.13963937,0.02610503
0.4,13.36429747,0.46832004
0.5,11.60122819,0.11209332
0.6,-37.13411098,1.89414481
0.7,16.0551706,0.78679118
0.8,-76.84632417,0.16086144
0.9,7.55549957,1.28761221
1.0,-1.43284295,0.94282924
1.1,70.59581093,0.25063138
1.14141667,-22.88982384,0.65987502
