segment,pitch,stretch
0.0,76.87813449,1.80365851
0.1,-21.82636676,0.405736703
0.2,43.67773212,5.39076875e-05
0.3,17.23969717,0.523679711
0.4,-36.64594868,1.72735713
0.5,-53.48136029,1.2609704
0.6,46.29388988,1.28363672
0.7,-33.77482851,1.79514781
0.8,3.20404602,0.895309966
0.9,-40.8699131,0.69644154
1.0,-98.55823746,1.41287247
1.1,57.68634926,0.405255343
1.14141667,4.46442476,0.0847335586
