segment,pitch,stretch
0.0,58.9348565,0.02221122
0.1,-1.07099038,1.78371947
0.2,24.77809286,1.43536621
0.3,-33.33371518,1.44849807
0.4,21.54187957,1.45398049
0.5,67.611016,0.33934945
0.6,-23.38687641,0.57525858
0.7,88.35815018,1.04506754
0.8,-66.61094949,1.55615331
0.9,-53.48174764,1.11138992
1.0,21.80372986,1.21526867
1.1,78.38405275,0.30519054
1.14141667,-36.42620958,0.60066263
