segment,pitch,stretch
0.0,61.11498845,1.50235293
0.1,-29.92995469,1.73489079
0.2,-11.47288059,1.30865034
0.3,24.29652182,1.74024805
0.4,23.69329687,1.67016595
0.5,-60.43771724,1.47687168
0.6,51.46473444,0.10283272
0.7,-70.458016,1.58951588
0.8,54.70634978,1.92784082
0.9,2.52650198,0.25893121
1.0,-74.58359756,1.24634981
1.1,25.39507774,1.22289809
1.14141667,-77.24745826,1.21192196
