segment,pitch,stretch
0.0,63.30706177,0.51067849
0.1,92.39258817,0.94358364
0.2,-13.48987657,0.25640873
0.3,-67.72828589,0.58771016
0.4,-32.88602624,1.52289813
0.5,-21.74757727,1.41394509
0.6,-67.91477632,1.11303104
0.7,-71.89099465,1.98467364
0.8,-96.77863544,0.54349304
0.9,-70.31079297,0.98875815
1.0,-73.46248332,1.32929539
1.1,-28.24261777,0.86616119
1.14141667,19.33217049,0.54483998
