segment,pitch,stretch
0.0,-45.917689,0.58011626
0.1,-33.5384282,1.99690542
0.2,-99.0043312,1.57936583
0.3,-95.1875869,0.63045979
0.4,-1.31361376,0.92092092
0.5,-17.0630736,1.43478
0.6,5.27592549,0.86263227
0.7,-56.7711373,0.84275935
0.8,-98.9437023,0.57690133
0.9,20.0525885,0.40646744
1.0,82.5481655,1.72098979
1.1,-0.07654756,0.26974162
1.14141667,57.742746,1.53625509
