segment,pitch,stretch
0.0,-34.05995953,1.98885057
0.1,-93.16055168,1.8191466
0.2,-60.93696761,0.28885181
0.3,30.13139622,0.75605437
0.4,49.35617641,0.66072092
0.5,-82.11558789,1.65450461
0.6,-57.30474897,1.03070567
0.7,-48.21332277,1.62140549
0.8,-56.69268049,0.80391253
0.9,-86.28342847,1.6620924
1.0,85.16098195,1.83973139
1.1,-42.27806875,1.17500156
1.14141667,-53.54239336,0.31003115
