segment,pitch,stretch
0.0,0.26733614,0.49188365
0.1,-18.24660657,1.21077827
0.2,-1.63329583,1.83419001
0.3,-53.99175433,0.30289836
0.4,-17.66023476,1.97290826
0.5,3.1243391,1.42430172
0.6,-95.81759375,1.73354995
0.7,-61.20869899,1.17190473
0.8,34.50966377,0.7396263
0.9,54.89583718,1.79738689
1.0,43.73805328,1.22336712
1.1,0.88522794,1.97507642
1.14141667,-22.7353341,0.95232181
