segment,pitch,stretch
0.0,89.78122998,1.44191832
0.1,28.80453791,1.11940689
0.2,34.19351196,0.95044875
0.3,42.13241451,1.03916561
0.4,73.79213215,1.14728427
0.5,-43.17947434,0.83024238
0.6,-81.13135349,1.94896197
0.7,1.41751337,0.97370259
0.8,-34.04083972,1.96535195
0.9,-75.9660399,1.25190046
1.0,50.35282734,1.37511157
1.1,-60.08377771,1.57534438
1.14141667,46.62652621,0.6793901
