segment,pitch,stretch
0.0,22.35129755,0.57573124
0.1,31.28985519,0.11622931
0.2,73.11219061,0.36140746
0.3,-79.87541576,1.71551135
0.4,3.72751683,0.85918253
0.5,48.71311284,1.08200139
0.6,-74.27621697,0.68704186
0.7,44.77745099,0.29142073
0.8,13.39337719,0.81449994
0.9,17.18472002,1.55479788
1.0,54.20026422,0.75726735
1.1,-55.52225966,1.34917771
1.14141667,28.09696307,1.09340112
