segment,pitch,stretch
0.0,48.26419712,1.63856122
0.1,-47.83724463,0.51084521
0.2,-59.94167293,0.1611518
0.3,-2.10646815,1.89193476
0.4,56.22787301,0.23206424
0.5,3.63875835,1.58271765
0.6,68.19322982,1.2112833
0.7,-66.226353,0.17687379
0.8,25.57175498,1.37975362
0.9,-56.45976612,1.62884382
1.0,-49.28125995,0.75620984
1.1,72.50645078,0.70269726
1.14141667,-9.1064747,1.66380659
