segment,pitch,stretch
0.0,-64.54705195,0.40470359
0.1,-91.61229029,0.43509238
0.2,-35.88082764,1.96085692
0.3,32.95002598,1.7784599
0.4,96.16696272,0.64261238
0.5,-48.65661003,1.18267194
0.6,25.73992633,1.67096599
0.7,-4.3414441,0.44090251
0.8,-93.84475958,0.30247145
0.9,-3.13234897,1.0976871
1.0,47.01287281,0.50195876
1.1,59.21891233,0.49926872
1.14141667,-20.63650262,1.67818596
