segment,pitch,stretch
0.0,94.27150104,0.68588866
0.1,-80.41139797,0.79728373
0.2,-40.00077648,1.69486433
0.3,-47.9206401,1.07510551
0.4,-40.2970177,0.70826522
0.5,-11.70208262,1.48791079
0.6,-73.01945175,1.35299151
0.7,-69.64342933,1.04861918
0.8,39.43111503,1.24336041
0.9,-87.77522393,0.25284501
1.0,50.22964222,1.1347567
1.1,38.35462342,0.86795362
1.14141667,7.98362759,1.42379585
