segment,pitch,stretch
0.0,0.84017754,1.90383823
0.1,-7.51471686,0.86429372
0.2,28.41763238,1.92043999
0.3,37.71142007,1.03880043
0.4,1.26036317,1.39645729
0.5,15.23218868,1.26128291
0.6,72.87750009,0.93288088
0.7,35.64442263,0.29824493
0.8,-22.83930757,0.82504905
0.9,-74.03077015,1.45311505
1.0,-69.35513139,0.32802496
1.1,-66.87381728,1.34964266
1.14141667,52.78753791,0.7364707
