segment,pitch,stretch
0.0,-97.04983101,1.00266553
0.1,60.00565708,1.57824115
0.2,76.40876054,0.26882086
0.3,-1.09114821,1.94280474
0.4,-55.42967624,0.12401985
0.5,76.10190696,0.90937014
0.6,-14.49000559,1.06197606
0.7,-18.39436764,0.84568666
0.8,6.68432626,1.76648668
0.9,44.25222183,1.73433415
1.0,-22.5745957,1.92314935
1.1,89.38743266,1.47806691
1.14141667,34.53807187,0.01067189
