segment,pitch,stretch
0.0,-38.28425878,1.14466513
0.1,-19.73299362,1.60046318
0.2,-1.63971334,0.66760831
0.3,-13.00341001,1.70247529
0.4,-18.58635516,0.17241517
0.5,-89.98694193,1.76793656
0.6,92.32758461,1.36679993
0.7,-57.54469246,0.7012445
0.8,-77.17429957,1.36817327
0.9,-5.46434537,0.41680341
1.0,-18.50514079,0.28529805
1.1,-7.2649165,1.0076311
1.14141667,-3.97761041,1.26738641
