segment,pitch,stretch
0.0,49.14441244,0.85002417
0.1,-37.49635801,0.73677405
0.2,-64.74479121,0.82269634
0.3,-12.02662639,1.87072388
0.4,-26.48861759,1.17405656
0.5,-43.08388975,0.44967365
0.6,-18.80336799,1.74849723
0.7,-90.02503078,0.62644381
0.8,-28.18761095,0.54512666
0.9,-28.26997976,1.47102377
1.0,7.95602716,1.49461557
1.1,64.66434367,0.10246187
1.14141667,48.93413359,1.38779848
