segment,pitch,stretch
0.0,81.9355603,0.28913279
0.1,-71.71419263,1.21962887
0.2,22.51011958,0.54555181
0.3,-99.72950063,1.17137312
0.4,49.841831,1.42537033
0.5,-23.89351414,1.15969032
0.6,-24.36460831,1.55365219
0.7,-7.07228543,1.32611995
0.8,-45.49814783,1.19252175
0.9,-73.69355256,1.12992737
1.0,-98.73636383,1.10307244
1.1,43.00492329,0.98390362
1.14141667,11.2297133,0.54655988
