segment,pitch,stretch
0.0,38.99787115,0.20721435
0.1,0.3424969,1.58395988
0.2,91.92611382,1.87076578
0.3,-46.15983558,0.36792232
0.4,9.95779273,1.45579825
0.5,-28.14886833,1.07541558
0.6,-10.24338438,0.68903895
0.7,82.44156255,1.47560962
0.8,3.18416094,0.17467993
0.9,-12.03680223,1.91027527
1.0,-74.38114488,1.86009042
1.1,28.9144884,1.13498103
1.14141667,3.07264382,1.77706901
