segment,pitch,stretch
0.0,-54.48721463,1.47250507
0.1,17.75742028,0.97351385
0.2,-16.99007361,1.62038102
0.3,85.48816445,0.59164084
0.4,-88.89032325,0.41479031
0.5,-47.74865088,0.9635883
0.6,-3.81147576,1.27842331
0.7,45.62197155,0.94573079
0.8,7.74526683,1.42648817
0.9,26.54124553,0.07182375
1.0,-34.58785434,1.76280605
1.1,-63.5432514,0.25625016
1.14141667,-29.34239546,0.53797346
