segment,pitch,stretch
0.0,2.5827445,1.20035409
0.1,34.14748066,1.5836089
0.2,19.6904355,0.29484574
0.3,68.79602602,0.62506133
0.4,23.1262233,0.53994538
0.5,-73.53138037,1.49375352
0.6,24.41962913,1.10233577
0.7,17.96835179,1.90421879
0.8,-67.32328085,1.01477718
0.9,75.89669315,1.7885059
1.0,90.53362858,0.32789368
1.1,10.95226784,0.60361192
1.14141667,-78.35504449,0.98506187
