segment,pitch,stretch
0.0,-31.89981656,1.18782903
0.1,-74.57449903,1.71201665
0.2,81.04497479,0.18390312
0.3,1.14146737,0.57430787
0.4,-32.54749474,1.11007143
0.5,87.83227513,1.60124957
0.6,-40.10469542,0.64324141
0.7,90.7248677,1.4423181
0.8,23.85488859,0.98778196
0.9,-35.43452306,0.8055077
1.0,-13.88301207,1.3968905
1.1,17.19330591,0.90412921
1.14141667,7.57103799,1.47831872
