segment,pitch,stretch
0.0,84.3369576,1.25832813
0.1,36.79048727,1.27617891
0.2,97.87832592,0.34943573
0.3,-59.30260184,0.84539824
0.4,-3.27952494,1.57318103
0.5,68.21893327,0.94682889
0.6,-69.29684535,0.71247574
0.7,-13.15553229,0.50326288
0.8,86.11314581,1.73607664
0.9,57.06361677,1.1928267
1.0,-29.41015559,0.97251074
1.1,16.3701653,0.13741037
1.14141667,72.14553851,0.73566388
