segment,pitch,stretch
0.0,53.82244913,0.41033137
0.1,-35.81573955,1.47401645
0.2,8.40474369,1.34708581
0.3,44.99671581,1.53495145
0.4,-47.00146572,1.01134901
0.5,20.35658836,0.39081896
0.6,-68.67268486,1.16883214
0.7,-3.76207987,1.01815432
0.8,-54.29895515,0.72653042
0.9,18.68531545,1.00283729
1.0,3.56564114,0.63403669
1.1,-35.37134565,0.69373238
1.14141667,-78.01839073,0.47350977
