segment,pitch,stretch
0.0,45.85158568,0.742891
0.1,7.11917254,1.89433175
0.2,78.12134314,1.6243666
0.3,97.47827294,0.98769572
0.4,-16.31048208,0.57089061
0.5,-57.92090537,1.46131689
0.6,-80.48850895,0.74274184
0.7,14.41161829,0.99318799
0.8,30.39544131,1.87326507
0.9,-13.64067474,0.6995089
1.0,10.63284956,1.63464253
1.1,34.52905644,0.5924672
1.14141667,37.26363769,1.26762878
