segment,pitch,stretch
0.0,-15.01544192,1.99547859
0.1,71.67037123,1.31067708
0.2,-15.40775764,1.89966094
0.3,-11.03205257,0.46209705
0.4,83.38976595,1.59020339
0.5,-5.64706329,0.67444191
0.6,-61.33063811,0.39768291
0.7,-33.99234127,1.94992257
0.8,-77.43313944,0.27940287
0.9,71.97416395,1.28110567
1.0,97.74294551,1.03180034
1.1,3.21615285,0.76414653
1.14141667,38.32606252,1.66338618
