segment,pitch,stretch
0.0,90.25303481,0.53945939
0.1,-68.20435052,0.42688683
0.2,-29.40329428,0.27290811
0.3,46.42632137,1.55081286
0.4,-28.79951441,1.45770659
0.5,-14.64344063,1.99435488
0.6,55.39931543,1.36766936
0.7,-54.55605034,1.57729108
0.8,84.8250898,1.17309042
0.9,60.3117994,0.17286677
1.0,-27.81288119,1.4236834
1.1,65.1988238,1.20315137
1.14141667,-4.75581652,1.51714563
