segment,pitch,stretch
0.0,40.60139036,1.33844242
0.1,-15.15147128,1.76501112
0.2,-0.95888134,0.94211994
0.3,44.12601478,0.15427666
0.4,-57.82031804,1.07164182
0.5,64.27680708,1.5909132
0.6,-63.61731308,1.21963001
0.7,77.98248538,0.17925278
0.8,-85.02373468,1.54369257
0.9,23.7771992,1.35763688
1.0,61.80066761,1.46111522
1.1,-41.94387,0.95375882
1.14141667,60.59433976,0.23927558
