segment,pitch,stretch
0.0,36.72288444,1.71224607
0.1,-74.37204682,0.20516288
0.2,71.13468821,1.69371904
0.3,50.33353405,0.83336109
0.4,84.34534451,1.46966602
0.5,66.25922436,1.44499697
0.6,76.17786366,0.96988956
0.7,25.96769523,1.07990301
0.8,39.78352371,0.07233571
0.9,-88.77774388,0.97924424
1.0,9.74099179,0.13542435
1.1,-60.17796236,1.07133794
1.14141667,-10.34898014,0.76477886
