segment,pitch,stretch
0.0,-22.25204531,0.10316623
0.1,81.71927807,0.47792981
0.2,-98.89480532,0.12707729
0.3,85.4566245,0.7208162
0.4,-82.68795994,0.12906086
0.5,10.69202358,1.87068598
0.6,18.38320013,1.19195283
0.7,69.93459203,1.81323994
0.8,-27.4597304,0.51750644
0.9,-9.36632986,0.9271707
1.0,-17.95152631,0.88909619
1.1,-74.29185784,1.51432158
1.14141667,17.19346793,0.6228548
