segment,pitch,stretch
0.0,48.76420557,1.37300974
0.1,5.12155157,1.49926665
0.2,-72.9890042,0.85512206
0.3,75.78946978,0.29572074
0.4,8.27508281,1.38748174
0.5,89.78169524,0.62022839
0.6,3.99556136,1.06740061
0.7,1.99959163,0.59805381
0.8,-13.64347367,1.70561407
0.9,30.90068593,0.37953026
1.0,28.17986697,1.21262206
1.1,-67.51414293,1.83341573
1.14141667,-25.39302441,0.05128479
