segment,pitch,stretch
0.0,-65.13304523,1.10727473
0.1,91.34871159,0.36749155
0.2,-53.78564445,1.21292776
0.3,-10.05929492,1.33310916
0.4,47.92385069,0.35628751
0.5,-15.4646629,1.12575771
0.6,67.64656442,1.51128562
0.7,70.11175977,0.50973205
0.8,14.66379349,0.76730337
0.9,-29.42655143,0.80900056
1.0,-94.24598391,1.56347286
1.1,-5.14208276,0.95168615
1.14141667,-20.66516361,1.45096679
