segment,pitch,stretch
0.0,-86.83812117,1.05106058
0.1,74.2111041,0.716104
0.2,98.95723814,1.44527186
0.3,-37.0218658,1.34226429
0.4,16.90400558,1.52765307
0.5,-31.51763709,0.56929388
0.6,17.3105587,0.38037964
0.7,-36.14678416,0.96955255
0.8,33.60964764,1.01212194
0.9,-2.61935036,0.66675465
1.0,-14.19773812,0.09693711
1.1,-43.63276209,1.95103561
1.14141667,29.17007342,0.72368638
