segment,pitch,stretch
0.0,-32.43143983,1.18722539
0.1,-20.41835458,0.476043
0.2,-23.46449975,0.53944986
0.3,-28.22000656,1.36165305
0.4,34.30663797,0.64577602
0.5,99.4482396,0.2941201
0.6,-36.38215405,1.422169
0.7,49.55620727,1.662807
0.8,-18.32655594,0.51246929
0.9,20.02447228,0.10300487
1.0,-53.74882494,1.90875747
1.1,-51.62942979,1.30651096
1.14141667,-32.65363837,0.46104985
