segment,pitch,stretch
0.0,-60.17810311,1.55322104
0.1,11.42252773,1.00304409
0.2,-56.55439893,0.02981525
0.3,-80.03421186,1.36759869
0.4,-80.18888981,0.05691451
0.5,5.79858175,1.70282351
0.6,13.53577994,0.34437275
0.7,-40.39198044,1.08997785
0.8,92.2878797,0.90763246
0.9,-9.2786245,0.73661202
1.0,74.67011589,0.85986577
1.1,-31.97031309,1.06794363
1.14141667,-30.83960704,1.05869648
