segment,pitch,stretch
0.0,45.68225875,1.9538806
0.1,20.77412009,0.51850619
0.2,12.9169451,0.76737597
0.3,53.02430198,0.87704264
0.4,83.41126646,0.09013343
0.5,27.70162445,1.84345299
0.6,-9.39660641,1.84276428
0.7,75.75645777,1.09011778
0.8,24.8906921,1.12131544
0.9,25.41289802,1.94516148
1.0,27.36402577,0.42837326
1.1,-7.62413192,0.5442249
1.14141667,-0.69383243,1.37977126
