segment,pitch,stretch
0.0,96.55415185,0.2361121
0.1,41.84676529,1.55908087
0.2,11.79407364,1.56148194
0.3,71.95879521,0.1780551
0.4,93.7120883,0.11299288
0.5,-64.09021705,0.50480093
0.6,48.95988614,1.92283551
0.7,-46.46481752,0.74945396
0.8,-93.14590569,1.03156879
0.9,98.2579271,0.68943187
1.0,-25.55352001,0.49069002
1.1,-32.07296717,0.79107951
1.14141667,-59.59644834,0.50996293
