segment,pitch,stretch
0.0,74.67435377,1.69175495
0.1,-9.93699387,0.40086311
0.2,4.2378765,0.64184517
0.3,39.99279178,0.63810569
0.4,52.39402187,0.03075419
0.5,44.85460842,0.47334738
0.6,-21.96766976,0.2143105
0.7,-91.32953256,0.75784364
0.8,-6.7073332,0.24871467
0.9,-27.08364703,1.11475223
1.0,20.93648074,1.23612144
1.1,-98.00545996,0.77567879
1.14141667,10.88840881,1.24313348
