segment,pitch,stretch
0.0,-80.8753154,1.54494018
0.1,42.39128957,0.25453535
0.2,36.07188389,1.05123556
0.3,50.61380491,0.33961228
0.4,77.53573111,1.70138916
0.5,37.16272325,0.94068903
0.6,-87.06926926,1.40166291
0.7,10.98767449,0.1496064
0.8,68.13368356,0.52136921
0.9,19.59187928,0.72886143
1.0,35.33717777,1.70329451
1.1,-57.71918366,0.15873144
1.14141667,-17.91280559,0.70900055
