segment,pitch,stretch
0.0,-0.87306912,0.61757566
0.1,53.97679775,0.32729864
0.2,-17.9143701,0.86705571
0.3,-24.754792,1.89311071
0.4,-10.20538455,0.75504891
0.5,-90.27714005,1.63875435
0.6,-72.01449514,0.70533148
0.7,-31.05860399,1.05102433
0.8,37.94491682,1.57562173
0.9,-68.22280845,1.37229945
1.0,-76.8164716,1.64854708
1.1,-55.95467944,1.48711428
1.14141667,42.33514592,0.93522853
