segment,pitch,stretch
0.0,-96.46600651,1.54464496
0.1,-23.28140162,0.36629413
0.2,85.48818596,1.51270847
0.3,73.49265298,1.99092223
0.4,38.7002008,1.14324987
0.5,18.90003165,1.31996998
0.6,27.43188712,1.7759732
0.7,-91.05581927,1.57530669
0.8,-44.52669984,1.94282823
0.9,79.68397794,0.21600784
1.0,78.15410054,1.61421717
1.1,10.90379077,1.44824139
1.14141667,-66.30427155,0.06362757
