segment,pitch,stretch
0.0,-13.65692469,1.60468258
0.1,21.05730203,1.69223853
0.2,35.8745184,1.08425412
0.3,73.81615415,0.4286204
0.4,-21.27973143,0.66323635
0.5,-82.89160494,0.73375376
0.6,37.18976767,1.17688856
0.7,-88.93551769,1.27783056
0.8,-67.5722974,0.64559782
0.9,-30.16013567,0.13087726
1.0,-97.94018597,1.51661117
1.1,-22.80164532,0.76508282
1.14141667,93.86640825,1.99747877
