segment,pitch,stretch
0.0,84.11414351,1.75422575
0.1,-37.19083942,0.18377725
0.2,-88.97309573,1.79563145
0.3,-95.03979249,0.75116623
0.4,41.3735366,0.40681435
0.5,27.6706881,0.97594444
0.6,-36.0397327,1.32678044
0.7,1.46151105,0.25922475
0.8,34.44716143,1.63656011
0.9,70.8561762,1.26331981
1.0,-35.3308977,0.78357408
1.1,58.18645208,1.84376428
1.14141667,5.76184625,1.26865568
