segment,pitch,stretch
0.0,12.46674982,0.57746347
0.1,-79.89786138,0.8650421
0.2,-4.61521998,0.20849304
0.3,91.46456278,0.76246715
0.4,66.10542235,1.57834721
0.5,-49.76283836,0.91507953
0.6,41.46937752,1.10585475
0.7,20.02312911,1.04131091
0.8,81.29824473,1.50751878
0.9,-59.44217103,1.93127989
1.0,5.16951821,0.72818346
1.1,-66.60905263,0.43596025
1.14141667,-85.60307989,1.41868461
