segment,pitch,stretch
0.0,55.30820306,1.58034267
0.1,-11.48156173,1.0596038
0.2,-61.33934281,1.28163155
0.3,-78.79796184,0.20032202
0.4,-3.55277636,1.05316587
0.5,40.8675343,0.79348198
0.6,88.78635161,0.11297715
0.7,-70.07472114,1.23835329
0.8,-79.01069817,1.37036254
0.9,-38.36075722,1.08523433
1.0,-74.7385536,0.49176562
1.1,67.32009961,1.89620137
1.14141667,18.80940086,0.66544547
