segment,pitch,stretch
0.0,-62.71695014,0.91471161
0.1,11.76696999,0.62594341
0.2,89.09000975,1.0457949
0.3,55.482511,0.32994818
0.4,48.82512352,0.38624098
0.5,72.58324687,0.16529193
0.6,-72.31376073,0.35654306
0.7,26.97262417,0.03013993
0.8,25.0060358,0.71479537
0.9,96.65829409,0.87549993
1.0,-53.01793566,0.67316638
1.1,-28.38672299,0.16537435
1.14141667,-13.65079038,0.43572368
