segment,pitch,stretch
0.0,-56.15437609,1.53396837
0.1,-97.50895937,0.80716731
0.2,-24.80576642,1.23206475
0.3,-28.69088725,0.5609413
0.4,-30.95403645,1.96076384
0.5,6.43592274,0.69180363
0.6,18.92068516,0.57955311
0.7,25.68594971,1.48466979
0.8,74.27353509,0.9330707
0.9,-83.89996192,0.8547563
1.0,-96.24021005,0.04579067
1.1,-69.26132296,1.75126765
1.14141667,-1.30565835,1.38088428
