segment,pitch,stretch
0.0,27.54732084,1.70636753
0.1,-69.85328148,0.18445739
0.2,-76.72380053,1.50695547
0.3,47.28957329,1.3381099
0.4,-83.86181977,0.55272236
0.5,-72.7131884,1.90662602
0.6,98.49149533,0.61695475
0.7,-90.50824012,0.26303516
0.8,93.42930075,0.95948634
0.9,-60.07863719,1.69088339
1.0,43.55049774,0.19447203
1.1,-22.12934446,1.08186888
1.14141667,64.41922014,0.10179094
