segment,pitch,stretch
0.0,2.38244996,1.32997903
0.1,-37.81840567,1.68452587
0.2,-78.33811602,0.83936606
0.3,50.26182329,0.89015853
0.4,84.91055303,1.37002303
0.5,89.35919119,0.14366637
0.6,10.55033556,0.91107546
0.7,-62.97285269,1.31587642
0.8,27.87021553,0.94330464
0.9,64.04470315,0.26569161
1.0,53.97064719,0.58019556
1.1,32.82263519,1.20336752
1.14141667,-0.48515027,0.66075611
