segment,pitch,stretch
0.0,-0.0227249235,1.1057297
0.1,-20.5153136,0.88248255
0.2,48.1128711,1.40641601
0.3,-48.9595369,0.79182661
0.4,-2.80357485,1.07217051
0.5,-20.8584143,1.39045594
0.6,98.1092965,1.21295728
0.7,-1.93224048,1.26350106
0.8,-8.85330859,1.63697749
0.9,58.7615692,1.43245474
1.0,-0.281707309,0.81942288
1.1,92.4730298,1.27779472
1.14141667,24.7445151,0.59840856
