segment,pitch,stretch
0.0,69.64355334,0.56807355
0.1,-22.42972011,0.60404319
0.2,74.23583097,0.30958546
0.3,41.84488675,0.98774302
0.4,0.98677762,1.51182152
0.5,-65.85412268,0.5602918
0.6,57.546837,1.70611495
0.7,-68.81478763,1.81928265
0.8,-61.37754855,0.68562072
0.9,4.44951701,0.27933548
1.0,81.11529143,1.4017856
1.1,49.41893342,0.74660041
1.14141667,-53.2770861,0.97210809
