segment,pitch,stretch
0.0,47.61901084,0.78776038
0.1,-12.46162853,1.19255922
0.2,80.2031215,0.63498127
0.3,-17.58711111,0.79514732
0.4,-42.97148834,0.7219145
0.5,91.5700687,0.23829121
0.6,73.27406728,0.56077431
0.7,-33.8931301,1.6060627
0.8,-11.46118568,0.93017276
0.9,24.73344969,1.70918062
1.0,15.31350424,0.85960328
1.1,-53.93717893,0.88873758
1.14141667,7.58981219,0.97933267
