segment,pitch,stretch
0.0,-13.61010892,0.12499196
0.1,77.81547095,1.21899276
0.2,82.13695373,1.54170327
0.3,-16.93458416,0.12135823
0.4,-8.61826003,0.17314322
0.5,-33.26612631,0.58788453
0.6,40.79154832,1.09892225
0.7,66.55884445,0.15132796
0.8,86.34165637,0.64125421
0.9,91.11355202,0.30485539
1.0,-30.27955269,0.74953125
1.1,52.51274623,1.17085768
1.14141667,95.54585368,1.8491146
