segment,pitch,stretch
0.0,-44.9724905,1.96822281
0.1,0.83845953,0.71149274
0.2,93.06026355,0.47444189
0.3,-62.41374452,1.30095402
0.4,20.02213112,1.46488426
0.5,-38.5151373,0.97233373
0.6,22.08241798,0.80064838
0.7,-58.17924339,0.70983162
0.8,-33.23197636,0.45331315
0.9,46.73979954,0.98403406
1.0,-1.66986987,1.54220588
1.1,-43.99049691,0.41959049
1.14141667,-39.65764058,1.4912741
