segment,pitch,stretch
0.0,72.40354298,0.54610905
0.1,-68.7931782,1.41160018
0.2,-47.25637096,0.31605081
0.3,-0.73064071,1.32139001
0.4,17.52161637,1.72215639
0.5,18.68373405,0.10655256
0.6,15.91231111,1.22666633
0.7,11.79059692,1.59630195
0.8,22.68772149,0.52081854
0.9,45.95613533,0.78383972
1.0,56.15996167,0.26247
1.1,-79.34133011,0.46902143
1.14141667,55.25547533,0.85110732
