segment,pitch,stretch
0.0,41.40251797,0.56085544
0.1,83.22068517,0.97554237
0.2,-17.02894859,0.01004143
0.3,-57.78871378,1.03626599
0.4,-26.28467223,0.33244231
0.5,1.34940172,1.08481581
0.6,73.49827232,0.0829296
0.7,-10.43882846,1.10238348
0.8,-36.52394931,1.35072621
0.9,-31.42286667,1.63267541
1.0,-59.6641431,0.28303542
1.1,39.4290765,0.53687214
1.14141667,-44.19004616,0.94196396
