segment,pitch,stretch
0.0,1.55146675,1.15318265
0.1,-29.71123702,1.04271399
0.2,50.79172413,0.24223392
0.3,44.73482839,0.59878614
0.4,-35.41973696,0.95519556
0.5,-43.67393287,1.12781239
0.6,-65.50744762,0.2581934
0.7,-33.99368888,1.25308151
0.8,-50.19160943,1.4777339
0.9,2.05473959,1.32843216
1.0,-45.90273829,1.76592734
1.1,-8.29084392,1.67005578
1.14141667,50.36165798,1.49911525
