segment,pitch,stretch
0.0,-53.29117551,1.10181202
0.1,-43.12784614,0.28907205
0.2,-84.82989966,1.7388292
0.3,39.71227421,1.78666224
0.4,59.63865094,1.87776175
0.5,-32.9711098,1.68554567
0.6,1.3247472,1.64523099
0.7,-50.55695338,1.0611099
0.8,53.24371519,0.7419427
0.9,30.60584544,1.06726815
1.0,-22.917909,1.56845074
1.1,-32.41553069,0.51496565
1.14141667,-51.47885944,1.22953203
