segment,pitch,stretch
0.0,-8.46883655,1.19544877
0.1,-12.9534882,1.25532634
0.2,62.91682525,0.84653747
0.3,-60.44671384,1.79256296
0.4,-50.83443349,0.89550305
0.5,92.20051938,0.41767694
0.6,17.63420524,0.61206963
0.7,10.3493947,0.5938552
0.8,-44.64530306,1.80141032
0.9,-38.65867239,1.57257532
1.0,72.80184957,0.31851781
1.1,25.85210713,1.34401586
1.14141667,2.09813812,0.85754184
