segment,pitch,stretch
0.0,-44.55735502,0.30537306
0.1,-15.81782327,0.95683225
0.2,-60.55488751,1.47185568
0.3,-22.03480197,0.27583044
0.4,-82.42416276,1.40306371
0.5,26.6793054,0.29904003
0.6,-90.86223061,0.10571209
0.7,-32.61383863,1.80090028
0.8,-25.8862389,1.4046027
0.9,-83.72221214,1.0925065
1.0,9.78399033,0.78385676
1.1,-75.28148503,0.24940616
1.14141667,-45.84381211,0.58218615
