segment,pitch,stretch
0.0,85.80392633,1.82212135
0.1,-98.56624364,1.28022
0.2,-15.54633339,0.53444676
0.3,12.04086753,1.51679689
0.4,-75.87032679,0.5225437
0.5,-71.30261442,1.47340186
0.6,-10.4319772,0.07268415
0.7,-35.10464562,0.63796453
0.8,-93.80928849,1.15294564
0.9,-88.54536233,0.36586575
1.0,-10.78359211,0.76325498
1.1,10.20449085,0.16679214
1.14141667,23.34719819,0.86580461
