segment,pitch,stretch
0.0,-37.43474567,1.24372469
0.1,99.965975,0.93707229
0.2,59.45839073,1.24132484
0.3,-25.31478906,0.8696724
0.4,5.71723288,1.68662747
0.5,36.1118223,0.63259997
0.6,-56.37110024,1.92165301
0.7,-24.52303614,1.34711854
0.8,-2.49025769,0.32122443
0.9,21.24369228,0.60636845
1.0,-2.82246083,1.76664037
1.1,-3.3969212,1.5841005
1.14141667,-49.20963854,1.28542725
