segment,pitch,stretch
0.0,16.01173906,1.58376938
0.1,-0.93929327,0.92666525
0.2,-17.23060198,0.13449096
0.3,-14.35474517,0.89985283
0.4,57.82738935,0.61856172
0.5,-19.07366737,0.65453346
0.6,99.92629403,0.34357521
0.7,-31.41992182,0.36537082
0.8,-47.66956425,0.58377746
0.9,-72.50934827,0.43098569
1.0,10.08035485,1.92139008
1.1,-71.14332415,0.82769189
1.14141667,55.3679429,1.76916827
