segment,pitch,stretch
0.0,-73.61219947,0.64751098
0.1,73.83741842,0.99835886
0.2,-86.96600918,1.84552202
0.3,-44.35897319,0.42506167
0.4,-5.93602562,1.56944318
0.5,31.57605376,0.50981351
0.6,-28.19328213,0.22106919
0.7,-59.59617703,0.06179354
0.8,-96.4618976,0.63396718
0.9,-81.92942934,0.06967389
1.0,-44.43943419,1.02865239
1.1,-71.04804832,0.75894675
1.14141667,-80.61769167,1.53790101
