segment,pitch,stretch
0.0,78.4256709,1.56635182
0.1,74.01453231,0.86264396
0.2,-39.88926349,0.54432946
0.3,-19.85923671,0.4724751
0.4,21.90551666,1.46831695
0.5,-33.95377881,1.4701458
0.6,91.63398051,0.88463831
0.7,1.97301371,1.6321868
0.8,23.07565561,0.37326226
0.9,9.25122432,1.17917382
1.0,17.68156944,0.44028457
1.1,21.64263281,1.57885644
1.14141667,23.34976947,0.75646094
