segment,pitch,stretch
0.0,-1.20230986,0.20404821
0.1,-97.64332549,1.69681
0.2,-86.19449335,0.56198468
0.3,-7.49654588,0.43639433
0.4,35.98913636,1.01923849
0.5,18.23013073,1.87276459
0.6,-54.98117387,0.12831679
0.7,93.83807515,1.97624929
0.8,-38.50737552,1.70037019
0.9,-46.41686699,1.50303773
1.0,22.94872594,1.59230137
1.1,74.55146343,0.57712271
1.14141667,20.37228089,1.6445358
