segment,pitch,stretch
0.0,73.87662421,1.19017326
0.1,19.14234839,0.34739983
0.2,4.70109866,1.75661595
0.3,-30.42429162,0.21467383
0.4,3.90906102,1.0652989
0.5,10.50295885,0.76759319
0.6,-30.86055656,0.07074157
0.7,53.80718703,0.03277106
0.8,-11.59229263,0.77775249
0.9,30.36028375,1.59245898
1.0,7.96834733,1.58597596
1.1,39.66709202,1.4930996
1.14141667,-13.49486002,0.34020646
