segment,pitch,stretch
0.0,-20.43320762,0.66016838
0.1,60.62921103,0.93704057
0.2,-69.4758562,0.40844528
0.3,99.68608968,1.49162955
0.4,52.60808316,0.63347234
0.5,82.00432386,0.2494998
0.6,-29.12456254,0.63171599
0.7,-55.27967683,0.50436253
0.8,15.90179394,1.51392072
0.9,34.1769329,0.06484652
1.0,72.64427384,0.08572939
1.1,81.38750215,0.38713991
1.14141667,96.27916325,0.0705022
