segment,pitch,stretch
0.0,-84.34166264,1.84057999
0.1,84.957105,0.73718017
0.2,-75.25231073,1.41154928
0.3,65.5230415,1.17124469
0.4,19.1345831,0.72588649
0.5,-49.51780093,1.4038491
0.6,-99.22511646,1.40303457
0.7,68.97565422,1.27711643
0.8,-53.31062312,0.55715751
0.9,1.33468715,1.82879395
1.0,0.86331226,1.15444978
1.1,43.96559109,0.64968484
1.14141667,26.73107262,0.58965928
