segment,pitch,stretch
0.0,-48.68172333,0.07655503
0.1,70.91397052,0.75975218
0.2,-17.86739247,0.97135406
0.3,-14.73225587,1.230876
0.4,75.23392581,0.11397004
0.5,-0.38538353,0.1757259
0.6,-22.9614484,0.21281103
0.7,16.8886563,0.16946373
0.8,33.5798334,0.97186419
0.9,-4.41287917,0.8719393
1.0,-95.96681656,1.93533156
1.1,26.54904609,1.01102189
1.14141667,-64.50952247,1.51400696
