segment,pitch,stretch
0.0,-7.96170134,0.38046684
0.1,16.92823204,1.97441067
0.2,-40.54890316,1.70137584
0.3,-71.09270346,0.49841536
0.4,46.54513782,1.82989671
0.5,59.06901586,1.58130205
0.6,-58.22637358,1.51644627
0.7,-29.07251542,1.82310545
0.8,84.28421244,1.6943219
0.9,-60.55841307,1.78542911
1.0,-85.37373366,1.55666291
1.1,74.0830088,1.22590756
1.14141667,-94.4877363,1.8324788
