segment,pitch,stretch
0.0,-87.33158892,1.33030495
0.1,43.96940333,1.71798455
0.2,63.49398133,0.46851704
0.3,72.22026005,1.15388423
0.4,50.99674413,1.45420645
0.5,25.89293491,1.24934967
0.6,-58.22339939,1.8757656
0.7,90.30265248,0.58436241
0.8,74.88211349,0.31234812
0.9,38.42569875,1.51881213
1.0,-98.48214618,0.41334582
1.1,92.16903622,0.65967757
1.14141667,6.22676374,0.88172018
