segment,pitch,stretch
0.0,-85.38502006,1.9856843
0.1,34.92223357,0.56062318
0.2,-71.66551154,0.42097575
0.3,-17.9053527,1.97088475
0.4,78.38950628,0.52227494
0.5,54.19336725,0.88329217
0.6,-11.24053552,1.60057527
0.7,37.03077056,0.29723422
0.8,-81.36815514,0.5759232
0.9,-30.90065257,1.31717543
1.0,-19.65353997,1.378999
1.1,-7.76524695,0.052171
1.14141667,48.47655245,1.47911639
