segment,pitch,stretch
0.0,-16.04149759,1.63363299
0.1,46.67121849,0.65674372
0.2,-7.75723509,0.94426956
0.3,25.03407062,0.96418077
0.4,58.48775829,1.76592992
0.5,71.77333472,1.79494342
0.6,88.64449387,1.63409215
0.7,-10.04237369,1.58467162
0.8,53.30903822,1.58753119
0.9,77.56829483,0.34334886
1.0,70.17417278,0.58364948
1.1,-41.2052464,0.18580202
1.14141667,70.81168009,1.37774726
