segment,pitch,stretch
0.0,34.07788698,0.7414872
0.1,46.76949029,0.69857728
0.2,28.77768732,0.06010779
0.3,84.71768289,0.07957118
0.4,-49.14084598,1.177156
0.5,-27.41453293,1.97943137
0.6,34.60310524,0.5073494
0.7,-10.05161689,1.71553838
0.8,-40.81038415,0.81648338
0.9,-9.03506951,1.29656038
1.0,28.04397329,1.96068251
1.1,18.34662283,0.27924409
1.14141667,68.18025592,1.35055219
