segment,pitch,stretch
0.0,43.92395117,1.77403628
0.1,39.31302251,1.60288441
0.2,-42.8927459,1.13153884
0.3,-42.74094368,1.48428597
0.4,-54.37015978,0.87838006
0.5,58.70658254,1.89671484
0.6,-93.65162754,0.9605472
0.7,21.97210984,1.59310841
0.8,-19.85883058,0.68468678
0.9,52.86747229,1.01785064
1.0,28.65042427,1.27680634
1.1,97.07118546,0.38746368
1.14141667,-9.08669324,1.12107316
