segment,pitch,stretch
0.0,72.0977367,1.01696947
0.1,13.70688001,1.97290743
0.2,12.2114914,0.08873669
0.3,-69.04637283,1.89535476
0.4,51.39319656,0.09685831
0.5,47.88063171,0.48800994
0.6,22.68060335,1.51769172
0.7,43.54036569,0.60661005
0.8,-1.40002238,0.807753
0.9,-44.69291662,1.80168033
1.0,-80.67967911,1.61964295
1.1,-40.96891049,1.99449381
1.14141667,-20.90276353,0.77383177
