segment,pitch,stretch
0.0,80.11124336,0.91903139
0.1,-9.60415228,1.75302379
0.2,-98.33491382,1.95019279
0.3,-16.26514488,0.86486634
0.4,-90.16609663,0.04555032
0.5,-6.08584828,0.65069663
0.6,-25.80594889,0.87516436
0.7,-25.08652089,0.98178697
0.8,-98.80611815,1.45894707
0.9,17.08532713,1.15328594
1.0,0.80863561,0.14560994
1.1,-86.5783891,1.58594883
1.14141667,-56.09457121,1.71291016
