segment,pitch,stretch
0.0,64.43568115,0.4833355
0.1,77.28311868,1.08365863
0.2,-15.8404347,1.52438888
0.3,-15.56416552,1.1894603
0.4,-48.39280877,1.68663673
0.5,-47.32748788,0.66067992
0.6,-74.31506907,0.19909573
0.7,47.50066871,1.00007806
0.8,38.75008391,1.63203338
0.9,-13.12092782,1.00722694
1.0,63.85572142,1.61081016
1.1,54.84841305,1.64055646
1.14141667,-49.01629095,0.73014079
