segment,pitch,stretch
0.0,-52.98351622,1.55870609
0.1,41.9452913,1.35311352
0.2,27.14863171,0.47335516
0.3,-54.48392831,1.76891084
0.4,48.96305117,0.57269594
0.5,52.49279438,0.86345792
0.6,-54.82930634,0.07603424
0.7,-29.269296,0.51094837
0.8,10.51289817,1.28007913
0.9,-94.03876018,1.40918704
1.0,-41.20080999,1.76611187
1.1,-5.53206987,1.23670321
1.14141667,-61.5430158,0.13563973
