segment,pitch,stretch
0.0,-1.11673428,1.80235128
0.1,-18.8770791,0.96013589
0.2,-96.59150857,0.2329428
0.3,29.45958003,1.61417388
0.4,72.32030407,0.49435869
0.5,33.72712723,1.27401148
0.6,-52.79580087,0.53143616
0.7,56.33228176,1.64780083
0.8,65.21499831,1.13381855
0.9,-25.51107946,1.32115129
1.0,-97.21664481,1.76113448
1.1,50.77898767,1.5165456
1.14141667,-26.61928039,1.29628567
