segment,pitch,stretch
0.0,84.44889922,0.4324461
0.1,76.96445942,0.85727213
0.2,8.54698853,0.54736057
0.3,-59.91285247,0.94180877
0.4,27.32007088,1.44274385
0.5,6.79605694,0.58088487
0.6,-17.55996402,1.38647936
0.7,82.31401574,1.65271142
0.8,84.94935876,1.895289
0.9,-82.28492461,1.38057617
1.0,-88.52112303,0.26964653
1.1,17.07609433,0.78257825
1.14141667,-30.14347884,1.39946556
