segment,pitch,stretch
0.0,24.99093095,0.83229965
0.1,19.20045888,0.93912689
0.2,-88.34968649,0.70963574
0.3,95.66802837,1.76222683
0.4,0.50486689,1.37113042
0.5,-15.49480604,0.74699954
0.6,-6.74027916,1.70894308
0.7,-26.50511795,1.40997401
0.8,-55.94751294,0.13803427
0.9,56.14082099,0.58598043
1.0,32.57761441,0.41847332
1.1,11.18785831,0.36003965
1.14141667,20.73461672,1.14123964
