segment,pitch,stretch
0.0,63.67630516,1.47551661
0.1,-80.80701231,0.84183656
0.2,25.98612919,1.52781035
0.3,17.92597917,0.30622052
0.4,-8.51978646,1.20677631
0.5,-4.79247593,0.56816716
0.6,3.37248252,0.21375173
0.7,-95.81455691,1.84859986
0.8,-5.6254408,1.46056691
0.9,-99.5463817,1.16612496
1.0,85.7151068,1.52913682
1.1,-70.45522461,0.52230834
1.14141667,62.39612247,0.23982864
