segment,pitch,stretch
0.0,-13.36397128,1.58116724
0.1,-64.48089362,1.15876737
0.2,58.9023119,1.60731332
0.3,61.12929075,1.39997134
0.4,97.98097103,0.84578271
0.5,-77.00062239,1.25139679
0.6,59.53320612,0.60224046
0.7,-14.37943066,1.04948576
0.8,75.08575961,0.62368881
0.9,-1.90306473,1.18190657
1.0,35.59710513,0.32402268
1.1,-66.64381006,0.29640924
1.14141667,-84.5225479,1.49866135
