segment,pitch,stretch
0.0,70.97382946,1.27524467
0.1,-11.51206682,0.96634171
0.2,21.14590895,1.94727541
0.3,-1.24336301,0.55924313
0.4,-7.59562756,0.16409288
0.5,98.81108041,0.65824955
0.6,1.5690047,1.04527507
0.7,32.73857184,1.28112397
0.8,21.15705836,1.89872216
0.9,24.28285736,0.65988414
1.0,-18.85169767,1.70679925
1.1,-83.94572859,1.83803483
1.14141667,-90.55748201,1.54364757
