segment,pitch,stretch
0.0,-26.94149139,1.01271481
0.1,-42.44979242,0.51257495
0.2,-85.58455898,0.4986283
0.3,71.34116789,0.26186834
0.4,-4.33450323,0.39941129
0.5,17.60212446,1.35211787
0.6,18.23456953,1.3422582
0.7,54.5003758,1.49292003
0.8,-45.66104238,0.35741308
0.9,-27.81363224,1.12731495
1.0,-50.61781977,0.6090457
1.1,-53.22259328,1.42419738
1.14141667,60.89124341,1.16448888
