segment,pitch,stretch
0.0,12.78083509,0.16001967
0.1,-79.40204938,1.24238911
0.2,-50.21372302,0.06712512
0.3,-51.67969251,0.66368024
0.4,-27.99822561,1.43491088
0.5,-28.39039693,0.56139293
0.6,74.76233232,0.46919017
0.7,13.04004868,0.06468162
0.8,-6.41363519,1.61538363
0.9,14.9406952,0.93302824
1.0,-62.25200395,0.94697181
1.1,-27.15225242,1.360707
1.14141667,-25.69527266,0.18426709
