segment,pitch,stretch
0.0,13.64543592,0.18856091
0.1,30.45656646,0.87989674
0.2,-93.33784927,1.77173223
0.3,41.17542734,0.52249752
0.4,-17.94843501,1.16185541
0.5,92.75253269,0.90730745
0.6,9.61888201,0.89255022
0.7,-93.92618804,0.4671425
0.8,-75.1366346,0.7161357
0.9,72.92704108,1.02332595
1.0,37.5519194,1.63339454
1.1,22.2390394,1.38577343
1.14141667,-87.78454889,1.11106618
