segment,pitch,stretch
0.0,-35.98136802,1.52034056
0.1,-47.09864116,1.94992054
0.2,-46.16991186,1.99567133
0.3,66.92600058,0.0816066
0.4,58.38978261,1.80097387
0.5,-6.27861664,1.19034433
0.6,-65.83636463,1.647248
0.7,-30.20389067,0.89939103
0.8,-35.90961147,0.3790929
0.9,87.06351282,0.26606669
1.0,-73.61130369,0.3799436
1.1,-70.4874465,1.04157406
1.14141667,34.05043966,1.02434748
