segment,pitch,stretch
0.0,-92.78133148,0.96654008
0.1,20.93258494,1.69709924
0.2,-47.18952132,1.53182227
0.3,87.6623856,0.2401229
0.4,53.55190164,0.46921424
0.5,73.72044222,1.76971401
0.6,13.17734525,0.8491776
0.7,33.07505579,1.18179357
0.8,11.21533307,0.90499885
0.9,-11.15187706,0.79006401
1.0,62.83057895,1.00554233
1.1,5.84907356,1.3461564
1.14141667,-41.38043494,0.10111809
