segment,pitch,stretch
0.0,-63.53771824,0.06746152
0.1,-48.82084641,0.82613498
0.2,59.48766988,1.62551209
0.3,-55.49733364,0.99502838
0.4,-40.13811687,0.89450933
0.5,73.14714698,0.76444276
0.6,21.15265892,0.34238542
0.7,59.03356961,1.17027308
0.8,26.16085905,1.66666647
0.9,18.08861708,0.7085479
1.0,12.71398786,0.56628962
1.1,-33.9717447,1.93039338
1.14141667,5.80015426,1.50152417
