segment,pitch,stretch
0.0,-19.54532034,0.34679573
0.1,14.05064237,1.94208709
0.2,-4.28719519,0.85640382
0.3,19.85899102,0.90119464
0.4,-38.64583351,1.56090172
0.5,-79.11829367,1.85535128
0.6,60.711198,1.68425563
0.7,-5.6168249,0.78685771
0.8,80.65968589,1.17779403
0.9,-41.24747481,0.23085455
1.0,27.78155806,1.18446225
1.1,-10.91699521,1.46392077
1.14141667,73.68517157,0.22350715
