segment,pitch,stretch
0.0,65.33613143,1.16978451
0.1,42.71102392,0.73810141
0.2,-49.50432257,0.4698039
0.3,-61.26991756,1.26576423
0.4,81.44701614,0.22687112
0.5,-10.05211206,1.91474745
0.6,87.11270269,0.22997797
0.7,90.29193007,0.73541214
0.8,93.39850094,0.50625098
0.9,-79.62417921,0.81926426
1.0,-15.95490787,1.83332922
1.1,-66.82103003,1.98718157
1.14141667,-47.67225362,0.33289995
