segment,pitch,stretch
0.0,62.05311226,1.60927547
0.1,-36.69130182,1.77831561
0.2,-19.37738176,1.00036415
0.3,-23.87639899,0.96294525
0.4,8.86042291,1.84999364
0.5,-73.36615309,0.91661373
0.6,-90.82441154,0.54874269
0.7,23.01601884,1.29789669
0.8,-89.70290912,1.62181619
0.9,-76.44758691,0.39759666
1.0,2.41773172,0.36209979
1.1,52.69009319,1.46758745
1.14141667,-48.08960401,0.97031785
