segment,pitch,stretch
0.0,-42.7356975,0.85167994
0.1,79.1515089,1.58951064
0.2,64.9302742,0.60770722
0.3,-85.1878267,0.75189335
0.4,-34.3526203,0.90807039
0.5,-4.99910648,0.50960695
0.6,0.044891932,0.49994716
0.7,7.78511592,1.52976277
0.8,20.6697314,1.0388534
0.9,94.4830377,1.27328061
1.0,1.93406873,1.00280062
1.1,65.5163276,1.51647705
1.14141667,36.432613,1.50732266
