segment,pitch,stretch
0.0,-98.77577856,0.55132228
0.1,-4.32281383,1.48616205
0.2,78.96843766,0.45730809
0.3,44.94722027,1.48574317
0.4,31.19969444,1.3915634
0.5,-58.54120229,1.49810348
0.6,-32.79633131,0.03278635
0.7,47.64797381,0.80642704
0.8,59.96836761,0.531218
0.9,33.94460262,0.39314189
1.0,61.1812075,1.05456246
1.1,66.76882768,0.65443343
1.14141667,84.5034927,0.87378313
