segment,pitch,stretch
0.0,-28.18979011,1.72220623
0.1,-79.86679473,1.34872383
0.2,-70.04030333,1.13255868
0.3,75.8668501,1.62605135
0.4,-74.95441983,1.94369598
0.5,-63.50853955,1.29571002
0.6,81.68926556,0.30664164
0.7,54.26382882,1.43489697
0.8,61.99331811,0.20277347
0.9,52.44078663,0.94056515
1.0,-47.46808917,0.04648885
1.1,-88.10324033,1.0019598
1.14141667,-28.1794968,1.60035051
