segment,pitch,stretch
0.0,60.52400958,1.5599289
0.1,-17.91600836,0.29111111
0.2,-46.91299441,0.33864527
0.3,-30.29267527,1.13979288
0.4,83.45572609,1.3417947
0.5,18.59891183,0.20120288
0.6,-0.20062731,0.67247106
0.7,57.94821105,1.77306787
0.8,-62.87783799,0.23048887
0.9,58.4025126,1.53469278
1.0,41.21120949,1.04962427
1.1,-35.08644508,1.07883208
1.14141667,70.16707056,0.16131969
