segment,pitch,stretch
0.0,51.22765524,0.21201127
0.1,-81.07367684,0.25647637
0.2,34.20865774,1.02175532
0.3,-78.61451503,0.73712994
0.4,73.89874258,1.36337648
0.5,55.35061233,0.96545016
0.6,-28.08868107,1.49552449
0.7,-75.13470752,1.78802656
0.8,3.63790333,0.81832
0.9,59.68879821,0.591695
1.0,81.8642707,1.54712887
1.1,47.07029042,1.77599521
1.14141667,-11.21707174,0.52830395
