segment,pitch,stretch
0.0,-58.12229052,0.21129852
0.1,-14.77350677,0.91239865
0.2,54.6713271,1.23280243
0.3,-40.90961907,1.70520871
0.4,-58.09703168,1.68630109
0.5,69.97242743,1.73739259
0.6,16.84172576,1.78407027
0.7,75.48068622,1.90214956
0.8,-58.94157604,1.23208501
0.9,44.93279187,1.10717751
1.0,-70.94196175,1.38101187
1.1,-49.70042392,1.55049932
1.14141667,20.69121196,0.62647488
