segment,pitch,stretch
0.0,14.70665442,1.83068481
0.1,95.25316321,0.61558809
0.2,22.20186217,1.36200616
0.3,-17.9137024,1.0791943
0.4,-10.1137558,0.20327362
0.5,-69.76519391,1.24486775
0.6,-29.65482042,1.32936048
0.7,65.48072433,1.56831723
0.8,60.45691667,1.33915521
0.9,-67.68084872,1.39765906
1.0,65.70228923,1.14730346
1.1,-57.15088735,1.20392446
1.14141667,1.39733305,0.91697028
