segment,pitch,stretch
0.0,-1.80719852,0.94118243
0.1,-86.38296603,1.59521765
0.2,77.81601349,0.24326289
0.3,-40.76981119,0.0251898
0.4,96.11612161,0.07916052
0.5,56.13496865,0.19795199
0.6,-15.01612677,0.82804974
0.7,-25.89223892,1.07596575
0.8,46.38706832,1.00514745
0.9,22.16189173,1.48875396
1.0,-49.34607592,0.94795205
1.1,16.67528468,1.37410424
1.14141667,51.37064107,0.38252784
