segment,pitch,stretch
0.0,-5.82682539,0.88855192
0.1,-81.3701121,1.90878683
0.2,-37.81307084,1.23278863
0.3,-54.8531106,0.97291582
0.4,-95.72600512,0.20433373
0.5,-64.2370476,0.04434128
0.6,-10.02239509,0.78703084
0.7,7.04740233,1.11175391
0.8,-22.95032107,1.30696314
0.9,-34.18626931,1.87549286
1.0,-3.98772991,0.82720637
1.1,57.60407051,0.42168684
1.14141667,-76.01985318,1.24091325
