segment,pitch,stretch
0.0,91.0527066,0.72562781
0.1,81.34489264,1.2636831
0.2,-86.56561318,1.27276517
0.3,-43.6384995,1.32313041
0.4,-3.86140287,0.50543619
0.5,-46.47584724,1.67911748
0.6,26.21054023,0.57077104
0.7,-7.97620619,0.53964491
0.8,-44.06854856,0.54391344
0.9,67.56057024,0.84820335
1.0,18.72374301,0.25451187
1.1,63.82788243,0.43623373
1.14141667,39.42882806,1.51526849
