segment,pitch,stretch
0.0,72.38681635,0.57584536
0.1,24.59331479,1.35294979
0.2,97.45037318,1.77087323
0.3,-28.96661313,0.43158904
0.4,-31.23729726,1.66456616
0.5,-70.6612612,1.7199114
0.6,-53.69570139,1.78953723
0.7,-38.46914073,0.36678916
0.8,-55.15375189,1.32513305
0.9,90.9560503,1.7903427
1.0,-8.94488098,1.74831673
1.1,-87.12452045,1.54330105
1.14141667,-63.51314693,1.13986447
