segment,pitch,stretch
0.0,-64.95285264,0.77791492
0.1,70.24180668,0.36162729
0.2,-78.29925323,0.94854368
0.3,28.76135856,1.39971828
0.4,-97.59411089,1.57268317
0.5,-71.4781857,0.27616247
0.6,47.50102885,0.74902357
0.7,74.58875525,1.7211117
0.8,-64.64530626,0.86441686
0.9,98.86600436,0.61741345
1.0,-34.06198226,1.07993442
1.1,52.9945055,0.68198901
1.14141667,-27.17874653,0.95785524
