segment,pitch,stretch
0.0,2.02303426,0.20556186
0.1,27.55245524,0.44198605
0.2,-46.69757278,0.76515597
0.3,-94.98250694,1.70762069
0.4,2.66667068,1.19903269
0.5,83.78734232,0.59862631
0.6,-80.30851908,1.39546585
0.7,-90.0764255,1.18274747
0.8,21.33552602,1.17625485
0.9,-61.83607635,0.38414308
1.0,-92.49710651,1.18179738
1.1,-32.3485136,1.02663222
1.14141667,8.4434574,0.71900975
