segment,pitch,stretch
0.0,-25.4765825,1.86849076
0.1,14.81939225,0.37230999
0.2,33.31699213,1.43229306
0.3,32.99480683,0.30773693
0.4,55.9687814,0.96658018
0.5,-60.05937221,1.56631755
0.6,-6.02185059,0.24452193
0.7,28.79206833,1.19466453
0.8,-40.00047798,0.64871246
0.9,-39.73148581,0.51931886
1.0,-55.92636679,1.20675115
1.1,-44.00391782,1.57427199
1.14141667,15.39125348,0.90312808
