segment,pitch,stretch
0.0,84.88181246,0.03175168
0.1,-53.361196,0.85169606
0.2,-79.83183492,1.06249642
0.3,-81.43667249,0.33118056
0.4,-84.26984857,0.56264905
0.5,-6.78913133,1.04297642
0.6,-92.03119161,0.21097219
0.7,-49.77310548,0.74540568
0.8,-47.02560552,0.91078692
0.9,-18.72561961,1.76633496
1.0,-17.58583792,0.74480247
1.1,-51.68507601,0.45106358
1.14141667,-51.32861943,1.35846838
