segment,pitch,stretch
0.0,-2.85762792,0.67431838
0.1,30.83696213,1.3551783
0.2,-9.99534054,1.74652366
0.3,-75.78117433,1.24846933
0.4,-79.13116379,1.57954196
0.5,-84.43767296,0.24990638
0.6,-98.32096608,0.30601481
0.7,94.49350783,1.08411071
0.8,16.26694438,1.03541521
0.9,-81.38170848,1.00910825
1.0,-96.05472144,0.47166871
1.1,9.94997024,1.73458478
1.14141667,-93.55782037,1.93651676
