segment,pitch,stretch
0.0,60.87043757,1.40554211
0.1,32.48463857,1.66457085
0.2,-22.70234149,0.98125391
0.3,50.40796262,0.90333754
0.4,-78.7388222,1.39408007
0.5,84.40256274,0.50123737
0.6,-34.18666035,1.84289139
0.7,-64.74461958,0.68636344
0.8,-49.62372235,0.94996692
0.9,78.29908118,1.99629326
1.0,35.51073391,0.05507168
1.1,-58.37579915,1.95320668
1.14141667,94.1178709,0.03741916
