segment,pitch,stretch
0.0,2.7094507,1.35860471
0.1,-87.7280692,0.99732338
0.2,73.10097617,0.39475379
0.3,-39.94037221,1.23972907
0.4,-70.77067891,1.89359737
0.5,-69.51890588,1.35568455
0.6,14.97450783,0.10717939
0.7,11.8314824,1.73146134
0.8,-94.87528551,1.80986266
0.9,-47.21116186,0.67970101
1.0,77.98956327,0.57105332
1.1,27.75596283,0.99269413
1.14141667,-30.59689751,0.74836079
