segment,pitch,stretch
0.0,-18.83784301,0.97207948
0.1,-87.48663551,0.90416973
0.2,-60.22132392,1.16192947
0.3,37.76954176,1.71554284
0.4,-39.51400755,1.68517506
0.5,69.25962534,0.77995291
0.6,8.68923179,0.11564571
0.7,-88.77359472,0.9600572
0.8,-71.54118881,0.74032598
0.9,-44.94089327,0.81018125
1.0,-83.6521711,0.90893345
1.1,-54.78607567,0.84528223
1.14141667,10.77236355,0.84574894
