segment,pitch,stretch
0.0,29.87385678,1.00961104
0.1,-3.65385888,0.57995768
0.2,20.76458152,0.32179014
0.3,-24.72434665,1.30213617
0.4,94.1074102,0.70211569
0.5,-73.60935749,1.57277834
0.6,79.05229915,0.53451743
0.7,-23.70127853,0.94827227
0.8,-24.8003351,0.73750596
0.9,-11.25394398,1.88096631
1.0,-86.90808114,1.57496214
1.1,19.56164583,1.34018823
1.14141667,97.75645862,0.99774717
