segment,pitch,stretch
0.0,-75.26707913,1.42182251
0.1,24.36236862,1.44721174
0.2,57.04083772,1.15596856
0.3,86.28397832,1.33799884
0.4,99.16850794,0.6870117
0.5,-28.81536698,0.7829488
0.6,-21.67334244,1.95382977
0.7,-12.75520878,1.06661863
0.8,-19.64335039,1.17304922
0.9,1.35904981,1.62643454
1.0,-65.86832752,0.23889029
1.1,2.6789327,0.74888657
1.14141667,-93.36606105,0.44007072
