segment,pitch,stretch
0.0,22.28546117,1.71774701
0.1,-71.06453153,1.39266075
0.2,-2.96842317,1.88952817
0.3,-38.75715458,1.20515326
0.4,-38.96833995,1.57307133
0.5,-55.35962897,1.01912695
0.6,74.74908097,0.48659369
0.7,-79.31452591,0.16077225
0.8,83.49012267,1.8206286
0.9,82.3920515,0.6752075
1.0,-75.96724533,1.19173339
1.1,-9.23832865,0.6319672
1.14141667,6.54194372,1.17413209
