segment,pitch,stretch
0.0,-1.20086157,1.82372542
0.1,23.70683085,1.2747469
0.2,57.81380223,1.5717064
0.3,-35.3373876,0.75801577
0.4,-47.40127712,0.41520743
0.5,30.8485682,0.28163439
0.6,-65.35395561,0.64408251
0.7,85.95532588,0.95994637
0.8,92.08322147,0.70005391
0.9,-41.94331802,0.9468388
1.0,52.33310805,0.21391183
1.1,-64.04027042,1.54895117
1.14141667,-13.37988962,0.55798758
