segment,pitch,stretch
0.0,15.40856419,0.53095875
0.1,81.46805689,0.93360858
0.2,43.89308042,0.77425644
0.3,93.35037498,1.11829357
0.4,3.2681625,0.24977354
0.5,-75.88947461,0.48867473
0.6,91.13685184,1.15425488
0.7,96.09454505,1.86719302
0.8,78.17173371,0.08278745
0.9,-80.29188727,1.06191816
1.0,-46.23088213,0.26096987
1.1,89.87184488,1.26454875
1.14141667,6.68151837,1.39517251
