segment,pitch,stretch
0.0,27.45592216,0.54844543
0.1,-62.22353357,0.8427617
0.2,-92.28039871,0.90079623
0.3,-45.49726298,0.58973995
0.4,60.23001679,1.03996406
0.5,43.00364091,0.42947422
0.6,-93.39074753,1.03262215
0.7,58.97930401,0.82620221
0.8,83.76733066,1.23487026
0.9,8.08054163,1.14585448
1.0,43.76190446,0.53858988
1.1,-1.37823078,0.26561002
1.14141667,-31.12824275,1.58779407
