segment,pitch,stretch
0.0,6.35773429,0.33586519
0.1,43.70894135,1.09244635
0.2,22.90719147,1.28834014
0.3,77.83150395,1.7742292
0.4,8.06655205,0.13845401
0.5,-92.02564179,1.68229188
0.6,-0.94151394,1.36391947
0.7,-43.43116172,1.13588382
0.8,25.37203063,1.69588373
0.9,-10.8941145,0.78478635
1.0,87.02180765,1.06725008
1.1,-29.98720343,0.9920546
1.14141667,85.40182929,1.23288415
