segment,pitch,stretch
0.0,-4.29945195,1.10902177
0.1,91.26357726,1.34575
0.2,-89.32127847,0.99129006
0.3,-31.33294301,1.08600835
0.4,81.84070308,1.21225631
0.5,9.00834169,0.60946037
0.6,49.15289871,1.05762036
0.7,-60.13889413,1.78979046
0.8,50.31698907,1.12295234
0.9,65.2262025,0.95447208
1.0,52.91538256,1.23063114
1.1,47.79032085,0.12943509
1.14141667,-11.17597076,1.0490617
