segment,pitch,stretch
0.0,-28.52871293,1.16992623
0.1,-15.13108141,1.22361764
0.2,-13.04094112,0.99709028
0.3,-84.4775762,0.23255509
0.4,73.47903794,0.62966649
0.5,73.99412675,1.32731618
0.6,-17.18727504,0.23490629
0.7,23.00277233,0.63487472
0.8,-62.7599991,0.6717251
0.9,84.35585855,0.0253544
1.0,-54.54055343,0.88305135
1.1,-26.24402566,1.31611795
1.14141667,31.89715649,1.72432966
