segment,pitch,stretch
0.0,-31.08892402,0.60198854
0.1,15.25602459,1.14825728
0.2,-3.15023114,1.87909586
0.3,40.81887351,0.13625986
0.4,32.81586387,1.66395473
0.5,21.08421584,0.72202939
0.6,93.16874519,1.63866702
0.7,-69.92672839,1.06181355
0.8,-46.04583787,1.62661878
0.9,22.60400214,1.30866952
1.0,2.02681017,1.56125129
1.1,5.86348535,1.66673134
1.14141667,81.93949942,1.21110633
