segment,pitch,stretch
0.0,43.47811109,1.27638717
0.1,-39.69317674,1.25031866
0.2,70.70027906,0.78335521
0.3,-4.04220679,1.7307952
0.4,77.25732101,1.69406415
0.5,-48.82932979,1.17209267
0.6,14.54543285,1.23520838
0.7,23.58613037,0.19395841
0.8,11.08048431,1.25730834
0.9,11.05185943,1.56641554
1.0,49.96011954,0.33329842
1.1,-42.44433744,1.48663226
1.14141667,-96.60163856,0.56490633
