segment,pitch,stretch
0.0,81.47475181,0.08502692
0.1,25.55654558,1.26886973
0.2,-39.76087203,0.34309234
0.3,55.58263066,0.20732643
0.4,75.71489797,1.71520034
0.5,72.41311107,1.41219265
0.6,-25.41226097,1.46569524
0.7,-51.71434597,0.86913471
0.8,16.96357074,1.64969653
0.9,-5.07372562,0.02908454
1.0,57.35647052,0.43315428
1.1,-65.0109214,1.53487145
1.14141667,-32.53101468,0.03202834
