segment,pitch,stretch
0.0,-75.96996294,1.06184039
0.1,69.05651355,0.65404497
0.2,76.11598769,0.87875816
0.3,-26.62332123,0.8766699
0.4,72.54551649,1.48996037
0.5,53.7325728,0.08423874
0.6,-19.80627641,0.50933238
0.7,82.18897373,0.11206157
0.8,-85.15711276,1.01075883
0.9,-1.67928374,0.86359737
1.0,86.86600087,0.79020798
1.1,-45.24707116,1.73708944
1.14141667,-10.42210917,1.6745319
