segment,pitch,stretch
0.0,35.01358719,1.80553919
0.1,44.86740008,1.10205229
0.2,-79.59292407,1.66583823
0.3,-7.22750522,0.82975553
0.4,-2.5216875,1.38376145
0.5,-30.65077741,0.89494766
0.6,-4.86146078,0.02389059
0.7,-89.51285107,1.19273137
0.8,-40.02073069,0.7956871
0.9,96.12185009,1.13306
1.0,90.68588052,0.93972062
1.1,18.23570323,0.41860884
1.14141667,-87.75305818,1.12017052
