segment,pitch,stretch
0.0,-44.87823344,1.22092405
0.1,-85.25635594,0.90741811
0.2,77.65163946,1.977523
0.3,35.41596957,1.08318728
0.4,96.96992015,0.30163476
0.5,30.99132482,0.77672099
0.6,27.1908954,0.66664394
0.7,-73.42015814,1.22725994
0.8,72.47089611,1.04026949
0.9,-89.08509908,0.57432911
1.0,-49.62569554,1.03178191
1.1,25.36303007,1.3294638
1.14141667,86.26803899,1.02742546
