segment,pitch,stretch
0.0,-32.77068381,1.43807666
0.1,10.55708239,0.31892394
0.2,9.91718709,0.85335618
0.3,-19.65098282,1.09322127
0.4,78.0410625,1.86029096
0.5,-63.41834819,1.98490369
0.6,-12.08890259,0.83094909
0.7,-70.29934215,1.67039107
0.8,4.63752128,1.16186805
0.9,-68.78784985,0.77381791
1.0,70.79482523,1.82295332
1.1,-86.94841883,0.89972345
1.14141667,94.70906792,1.91023493
