segment,pitch,stretch
0.0,44.50013503,1.62937361
0.1,-60.39497882,0.19935073
0.2,98.01047206,1.19200701
0.3,-6.73743143,1.04967001
0.4,15.74127088,0.57728926
0.5,67.69224702,0.88346856
0.6,17.64153446,0.2497925
0.7,-51.7766849,0.66383002
0.8,-13.52513509,1.12989097
0.9,16.43826671,0.48700089
1.0,-95.57491689,1.1106909
1.1,16.92286726,0.08042314
1.14141667,90.92456792,1.89972962
