segment,pitch,stretch
0.0,-30.21694153,0.38215997
0.1,59.15557732,1.51676609
0.2,-36.71476699,1.63075326
0.3,-11.27109722,0.56043983
0.4,94.57337138,1.04931912
0.5,-42.2573853,0.29982519
0.6,-98.73956602,0.90608558
0.7,-10.01342548,0.27240851
0.8,82.67745242,0.07095198
0.9,41.23544477,1.17559968
1.0,34.12857291,0.36646836
1.1,-39.9359561,0.62478862
1.14141667,-66.44243676,0.20356558
