segment,pitch,stretch
0.0,-72.72171023,1.10424283
0.1,-92.28547811,1.63377421
0.2,78.30279975,1.39433893
0.3,-68.78486727,0.14644335
0.4,87.24301331,1.64827297
0.5,27.58390407,0.39799942
0.6,61.38962085,0.89163179
0.7,-76.7179626,0.96988788
0.8,23.60904151,1.20056585
0.9,58.8863327,1.68687528
1.0,44.33190286,1.25995821
1.1,-97.60212082,1.93576493
1.14141667,-6.89659946,1.56148329
