segment,pitch,stretch
0.0,-65.91089623,0.35323979
0.1,-63.62435726,1.5486797
0.2,-92.22390365,0.9333459
0.3,-71.00988292,1.75641693
0.4,-61.79453771,0.98286137
0.5,29.07208249,0.25493871
0.6,-39.33110838,0.00855579
0.7,-63.75848536,0.3500864
0.8,-79.28603138,0.16556186
0.9,-88.67528057,0.51636671
1.0,-78.82835119,0.95776934
1.1,-98.33134301,0.24701669
1.14141667,25.87272874,0.71094062
