segment,pitch,stretch
0.0,-40.59384573,0.2419631
0.1,-57.4510111,0.90136728
0.2,-66.79314761,1.20342959
0.3,-75.0154935,0.43006495
0.4,48.3932909,1.37338078
0.5,37.53876615,1.72669278
0.6,-34.2954659,0.43130033
0.7,-22.1616571,1.23547292
0.8,44.36773821,1.20612534
0.9,60.3014637,1.68129448
1.0,57.8691924,0.18054319
1.1,5.56623992,0.07993762
1.14141667,25.60737947,1.21559584
