segment,pitch,stretch
0.0,7.49599561,0.78187281
0.1,90.99173731,1.82618714
0.2,71.10742098,1.26697162
0.3,15.87314529,1.13548939
0.4,15.52628971,0.84893987
0.5,-9.56525823,1.13727977
0.6,-29.5582355,0.8172553
0.7,-72.34274216,0.64217318
0.8,-26.51998188,1.77406241
0.9,-28.47547974,1.34157838
1.0,-74.51575066,0.26802429
1.1,-87.86413437,0.73069124
1.14141667,-29.35747055,1.49928581
