segment,pitch,stretch
0.0,-18.88007076,0.77898817
0.1,85.38106336,0.94651873
0.2,93.67996173,0.16609342
0.3,-59.60168974,1.88772727
0.4,-63.09071902,0.52202044
0.5,-3.42049192,0.19259521
0.6,3.82145816,0.85413524
0.7,-46.57323204,0.3417564
0.8,43.35773063,1.89293485
0.9,-41.3853357,1.49847299
1.0,-80.49552294,1.43768421
1.1,11.88219307,1.60937112
1.14141667,-51.63626854,1.40472667
