segment,pitch,stretch
0.0,26.44085031,0.31061179
0.1,14.41399243,0.85478015
0.2,-44.04798398,0.56023647
0.3,50.00895276,0.81245
0.4,19.39525308,1.75738507
0.5,-25.1077287,0.57873184
0.6,78.46877294,0.13356268
0.7,9.01865163,0.57025844
0.8,53.79896315,0.66409288
0.9,-34.8052192,0.72593729
1.0,-44.31336501,1.39487215
1.1,39.98165615,1.47926175
1.14141667,86.9176988,1.39400974
