segment,pitch,stretch
0.0,-32.28323939,0.56998984
0.1,29.93605485,1.15231649
0.2,-39.64535977,1.65572476
0.3,-32.42924047,1.38139889
0.4,-3.35459171,1.51352797
0.5,13.22953354,1.48907065
0.6,-29.12679426,1.80936999
0.7,13.61303751,1.41531542
0.8,5.30283855,1.72272866
0.9,43.00696904,0.32884625
1.0,-52.45042428,0.33989923
1.1,-24.87109978,1.75286039
1.14141667,92.03582626,1.13557968
