segment,pitch,stretch
0.0,91.25387544,1.94483773
0.1,-93.58018373,1.12970349
0.2,3.33553965,1.50518375
0.3,77.4709009,1.15740231
0.4,10.72616383,1.45577762
0.5,-34.24191792,0.74259036
0.6,-21.98275746,0.37744914
0.7,60.09058973,1.31988029
0.8,-75.04843354,0.48724688
0.9,95.40597302,0.80220588
1.0,32.48945679,1.68370368
1.1,62.96836006,1.81605763
1.14141667,-95.23354614,1.88054633
