segment,pitch,stretch
0.0,9.49972315,1.11576728
0.1,-3.16348767,0.47240736
0.2,25.816438,1.01512058
0.3,58.02085,1.31233941
0.4,40.2357313,0.13872257
0.5,-0.0752309438,1.22367784
0.6,30.362423,0.7368745
0.7,-79.664662,1.19529711
0.8,-94.0191844,0.4901866
0.9,51.0290891,1.57392299
1.0,-30.2984752,0.31335607
1.1,-84.1581543,0.84962475
1.14141667,53.4166874,1.11832837
