segment,pitch,stretch
0.0,98.04166171,0.32485673
0.1,6.16764543,1.24402989
0.2,-42.8608234,0.94649821
0.3,54.21216242,1.15369043
0.4,-1.78367985,0.47784039
0.5,-5.66820407,0.56378862
0.6,54.13943684,0.47159963
0.7,-80.00679133,1.76255958
0.8,-44.25002722,0.64662376
0.9,-63.06102871,1.1795317
1.0,80.68342045,1.4030233
1.1,4.33426609,0.53258498
1.14141667,89.08058854,0.85759255
