segment,pitch,stretch
0.0,58.31095975,0.24741119
0.1,20.4501396,0.09347206
0.2,70.99322861,1.07535537
0.3,5.46886476,1.02899602
0.4,48.19511054,0.81704877
0.5,65.07796039,1.21072663
0.6,43.48815131,0.03275626
0.7,-11.74985349,0.54320276
0.8,15.43775763,0.01790655
0.9,46.83036615,0.60358697
1.0,-20.08412869,0.32657207
1.1,-70.22719889,0.36401406
1.14141667,-14.03753667,0.95738856
