segment,pitch,stretch
0.0,45.30319637,0.4266363
0.1,47.12815282,0.41166499
0.2,67.48521917,0.75850186
0.3,23.61125392,1.79094973
0.4,20.77565094,1.79636496
0.5,-96.44964023,1.36246425
0.6,-27.30276741,0.7383114
0.7,7.85228196,1.2886492
0.8,68.83602268,0.63858011
0.9,42.76775799,0.54144566
1.0,54.32509685,0.22455782
1.1,-78.45035325,0.1039249
1.14141667,25.20581813,0.78301344
