segment,pitch,stretch
0.0,23.29794896,1.11856981
0.1,-48.63531672,1.10976385
0.2,-2.5255531,0.50841861
0.3,8.23722274,1.92928184
0.4,34.47158893,0.0595701
0.5,70.14095267,1.017167
0.6,70.11175255,1.17369511
0.7,-68.72089611,1.20889033
0.8,-76.42640532,0.48912562
0.9,-24.66588818,1.44370577
1.0,-16.02796708,1.15037108
1.1,-1.89725955,0.53403618
1.14141667,-29.04015326,0.0482166
