segment,pitch,stretch
0.0,-23.16549888,1.16458166
0.1,-79.07430358,1.09262862
0.2,70.37404484,1.10936208
0.3,69.02866227,0.46888555
0.4,-89.89652942,0.39050234
0.5,48.33649686,1.09882465
0.6,21.15473108,0.81397401
0.7,23.95995452,1.63947805
0.8,-43.2069743,0.46870788
0.9,9.14687339,1.667972
1.0,63.2454423,1.34818354
1.1,37.48539417,0.64117659
1.14141667,-43.03918715,0.02908893
