segment,pitch,stretch
0.0,-87.05114528,0.75685483
0.1,-77.86066202,0.21255667
0.2,52.75337557,1.57179702
0.3,25.87417745,1.16483377
0.4,-24.91493329,0.62640737
0.5,-32.59613326,1.0252894
0.6,48.37216542,1.86296546
0.7,44.4070888,1.06697399
0.8,-12.10632677,0.54922329
0.9,-37.63462634,1.02176301
1.0,31.99184566,1.70544642
1.1,61.30326663,0.92919277
1.14141667,-30.40718756,1.34999173
