segment,pitch,stretch
0.0,-12.15353666,1.63036785
0.1,-16.76346839,1.21725169
0.2,-30.99031514,1.01032608
0.3,-61.11543066,0.71979977
0.4,-30.89876813,0.85601455
0.5,28.25498692,1.6899119
0.6,-72.49617554,1.25116451
0.7,48.73771299,0.54341231
0.8,-15.27377936,0.19253517
0.9,-61.51587323,0.47864211
1.0,81.61890305,1.73173346
1.1,-34.31279769,1.37721075
1.14141667,-13.01382433,1.88742644
