segment,pitch,stretch
0.0,2.94741857,0.47922485
0.1,10.93945556,0.75992021
0.2,-33.58175419,0.51030052
0.3,-35.59039283,1.5380037
0.4,-23.09707718,1.53478695
0.5,-12.93229662,0.62602002
0.6,54.45275162,0.6867386
0.7,52.01362083,0.60233158
0.8,-18.58395664,1.63961568
0.9,21.80701506,0.20387093
1.0,-55.17899325,1.51918911
1.1,62.50728609,1.29633258
1.14141667,-31.56259202,0.04867302
