segment,pitch,stretch
0.0,52.55822797,1.64690449
0.1,36.03304437,1.13416013
0.2,87.57540256,0.18828869
0.3,-1.02225297,1.03936139
0.4,-45.72834283,1.57744061
0.5,-78.07098029,0.88465221
0.6,66.92119406,1.26318424
0.7,54.13458116,0.93894817
0.8,9.25383275,1.37261227
0.9,84.2289997,0.51589031
1.0,-92.0852474,0.04731792
1.1,-58.15058713,0.7131693
1.14141667,-93.51230148,0.70039891
