segment,pitch,stretch
0.0,-32.65946157,0.88127163
0.1,-91.34414589,0.39712506
0.2,20.76427352,1.80102862
0.3,-95.58645124,1.05649218
0.4,-66.19056055,0.46999531
0.5,49.19473098,1.20747474
0.6,81.42926779,0.59003214
0.7,65.80631096,1.12088878
0.8,-57.42028442,1.50034126
0.9,-85.65499007,1.79720209
1.0,-34.33028766,1.3179064
1.1,43.77204938,1.83502919
1.14141667,-47.4172931,1.05306136
