segment,pitch,stretch
0.0,90.23256386,1.50268963
0.1,-88.22192177,1.93803066
0.2,36.08058207,0.38306992
0.3,53.20574484,0.27079159
0.4,-53.48533356,1.49666029
0.5,-12.04471186,1.04483491
0.6,95.49693434,0.40549233
0.7,95.81637856,1.4005816
0.8,47.59417509,1.55234369
0.9,46.98416357,0.7227623
1.0,-29.62731829,0.07092525
1.1,-23.23692929,1.38353686
1.14141667,-48.70417272,1.86039409
