segment,pitch,stretch
0.0,-23.27991826,1.52804132
0.1,97.23850922,0.01047206
0.2,-96.9465149,1.6544422
0.3,-86.96925433,1.82991551
0.4,2.85783603,0.86899364
0.5,95.91347723,1.25331213
0.6,-63.35172498,1.68509567
0.7,-25.95383213,1.20636117
0.8,-52.59375309,0.84252752
0.9,-70.79178645,1.91154977
1.0,-29.48964846,0.45592683
1.1,-52.94204961,0.35898479
1.14141667,46.57113475,1.03194217
