segment,pitch,stretch
0.0,-57.76361631,0.10893139
0.1,25.39331568,1.43252878
0.2,12.35143873,0.92444386
0.3,22.75517226,1.05401088
0.4,-18.00705604,0.76286408
0.5,-39.89863119,0.39968066
0.6,-14.96300277,1.49971695
0.7,-94.00933824,0.233123
0.8,3.75296714,0.79401243
0.9,-65.25681875,0.70841327
1.0,-36.72733908,0.02300455
1.1,-39.85327237,1.99640547
1.14141667,88.04121989,1.78012452
