segment,pitch,stretch
0.0,-88.88128127,1.51183911
0.1,-87.53662443,1.47760971
0.2,-73.33591132,0.71617893
0.3,-58.54144931,1.42177569
0.4,49.04087255,1.82178252
0.5,-72.76699617,1.89638194
0.6,68.67659858,1.23818799
0.7,-5.36671532,1.42903819
0.8,-23.75884682,1.21070139
0.9,13.28179405,0.77635249
1.0,-83.28350747,1.90244772
1.1,-48.16746349,0.64536469
1.14141667,-41.26290456,0.1097674
