segment,pitch,stretch
0.0,-38.78716583,1.01136346
0.1,83.97538875,0.01517065
0.2,-68.1228649,1.90257515
0.3,-41.95368962,1.59883642
0.4,-64.50673754,1.27442348
0.5,14.64173949,0.72016077
0.6,37.29610472,1.68485577
0.7,17.36432076,0.42613864
0.8,64.63054237,1.15064148
0.9,-0.55714174,0.20086001
1.0,-86.63903478,0.91350004
1.1,9.24896972,0.49375307
1.14141667,-57.53848842,1.06538265
