segment,pitch,stretch
0.0,73.69598741,1.04505798
0.1,64.60103058,1.03845733
0.2,-50.1174897,0.91489458
0.3,-11.85519642,1.63855818
0.4,20.82069553,0.81995848
0.5,-49.13010048,0.84435973
0.6,-9.92363458,1.18038182
0.7,-84.83739346,0.65326479
0.8,-73.41003559,0.76726876
0.9,-27.00763078,0.49522299
1.0,-38.99718193,1.81314168
1.1,-47.19301082,1.77151393
1.14141667,62.80482945,1.83743246
