segment,pitch,stretch
0.0,65.02651565,0.62779363
0.1,82.40882927,1.28641841
0.2,28.12734754,0.05248415
0.3,28.01004829,1.81040283
0.4,3.02428698,1.15452214
0.5,0.7274939,1.58557195
0.6,-60.08600985,1.29155309
0.7,-41.81362659,0.74887415
0.8,-56.57530821,0.675417
0.9,2.04355072,1.63280072
1.0,-25.0735293,0.27499511
1.1,-68.99460525,0.35686204
1.14141667,20.50863588,0.25414793
