segment,pitch,stretch
0.0,-31.58585165,1.86204342
0.1,-13.51125385,1.3601451
0.2,22.14103825,0.13727472
0.3,-45.50908341,1.96081714
0.4,20.8698866,1.0473978
0.5,-90.43138219,1.56514742
0.6,22.33677073,1.72147983
0.7,90.45268183,0.83847308
0.8,-90.10597343,1.08447727
0.9,-24.3404498,0.84204293
1.0,-30.13742385,1.38959139
1.1,6.87564858,1.21285705
1.14141667,-11.55537801,1.7789236
