segment,pitch,stretch
0.0,-96.89524713,0.51514653
0.1,-12.33811894,1.29037692
0.2,-2.11216318,1.8067557
0.3,-12.48268153,1.39149235
0.4,89.54609484,0.43426832
0.5,-37.3390086,0.26481751
0.6,-22.96318145,0.54020893
0.7,-54.71729638,1.52449902
0.8,-29.11157273,0.97377588
0.9,-67.79713671,0.00562259
1.0,4.25513412,0.25067962
1.1,-69.57535636,1.24716668
1.14141667,46.98328983,0.51037043
