segment,pitch,stretch
0.0,54.30694394,1.15211559
0.1,-41.5272764,0.87340138
0.2,-38.88597906,1.68062495
0.3,-49.52685889,0.30209983
0.4,44.72087894,0.50857504
0.5,-10.12676544,1.91316925
0.6,-77.5421686,1.9075382
0.7,58.76328726,0.67384567
0.8,-86.31399478,0.03846657
0.9,-12.04790726,1.94476972
1.0,-19.59492269,1.59177026
1.1,21.11703797,0.77201621
1.14141667,-79.69552217,0.82441706
