segment,pitch,stretch
0.0,-91.48661439,1.85846096
0.1,18.65355246,1.31941604
0.2,-47.54496018,1.09691526
0.3,17.95212516,0.82238675
0.4,-62.8659354,1.59275608
0.5,-61.59142109,1.03229624
0.6,-6.96150758,1.01361934
0.7,44.5539527,0.71415112
0.8,61.79622069,0.72291552
0.9,15.75993473,0.48078155
1.0,73.30241855,0.68305792
1.1,32.92483065,0.69994656
1.14141667,-20.87758002,0.74534068
