segment,pitch,stretch
0.0,-70.63652138,0.50644446
0.1,74.94740029,0.52417177
0.2,-68.01034885,1.08346926
0.3,-51.20619296,0.58321107
0.4,26.1436221,0.01328247
0.5,83.39781629,0.60567381
0.6,-65.97851273,0.20881444
0.7,58.08888626,1.3772371
0.8,58.72916245,1.44843636
0.9,-29.18485422,1.25039606
1.0,94.40341255,0.46179151
1.1,59.9673363,1.87303499
1.14141667,82.14207773,0.75452983
