segment,pitch,stretch
0.0,10.14205054,0.57898689
0.1,14.3317902,1.67899679
0.2,13.88278029,0.37616214
0.3,-60.54024748,1.4737865
0.4,53.93566508,0.40945874
0.5,35.11564719,1.07675123
0.6,19.66283226,1.54958043
0.7,68.53997152,1.22758448
0.8,-62.55324327,1.96215938
0.9,-55.18291591,1.69292096
1.0,72.9743266,0.50909353
1.1,85.13995014,1.76686526
1.14141667,-84.73790953,1.66223723
