segment,pitch,stretch
0.0,41.80320752,0.30954333
0.1,-33.81764788,1.22203572
0.2,25.70425251,0.04102161
0.3,56.97339003,1.19854703
0.4,46.8397409,0.8213725
0.5,38.78616497,0.20494593
0.6,-89.22878547,1.63754544
0.7,80.78163583,1.22886157
0.8,84.46215373,0.788043
0.9,17.21068764,1.05494363
1.0,16.06336223,0.71360389
1.1,-52.17850038,1.83653188
1.14141667,-51.05005354,0.63741841
