segment,pitch,stretch
0.0,52.46806953,0.64173495
0.1,22.11164663,1.02290277
0.2,21.15045447,1.15251768
0.3,72.92020853,0.917673
0.4,-88.00822782,0.17703353
0.5,44.92871735,0.75389602
0.6,-16.42488454,0.85967356
0.7,-38.35092669,1.78468728
0.8,53.07954461,1.36873542
0.9,-5.60043296,1.27747182
1.0,-61.57972563,1.44074345
1.1,-87.96395632,1.60195725
1.14141667,79.0371692,1.84673245
