segment,pitch,stretch
0.0,7.43144337,1.70321207
0.1,-35.20316303,0.94738908
0.2,-86.49449875,1.55349161
0.3,-0.12776336,0.88197897
0.4,6.50689126,0.49120289
0.5,-86.34225386,0.35466995
0.6,-39.45730104,1.04896921
0.7,-8.71502258,0.785406
0.8,32.85935892,0.13798401
0.9,34.48879389,0.74289626
1.0,70.98288836,0.68775101
1.1,58.88080584,0.86634312
1.14141667,78.935145,1.71646254
