segment,pitch,stretch
0.0,35.03992427,0.51574751
0.1,-26.56645319,0.44602423
0.2,1.54735612,1.29890337
0.3,43.90273661,1.35071288
0.4,20.15863223,1.88468446
0.5,40.21769113,0.68922645
0.6,-45.48330671,0.29500086
0.7,37.84515717,1.13623745
0.8,70.85795378,1.93028729
0.9,-8.50916841,1.29954979
1.0,74.51689941,1.64717937
1.1,-29.84970963,0.6962146
1.14141667,-16.19564709,1.34875208
