segment,pitch,stretch
0.0,51.48746338,0.57454011
0.1,-41.52133944,0.30754534
0.2,-66.82034245,0.44353042
0.3,-31.91254058,1.82396512
0.4,-56.80874984,0.39997223
0.5,68.34440134,0.81668605
0.6,50.52930805,1.26467162
0.7,-1.54170659,1.853663
0.8,-35.46235807,1.62084754
0.9,-26.78461092,1.11562603
1.0,-18.44652471,0.44778159
1.1,-81.09353417,1.37026097
1.14141667,-49.88432299,1.47783822
