segment,pitch,stretch
0.0,50.77854553,0.77150913
0.1,62.4846239,0.80042086
0.2,53.33295606,1.34936636
0.3,-52.02414926,0.44055471
0.4,10.15219449,0.22220555
0.5,-82.96237539,1.01088521
0.6,56.83251075,1.2821399
0.7,25.37878708,0.14022379
0.8,-79.56203594,1.88106801
0.9,-55.34997376,1.82863649
1.0,-38.4333982,1.4626143
1.1,-50.4363817,0.56183734
1.14141667,30.17077865,1.2348867
