segment,pitch,stretch
0.0,12.83936842,1.87514688
0.1,-40.07283551,1.50953272
0.2,22.81990532,1.48762865
0.3,73.57890379,0.72499293
0.4,19.74880208,0.35929492
0.5,-95.00730751,1.1816503
0.6,-43.58308634,0.7071742
0.7,64.49577651,1.65130431
0.8,-87.40846163,0.29995398
0.9,-34.52543675,0.52713219
1.0,-49.09691955,1.16648578
1.1,-10.02998125,0.34751503
1.14141667,60.3965188,0.38933482
