segment,pitch,stretch
0.0,87.77909642,0.96730071
0.1,6.94972025,1.64754835
0.2,98.20857903,0.34232644
0.3,-35.32566364,0.90396438
0.4,-66.21920686,1.59193054
0.5,-74.00275706,1.69980703
0.6,-89.76463472,0.62529401
0.7,90.23942867,0.0404836
0.8,-81.90686285,0.34890232
0.9,5.03977492,1.70546998
1.0,94.83681906,1.15170641
1.1,-46.16486493,0.22788225
1.14141667,7.32353635,1.99633075
