segment,pitch,stretch
0.0,-7.27699978,1.51978009
0.1,-89.77020568,0.73116865
0.2,-14.57898987,0.67126481
0.3,17.83631346,1.90896292
0.4,-1.41603642,0.69510604
0.5,83.48956913,1.57489321
0.6,30.8822208,1.47648751
0.7,-64.37206317,1.31493152
0.8,-28.39613134,0.56604346
0.9,-87.01917752,0.26201855
1.0,40.7229808,0.45307121
1.1,99.76956112,0.54133615
1.14141667,-22.42545561,0.07796444
