segment,pitch,stretch
0.0,-91.86696565,0.90832833
0.1,80.11896525,1.72243134
0.2,16.70719652,1.82583161
0.3,-27.73292132,1.85265783
0.4,9.89756608,1.32008293
0.5,-18.18985071,0.02329134
0.6,90.31218271,1.87638444
0.7,41.24738566,1.79361118
0.8,-24.73767182,1.61882903
0.9,81.12584706,1.6129126
1.0,77.49715481,1.51672463
1.1,-35.38079204,0.68905481
1.14141667,73.17617583,1.84459352
