segment,pitch,stretch
0.0,21.75364705,1.22135982
0.1,39.13898411,0.45068815
0.2,-6.36020837,0.45536775
0.3,-75.1690358,1.09222167
0.4,-40.50969181,1.19786422
0.5,73.36588878,1.65811533
0.6,58.00285261,1.1326438
0.7,-7.78630182,0.35406026
0.8,0.49140151,0.20870274
0.9,-75.3340621,1.59273358
1.0,4.19679742,0.29740146
1.1,-42.11878941,0.88262511
1.14141667,-77.23937445,0.84119303
