segment,pitch,stretch
0.0,-31.7609884,1.50568683
0.1,52.52680229,0.67521246
0.2,7.85876219,0.9805251
0.3,-92.85880299,0.97060286
0.4,-32.19396237,1.17347833
0.5,-28.65780659,0.21577742
0.6,6.85787083,1.38579708
0.7,39.81262841,1.21350763
0.8,-67.00385353,0.81689615
0.9,-43.82258998,0.87721586
1.0,24.68405128,0.52438845
1.1,-55.05960981,1.4125197
1.14141667,-24.80841555,1.30711742
