segment,pitch,stretch
0.0,67.18638051,0.75562578
0.1,-53.72817021,1.96814797
0.2,-98.82675461,0.66238493
0.3,81.03283057,0.69352013
0.4,40.62024646,1.9757751
0.5,40.24818958,1.26469529
0.6,73.99457353,1.9973896
0.7,-37.99947694,0.34186283
0.8,23.54785661,0.20007718
0.9,84.67325281,0.13425269
1.0,17.08617407,1.72774193
1.1,-3.95750505,1.47153835
1.14141667,-9.87393999,1.38090812
