segment,pitch,stretch
0.0,84.87639906,1.92655078
0.1,54.49446049,1.37110258
0.2,-33.6672808,1.73596747
0.3,31.11479488,0.31167155
0.4,97.83134943,0.18688804
0.5,55.89798197,1.4188423
0.6,28.16330303,1.46210452
0.7,40.94146589,0.8475844
0.8,34.01420355,0.11520513
0.9,-53.03672918,0.52894825
1.0,41.75708432,1.51511513
1.1,-12.68091071,0.85209169
1.14141667,-68.33799075,0.22080837
