segment,pitch,stretch
0.0,5.88024496,1.03079141
0.1,-50.60926401,0.07909505
0.2,-75.32725367,0.13211547
0.3,3.44113157,0.90615472
0.4,29.4397182,0.84429779
0.5,45.10583861,0.8526434
0.6,62.97320654,0.36671109
0.7,-15.3501398,0.46700394
0.8,-21.75175408,1.52127731
0.9,-10.84821327,0.1624174
1.0,-94.2934633,1.32493274
1.1,-58.56218585,0.29025247
1.14141667,30.34802461,0.5468785
