segment,pitch,stretch
0.0,88.67453169,0.27330387
0.1,-32.80281116,1.74934986
0.2,70.97056018,0.3871866
0.3,30.08988452,1.42397991
0.4,24.3392461,0.38699984
0.5,-13.33118715,1.44623849
0.6,-31.56481899,1.53806255
0.7,3.03144729,1.95923825
0.8,98.28132693,0.23970082
0.9,59.24424313,1.02137392
1.0,-78.84052304,1.07914984
1.1,33.79048953,0.23007882
1.14141667,15.60736791,1.42555187
