segment,pitch,stretch
0.0,-24.76470346,1.59064555
0.1,-75.39031031,1.09884897
0.2,-67.15595446,1.36958326
0.3,73.28346942,0.49848866
0.4,-63.76474969,0.29216268
0.5,10.17114781,0.8224921
0.6,4.96018727,1.0263182
0.7,-80.99576467,1.21407391
0.8,5.85848448,0.36326554
0.9,-81.91810292,1.1553967
1.0,-78.18540506,0.19027312
1.1,-63.38399377,0.38270044
1.14141667,-3.56177279,1.55093722
