segment,pitch,stretch
0.0,57.67582041,1.07499149
0.1,30.60683187,1.16004115
0.2,67.52262427,0.4342818
0.3,46.8365599,1.77949258
0.4,-1.01645681,1.14694495
0.5,-58.538187,0.2393662
0.6,10.91378016,0.50449479
0.7,-18.54635938,1.22580092
0.8,-51.46185887,1.46495703
0.9,-24.54774775,1.95127442
1.0,23.81493142,0.99233432
1.1,-98.28583734,1.14516037
1.14141667,-16.63951012,0.6161327
