segment,pitch,stretch
0.0,-99.9073227,0.81298374
0.1,6.02560795,0.95778594
0.2,-87.21608726,0.60056575
0.3,16.166159,1.16566092
0.4,22.01437498,0.76727261
0.5,-87.69710294,1.13257272
0.6,54.53045846,0.2283252
0.7,55.67753159,0.43844238
0.8,-4.29051955,0.63329176
0.9,-19.73606801,0.92733574
1.0,35.95779255,1.01468224
1.1,2.62132668,0.86622933
1.14141667,32.43607348,0.89275337
