segment,pitch,stretch
0.0,32.43640694,1.33040513
0.1,-96.15534081,1.37265774
0.2,71.74391232,0.97045392
0.3,66.77138204,0.15859567
0.4,15.01497933,0.06667266
0.5,92.69089604,0.24915734
0.6,43.1424087,1.15855491
0.7,-30.37149924,1.05458836
0.8,46.68539141,0.40093841
0.9,93.80986052,0.20402843
1.0,81.72582501,0.60947965
1.1,64.92591282,0.10143299
1.14141667,81.2294196,0.26247097
