segment,pitch,stretch
0.0,-14.70734509,1.46597583
0.1,-71.06769053,1.54510521
0.2,0.78593543,0.85896876
0.3,21.61945259,0.42109755
0.4,-93.25434466,0.86545886
0.5,-11.67449827,0.11204976
0.6,-39.79898507,1.27761458
0.7,-44.77239166,1.34435357
0.8,-59.78561396,0.62354184
0.9,18.05772854,0.28507196
1.0,47.53619055,1.41472683
1.1,9.35196461,0.97298944
1.14141667,-39.99964019,0.81950462
