segment,pitch,stretch
0.0,18.71690093,1.63903865
0.1,70.88150917,1.28668292
0.2,23.29873522,0.4448863
0.3,-19.83408775,1.46840806
0.4,-88.59539457,0.66601538
0.5,3.33992371,0.03688538
0.6,-73.90842815,0.48708825
0.7,27.77232776,0.83201182
0.8,47.07023028,0.98489988
0.9,58.29803031,0.70021639
1.0,66.78853229,1.48154334
1.1,-39.3403084,0.31951264
1.14141667,45.51603845,1.22903486
