segment,pitch,stretch
0.0,-13.58676493,1.61786678
0.1,72.6058515,0.87941828
0.2,-32.02129576,1.83091307
0.3,52.20448247,0.55022133
0.4,81.43032914,1.31843468
0.5,-46.64724356,0.27128196
0.6,-9.87779487,1.45996143
0.7,-19.54175122,1.9285159
0.8,-49.98241499,0.92372557
0.9,-13.16351875,0.96002264
1.0,-96.83623885,0.2797337
1.1,49.6134393,0.59117932
1.14141667,15.95148808,0.63965457
