segment,pitch,stretch
0.0,28.98064776,0.98418997
0.1,97.12286429,0.16344307
0.2,-80.73889599,1.6205545
0.3,-34.13229865,0.04211558
0.4,-28.25789245,0.29146504
0.5,30.74174251,1.00822946
0.6,-70.42701558,0.99852998
0.7,-79.42848468,0.12148108
0.8,-11.29296583,1.58757857
0.9,56.44608255,1.131434
1.0,-50.79678899,1.07078584
1.1,36.60975174,0.65492456
1.14141667,2.28400586,1.36384742
