segment,pitch,stretch
0.0,-54.2049039,1.45183857
0.1,87.34423026,0.86061961
0.2,-98.84233394,1.18874301
0.3,-97.58962459,1.66924354
0.4,23.55242904,0.00204187
0.5,-18.77036257,1.84930508
0.6,8.82118315,1.9208642
0.7,-96.44474604,1.44218332
0.8,11.33691125,1.31619285
0.9,47.20974818,1.76808873
1.0,-1.35292105,0.65793632
1.1,-2.81579098,1.84682414
1.14141667,-50.7334248,1.49158354
