segment,pitch,stretch
0.0,-10.82069804,0.1966368
0.1,-46.9179638,1.84976789
0.2,-54.48570272,1.33623315
0.3,3.05404722,1.29159713
0.4,53.05029039,0.83782165
0.5,41.93888619,1.8090238
0.6,38.59618791,0.45654873
0.7,19.43152578,1.50843582
0.8,77.35445073,0.98312763
0.9,32.46536794,0.62069846
1.0,-22.38343672,0.12277995
1.1,12.24635973,0.0590951
1.14141667,-33.54926905,0.80794126
