segment,pitch,stretch
0.0,81.23981072,0.49867824
0.1,59.042463,0.00451098
0.2,63.56884277,0.27971017
0.3,18.30431865,1.7801653
0.4,3.28014676,0.68268275
0.5,-50.25769465,1.40391779
0.6,34.04173203,1.9419564
0.7,-89.91812475,1.23232489
0.8,-91.12000534,1.04769521
0.9,-56.90768545,0.51522296
1.0,56.81289128,0.60047706
1.1,52.75650998,0.1927266
1.14141667,-1.02091794,0.76689439
