segment,pitch,stretch
0.0,13.86918761,0.63182109
0.1,25.98390225,1.85758869
0.2,62.79635394,1.68485958
0.3,67.80376008,0.50866318
0.4,-54.23175366,1.37500116
0.5,-42.04160911,0.8503416
0.6,-58.41766146,0.53241727
0.7,90.23612499,1.86464457
0.8,80.19297104,1.8007814
0.9,-45.72951024,1.24365205
1.0,35.47554357,1.16086821
1.1,25.09086311,0.27592984
1.14141667,-71.61211297,0.34423902
