segment,pitch,stretch
0.0,56.90503632,1.50179325
0.1,60.05480061,0.47619317
0.2,-72.51656256,0.92007655
0.3,2.93178185,0.33014887
0.4,90.45336135,0.043639
0.5,75.12015459,0.92056091
0.6,-53.55997087,1.2049101
0.7,51.97340418,1.26031724
0.8,-10.38516211,1.58987807
0.9,-92.4550951,0.13577782
1.0,-57.31461047,0.90983342
1.1,-81.45606397,0.06219346
1.14141667,59.16877148,1.30139903
