segment,pitch,stretch
0.0,-38.62866976,1.21475255
0.1,74.09649373,1.42515073
0.2,-77.49747828,1.22478841
0.3,-67.83250137,1.9436179
0.4,-38.21561334,1.88893829
0.5,29.85685748,1.72074801
0.6,-66.83919125,0.28801836
0.7,-14.49310903,0.74643431
0.8,-75.05904534,0.44373966
0.9,23.49627292,0.28929296
1.0,-68.29185914,1.00467442
1.1,-10.50760157,0.34100933
1.14141667,75.25363483,0.26449359
