segment,pitch,stretch
0.0,-13.69643402,0.73484181
0.1,36.92445062,1.41360661
0.2,21.43114689,0.52466555
0.3,24.77090101,1.58726839
0.4,77.265015,1.42575361
0.5,28.30807518,1.55292683
0.6,18.43259479,0.02964328
0.7,-79.61204071,1.36780768
0.8,80.96656343,0.02073761
0.9,-8.33056755,0.3007781
1.0,-7.46638384,0.17343981
1.1,-0.65732392,0.65758319
1.14141667,-17.80379885,0.41522681
