segment,pitch,stretch
0.0,-53.97722238,1.09610164
0.1,-31.21118385,0.22350944
0.2,-36.80951357,1.00123418
0.3,-95.45532381,0.87401162
0.4,58.15480481,0.20703956
0.5,71.015522,0.5150991
0.6,65.59713254,1.3674314
0.7,10.73762905,0.96376634
0.8,28.00448009,0.85790612
0.9,-7.76276887,1.59940673
1.0,39.23656931,0.40281071
1.1,-90.22036196,1.59018171
1.14141667,-39.83688041,1.67678977
