segment,pitch,stretch
0.0,-65.19227421,0.61249192
0.1,34.40906095,0.29665162
0.2,72.03278264,1.48815427
0.3,-93.25918193,0.64038213
0.4,-48.17760156,1.87335219
0.5,-59.28864978,0.64122513
0.6,-60.96829321,0.74305484
0.7,-58.25364253,0.67858591
0.8,-53.24962366,1.61300975
0.9,31.56599557,1.99040507
1.0,-2.35908096,0.02061714
1.1,-37.19614485,1.34418041
1.14141667,-40.34637593,1.11042485
