segment,pitch,stretch
0.0,38.95071941,0.15710705
0.1,-98.16248953,1.65075873
0.2,-8.53351214,0.59061529
0.3,-29.96278714,0.34046239
0.4,-57.19313365,0.44125755
0.5,-14.84533872,1.00043078
0.6,65.33729063,1.54523625
0.7,2.08710226,1.08213469
0.8,-14.97633343,0.71331726
0.9,84.22736014,0.21863186
1.0,-86.65839452,0.07702422
1.1,-25.38298956,0.09511301
1.14141667,-47.75612145,1.11047356
