segment,pitch,stretch
0.0,-0.57599219,0.80814607
0.1,13.46528621,0.64850963
0.2,-42.10345484,0.75912538
0.3,65.40524164,0.12507739
0.4,8.7909656,0.61296468
0.5,-70.64658821,1.51166545
0.6,9.04588311,1.40220012
0.7,98.94555371,1.00134396
0.8,45.89078384,0.39587707
0.9,67.24679264,0.99552398
1.0,-17.42221394,1.70178233
1.1,81.33628956,0.58307847
1.14141667,53.22171091,1.9484775
