segment,pitch,stretch
0.0,-79.96563984,1.05198412
0.1,6.89204873,1.47579936
0.2,-59.04911329,1.92899264
0.3,-22.29334195,1.69322
0.4,-31.81352244,0.27967356
0.5,-29.50747098,1.20485001
0.6,27.01274743,1.36433783
0.7,-52.90572089,0.91134408
0.8,36.79787763,0.73332592
0.9,57.30337613,0.93410667
1.0,-47.90339597,1.97770738
1.1,6.22002638,0.99208876
1.14141667,84.51773888,0.56874534
