segment,pitch,stretch
0.0,67.52582955,0.02866994
0.1,-45.00790549,1.52120589
0.2,99.04057748,1.49962967
0.3,-68.36116283,0.94170168
0.4,-69.72509786,1.45346446
0.5,49.9602727,1.239675
0.6,-86.20274362,0.33483984
0.7,-45.26451629,0.80645918
0.8,92.93059236,1.81014272
0.9,20.23217844,0.27928591
1.0,-97.47433382,0.6276723
1.1,-0.33226463,0.06404952
1.14141667,-70.80442404,0.03566212
