segment,pitch,stretch
0.0,-44.81822656,0.56671605
0.1,43.00671419,1.20420295
0.2,24.16341234,0.70571207
0.3,9.70814333,0.52675366
0.4,-29.08028794,0.39172788
0.5,13.99687292,1.41562153
0.6,-94.34527698,0.31474912
0.7,82.02293288,0.39809757
0.8,97.80429139,1.50165922
0.9,50.38684798,1.53053157
1.0,50.88531701,1.50980535
1.1,-60.62155268,1.19355888
1.14141667,17.68821643,0.79977781
