segment,pitch,stretch
0.0,0.58779233,0.89734501
0.1,65.58669895,1.56475831
0.2,92.70048489,0.78534562
0.3,45.16002567,1.54381558
0.4,28.81753585,0.0018765
0.5,27.94012337,0.8579305
0.6,-12.12784509,0.24537656
0.7,37.52275835,1.87266248
0.8,71.51464463,1.00549306
0.9,22.68525477,1.22686927
1.0,-63.88207632,0.2035854
1.1,38.15057134,0.88157874
1.14141667,-15.5157649,0.99360355
