segment,pitch,stretch
0.0,10.66473812,1.15832736
0.1,-23.10865754,0.48233726
0.2,-26.94851482,0.16521916
0.3,-33.10340519,0.50966441
0.4,49.54751917,0.60857897
0.5,-36.16101415,0.8415653
0.6,69.93456636,1.89309681
0.7,-11.46588409,1.76792236
0.8,-34.69840246,0.32179511
0.9,30.23959847,1.57618572
1.0,-25.32995204,1.69305609
1.1,23.48875346,0.93398883
1.14141667,-45.42969725,0.80903223
