segment,pitch,stretch
0.0,-47.50319365,1.7258072
0.1,7.1744106,1.03228838
0.2,-57.32327794,0.24012817
0.3,31.39211364,0.38913186
0.4,53.99094674,0.22087612
0.5,-26.25701214,1.50069545
0.6,-77.34266557,1.97351318
0.7,-34.04180886,1.74293994
0.8,86.39853896,0.68176609
0.9,86.34329163,0.61357482
1.0,-48.32443869,1.25399236
1.1,-43.96297419,1.03394671
1.14141667,18.70995966,0.12686828
