segment,pitch,stretch
0.0,-84.92815631,0.89560322
0.1,-7.99207407,1.85807804
0.2,-18.4917418,0.96896023
0.3,31.7569672,0.91145262
0.4,73.45239684,0.44669863
0.5,63.78481378,1.38395144
0.6,-88.72210062,0.30460451
0.7,55.31278942,0.9443525
0.8,-1.21214349,0.95985029
0.9,-66.26493837,1.97618629
1.0,74.70180172,1.42134703
1.1,-55.73297769,1.90740786
1.14141667,-79.54970617,0.4560289
