segment,pitch,stretch
0.0,-33.69887569,0.17499985
0.1,97.74765169,1.36458037
0.2,-20.91555675,0.96521613
0.3,-92.61946295,0.19125459
0.4,94.41903557,0.0683773
0.5,-70.30133724,1.34477155
0.6,-29.16257372,0.23910949
0.7,55.8333977,1.04842375
0.8,-62.54113235,1.16073061
0.9,36.59242577,1.87248192
1.0,40.72902596,0.95401436
1.1,65.00978537,1.65191739
1.14141667,52.21296525,0.18770955
