segment,pitch,stretch
0.0,20.12555519,0.33059304
0.1,-29.60221473,0.821528
0.2,-87.78134606,0.89984912
0.3,-82.8001552,1.12923164
0.4,-57.45805653,1.13487329
0.5,38.45207173,0.95181736
0.6,-82.31024106,1.68020883
0.7,-81.5108822,0.87273764
0.8,-21.35638597,1.29787472
0.9,39.31235358,0.99595228
1.0,19.94378015,1.18578276
1.1,26.49572393,1.21468356
1.14141667,77.06361833,1.4676797
