segment,pitch,stretch
0.0,-73.36770619,1.8243985
0.1,36.09124315,0.19967439
0.2,30.41930424,0.45303578
0.3,3.27623503,0.80405214
0.4,-73.34149579,1.42028051
0.5,86.86435605,1.98711767
0.6,24.4857118,1.99384715
0.7,-69.31227427,1.54038495
0.8,-24.89700854,1.02830185
0.9,-28.99159538,1.86032293
1.0,90.51139416,0.94233535
1.1,-31.91151107,1.17580502
1.14141667,-3.72146175,0.33217699
