segment,pitch,stretch
0.0,71.64579108,1.53966103
0.1,-41.99719464,0.59647498
0.2,59.69669117,1.47663482
0.3,-93.37869479,1.41232789
0.4,-91.85540424,0.7544414
0.5,77.48372324,1.07877617
0.6,-69.56242173,0.285348
0.7,12.48070748,1.64313736
0.8,-68.75404893,0.82781415
0.9,-41.00277144,0.10656714
1.0,14.40495226,0.13044864
1.1,-5.77841561,0.25005649
1.14141667,48.7161519,0.86953964
