segment,pitch,stretch
0.0,-27.70685096,1.07533498
0.1,36.31877293,0.55576396
0.2,99.33133992,1.66285071
0.3,-36.19061988,1.98350428
0.4,-21.30822949,0.31520787
0.5,-30.35356855,0.91676488
0.6,5.26136658,1.04496559
0.7,66.93678647,0.81384805
0.8,7.468886,1.33717272
0.9,8.24023811,0.5120121
1.0,24.59744458,0.50996017
1.1,-27.97862072,0.52289829
1.14141667,80.34340576,0.11079891
