segment,pitch,stretch
0.0,87.12745751,1.90120805
0.1,-24.35371008,0.69347586
0.2,96.19284839,1.54393822
0.3,-63.91440184,0.58835551
0.4,84.55261443,0.17117139
0.5,-92.65972106,1.33331876
0.6,42.41135529,0.74738351
0.7,-52.22534775,0.83508091
0.8,15.59025374,0.71569615
0.9,2.98657975,0.73784714
1.0,-1.73502866,0.16421884
1.1,53.10245594,0.76749541
1.14141667,-47.5333567,0.26920711
