segment,pitch,stretch
0.0,92.4660963,0.46305834
0.1,15.06427617,1.65512059
0.2,19.88587698,1.47687397
0.3,19.16381268,1.98465726
0.4,-43.83456388,0.88568527
0.5,-75.19485474,0.59200872
0.6,-41.9677828,1.00282805
0.7,48.89631163,0.36234637
0.8,59.57141731,1.86287014
0.9,-7.29688456,0.55653028
1.0,-56.30540489,1.69420603
1.1,-92.5665511,0.74268973
1.14141667,7.04899103,0.9328285
