segment,pitch,stretch
0.0,-38.58168868,0.48249149
0.1,22.77189101,0.00578023
0.2,63.63009662,0.94527593
0.3,40.26074943,0.33817949
0.4,-0.66607969,0.24994959
0.5,-74.48176635,1.53235452
0.6,44.59470225,1.7345893
0.7,39.40784466,0.44579509
0.8,75.30603886,0.97625809
0.9,-71.87275787,1.50725067
1.0,-60.86914525,1.16202192
1.1,-12.66114112,0.28514793
1.14141667,30.22243392,1.97969732
