segment,pitch,stretch
0.0,55.29360891,1.9581329
0.1,-50.95886707,0.47119179
0.2,54.13518968,1.35424418
0.3,35.06481535,0.01052317
0.4,53.38062102,0.69535294
0.5,69.27676949,0.69536718
0.6,-61.3421988,1.83256231
0.7,-89.47342233,1.93961064
0.8,-48.72904744,1.32631245
0.9,1.16603068,0.8841902
1.0,5.3158993,0.23857756
1.1,91.20505521,1.79928799
1.14141667,-1.7804857,1.20807813
