segment,pitch,stretch
0.0,41.83391715,1.67349399
0.1,-76.96843168,0.59594788
0.2,-8.95205146,0.21651802
0.3,23.54279346,1.46166629
0.4,-15.91458067,0.64159162
0.5,-62.29566062,1.70672832
0.6,-10.03907701,1.06314921
0.7,28.86778795,0.77270182
0.8,41.41175946,1.60583208
0.9,-29.16663325,0.6103897
1.0,-67.59158679,1.4211614
1.1,-87.94197707,0.92479557
1.14141667,-62.10245378,0.63214451
