segment,pitch,stretch
0.0,73.88745487,1.96679667
0.1,83.3595035,0.21639966
0.2,-42.88917359,1.23278099
0.3,-35.82813145,0.20280842
0.4,-27.03224602,0.87893423
0.5,-60.70994671,0.75442075
0.6,-49.85711526,0.59399175
0.7,-19.23215183,0.40076308
0.8,-49.95485849,1.00046488
0.9,-32.44147055,1.09763798
1.0,8.88866296,0.22831424
1.1,63.17058803,0.14700243
1.14141667,77.96070842,0.04831054
