segment,pitch,stretch
0.0,90.22405299,0.52333292
0.1,-53.16826404,0.32613641
0.2,57.22063992,1.76832282
0.3,-51.76708918,1.79419362
0.4,1.80244,0.6919465
0.5,69.86508763,0.42050619
0.6,-65.5276076,1.09922799
0.7,-9.16192061,0.52950054
0.8,54.04961977,0.23323956
0.9,-45.96609797,1.08101777
1.0,-24.92191699,1.08076033
1.1,-97.77886586,0.99284908
1.14141667,85.97808326,1.87727243
