segment,pitch,stretch
0.0,-42.66002827,0.44619032
0.1,-63.45257727,1.09752053
0.2,-17.55899299,1.94483115
0.3,-6.53827268,1.6322026
0.4,82.73159926,1.42964573
0.5,13.20285819,1.82803278
0.6,-12.96734249,1.23610149
0.7,-74.04565338,1.25749674
0.8,43.93001564,1.19337031
0.9,-5.48619498,0.21250901
1.0,51.20549239,1.32924457
1.1,48.53876007,0.52399169
1.14141667,-70.42678673,0.252725
