segment,pitch,stretch
0.0,19.6945105,1.69967751
0.1,53.62811089,0.5893267
0.2,-39.30903103,0.72876725
0.3,54.20589937,0.31950758
0.4,-95.2083084,1.11794186
0.5,29.46971661,0.00334081
0.6,-7.96409569,1.04777544
0.7,91.50199685,0.15242204
0.8,48.8288282,1.6691606
0.9,47.6951267,1.19043437
1.0,89.55727136,1.93432652
1.1,-25.40894762,0.50605662
1.14141667,-65.1673552,1.63687901
