segment,pitch,stretch
0.0,-98.91219047,0.85030025
0.1,22.70180807,1.54641479
0.2,-50.76605046,1.59021247
0.3,-65.24359314,0.79354452
0.4,-49.3351696,0.96259511
0.5,24.21080922,1.67132683
0.6,3.43966526,0.01415487
0.7,-58.56128696,1.9665878
0.8,66.77342814,0.8584981
0.9,-64.90742311,1.31118079
1.0,10.51346609,1.27811354
1.1,-68.79164896,1.21751263
1.14141667,34.78402703,0.04843522
