segment,pitch,stretch
0.0,-82.10868193,0.85732913
0.1,-18.98092882,1.77021004
0.2,-17.28786451,0.51458375
0.3,-3.48707714,0.43416611
0.4,-98.7944314,0.59559477
0.5,-15.83574182,0.12789612
0.6,-33.68135303,0.44530265
0.7,97.46875733,0.41672836
0.8,-0.3127067,1.87202813
0.9,68.410396,0.79784641
1.0,38.16138798,0.3785282
1.1,26.1551579,0.21105442
1.14141667,-54.363137,0.68770275
