segment,pitch,stretch
0.0,98.83665256,1.21092883
0.1,-36.98704923,0.7175079
0.2,-13.21190581,0.78878443
0.3,-80.8598001,0.44631257
0.4,-25.0918208,0.9996058
0.5,-23.99620205,0.69774753
0.6,-10.44532567,1.25144841
0.7,30.16480519,0.57999204
0.8,26.50650609,0.87523247
0.9,84.41962205,1.36445092
1.0,-55.53219039,0.77961983
1.1,8.0634811,1.59542787
1.14141667,-3.22335062,1.19142212
