segment,pitch,stretch
0.0,50.77155,0.21857213
0.1,-88.44032236,0.77478754
0.2,-16.35056241,1.07560701
0.3,93.40705596,1.87026108
0.4,-74.6789326,0.69300558
0.5,-38.29324704,0.52433596
0.6,32.78215282,1.52144011
0.7,29.62203909,1.14086256
0.8,-11.53531476,1.26545396
0.9,57.1082223,1.92266532
1.0,57.55501293,0.47482447
1.1,34.6835129,0.15103677
1.14141667,-93.64179673,1.64505221
