segment,pitch,stretch
0.0,-46.05593581,0.51738485
0.1,62.22976421,1.31954079
0.2,12.11231465,1.09466444
0.3,-43.66006165,1.10625026
0.4,52.37116658,1.24572865
0.5,-9.37800408,1.13457981
0.6,80.54637955,0.80829687
0.7,-47.54165707,0.51219219
0.8,-4.75137405,0.84788996
0.9,-23.76152457,1.37129048
1.0,99.64582752,0.98680773
1.1,40.942183,1.42160835
1.14141667,87.8168677,1.69417822
