segment,pitch,stretch
0.0,69.87521171,0.30931104
0.1,60.55609477,1.36852657
0.2,-65.31065089,1.17344814
0.3,-19.68241849,0.60836169
0.4,-67.97317677,1.01541635
0.5,17.50031022,1.67991586
0.6,35.72432224,0.91591025
0.7,94.17947116,0.34261247
0.8,6.65143733,0.90885816
0.9,25.76932765,0.23510679
1.0,-86.9444091,1.23669331
1.1,42.49009612,0.98799619
1.14141667,37.61302549,0.11471461
