segment,pitch,stretch
0.0,96.07480186,0.58479992
0.1,-21.67597909,0.94801026
0.2,1.76564063,0.48766352
0.3,52.19208065,0.58210606
0.4,-48.97734346,1.63747349
0.5,8.52034332,0.76958472
0.6,76.79242076,1.51679811
0.7,-46.49970146,0.4990454
0.8,41.91318913,1.79245635
0.9,-58.70585391,1.42432783
1.0,-5.86032919,0.02463932
1.1,3.04602069,1.38926004
1.14141667,9.91868565,0.39424777
