segment,pitch,stretch
0.0,89.71427056,1.01776628
0.1,-70.51005578,1.96713819
0.2,75.84374713,1.27326549
0.3,-65.96801952,1.01915637
0.4,-99.12862023,1.08509297
0.5,42.18807517,1.85501182
0.6,25.95406096,1.3585005
0.7,-40.09314125,0.2752787
0.8,44.47277883,0.00986065
0.9,16.62214307,1.75352346
1.0,77.66452295,0.69056339
1.1,-63.87625715,1.66617346
1.14141667,-12.54613401,1.22968396
