segment,pitch,stretch
0.0,83.22064209,0.35182135
0.1,25.82279266,1.40300106
0.2,-83.78660265,0.21446129
0.3,-88.71037445,1.56833652
0.4,-25.11946458,0.50116285
0.5,-32.29289083,0.47629771
0.6,-5.66379258,1.62608898
0.7,19.8755327,0.55661978
0.8,-77.8746618,0.6727298
0.9,37.7335618,1.74274249
1.0,-45.35644981,0.39098492
1.1,5.10747421,1.6393156
1.14141667,68.71172413,1.24158376
