segment,pitch,stretch
0.0,-58.69377393,0.50859349
0.1,32.88622417,1.73752804
0.2,7.24894178,1.36581258
0.3,94.91420779,1.00409723
0.4,-71.75206553,0.77805611
0.5,-65.23871465,1.77016953
0.6,-4.42462865,1.81727941
0.7,-75.60919522,0.9776794
0.8,96.57391487,1.84916321
0.9,88.67857867,0.71669736
1.0,-45.98442242,1.96322979
1.1,-0.58254583,1.42519618
1.14141667,58.15677769,1.35630124
