segment,pitch,stretch
0.0,-91.05268085,1.46856287
0.1,-23.35186071,1.00691584
0.2,77.20107387,0.46780603
0.3,-92.81003859,1.70781954
0.4,-53.33460968,0.99550458
0.5,62.91812057,0.7172163
0.6,16.16077368,1.39130844
0.7,69.38476605,0.60440693
0.8,-57.13655676,1.66516304
0.9,-15.81173514,1.68938028
1.0,-9.63797078,1.74581604
1.1,-63.31208094,1.61756959
1.14141667,-26.04631218,1.66119384
