segment,pitch,stretch
0.0,10.14074494,1.10712978
0.1,-69.45781997,1.44615803
0.2,38.40349345,1.25967469
0.3,-11.42336743,0.20781614
0.4,-38.27576318,0.33459003
0.5,-2.73288809,0.46876696
0.6,78.86302992,0.47313469
0.7,-17.950808,0.39569402
0.8,58.47358133,1.30666007
0.9,26.64529298,1.95577036
1.0,-55.10685082,0.02933321
1.1,-18.22256523,0.7247038
1.14141667,61.35932925,0.67386771
