segment,pitch,stretch
0.0,38.76441964,1.14598177
0.1,-17.22213434,0.30884626
0.2,-53.50411542,1.46322181
0.3,54.00869537,1.01008771
0.4,41.15972867,0.8851671
0.5,5.62640716,0.04808052
0.6,-40.24246399,0.01062828
0.7,37.40642031,0.50762063
0.8,-79.038697,1.45151939
0.9,-2.83409807,0.5557897
1.0,-83.88540682,1.26457994
1.1,-36.64548828,0.26949796
1.14141667,-40.44439649,0.7448993
