segment,pitch,stretch
0.0,-28.0107555,1.07618979
0.1,-32.89623972,0.74993287
0.2,-30.87420046,0.87673017
0.3,-28.85389422,0.75649392
0.4,-61.04108291,0.57081033
0.5,-42.72827131,0.38337207
0.6,-39.80042832,1.97746459
0.7,86.61388374,0.72612227
0.8,-13.10870886,0.61721519
0.9,73.41452955,1.47274228
1.0,-76.02339619,0.29121058
1.1,-99.20877843,0.63443115
1.14141667,-4.16419643,0.81233408
