segment,pitch,stretch
0.0,53.9397138,0.06355711
0.1,-36.5956991,0.48004976
0.2,-43.1876693,1.03789897
0.3,-53.9427897,1.26221458
0.4,-65.783131,0.60369974
0.5,8.54446973,0.38242942
0.6,25.982451,0.77698842
0.7,2.31628943,1.9835701
0.8,-23.9411009,0.74672504
0.9,1.17847383,0.31328371
1.0,-0.0207096506,1.00971918
1.1,79.8727398,0.68044343
1.14141667,41.4033753,0.87080947
