segment,pitch,stretch
0.0,19.16027808,0.72731776
0.1,-36.21771925,1.93334106
0.2,-66.07101637,1.21532033
0.3,79.53183863,0.28557642
0.4,92.38219097,0.98785023
0.5,7.66618463,1.1739232
0.6,32.76652784,0.68028942
0.7,-42.21218066,0.97154217
0.8,31.79337583,1.25365412
0.9,-87.49562142,0.3461467
1.0,87.95985986,1.25102319
1.1,11.18317941,0.53623474
1.14141667,-65.94551854,0.61225555
