segment,pitch,stretch
0.0,53.83123276,0.9084392
0.1,-27.04821844,0.09293525
0.2,78.33609214,1.96631007
0.3,-78.11586559,1.72866936
0.4,-94.60748533,0.92226198
0.5,62.83015715,0.25318941
0.6,67.82201499,1.49472832
0.7,-70.53647708,1.73802722
0.8,-76.96545312,1.70359471
0.9,-50.42790053,0.97070185
1.0,72.8443529,1.23269087
1.1,-42.09585527,0.48846866
1.14141667,-94.08216846,0.68010024
