segment,pitch,stretch
0.0,-25.39055637,0.67452719
0.1,-52.16988554,0.89530536
0.2,-97.11481736,0.31491033
0.3,-11.4581745,0.92298319
0.4,-45.99069763,0.35602146
0.5,-43.61865699,0.39625722
0.6,-44.83604124,1.05367551
0.7,-8.86769407,1.01432352
0.8,63.33461413,1.39909629
0.9,-71.92792016,1.4024389
1.0,76.65131092,0.62839034
1.1,60.1037415,0.42144028
1.14141667,-22.4064568,0.48383485
