segment,pitch,stretch
0.0,70.21366491,0.37662074
0.1,91.50371141,1.83157943
0.2,-85.12272145,1.1022813
0.3,-75.82363795,1.48908975
0.4,70.73308418,0.90588888
0.5,-52.13890441,0.40550138
0.6,46.1667871,0.80579576
0.7,-34.69202558,1.194847
0.8,34.67367308,0.68829777
0.9,85.91967681,1.08914426
1.0,-83.0691135,1.95098113
1.1,-3.32695792,0.09700166
1.14141667,-42.25547531,0.87797132
