segment,pitch,stretch
0.0,65.19779345,0.10751353
0.1,-53.85269578,1.47062647
0.2,82.41545201,1.29367767
0.3,50.60713048,1.84832062
0.4,7.11945043,1.72946214
0.5,91.42493583,0.50039447
0.6,-85.42924685,0.46361625
0.7,-8.28829678,0.32923248
0.8,14.83211799,1.36965494
0.9,76.72765657,0.90778718
1.0,-52.57682729,1.26672765
1.1,-94.50783694,0.74549941
1.14141667,-21.60549074,0.4783076
