segment,pitch,stretch
0.0,28.12895203,0.63804815
0.1,54.21350821,0.11012111
0.2,-51.19383466,1.84334534
0.3,96.22549518,1.45975235
0.4,-32.41307863,1.95527553
0.5,26.65044328,1.73920612
0.6,9.32091886,1.89068739
0.7,-64.89954131,0.09931373
0.8,36.72622087,1.22637204
0.9,40.2660854,1.29702351
1.0,-7.20928191,1.70759595
1.1,6.1475954,0.3841372
1.14141667,27.94232384,0.96662368
