segment,pitch,stretch
0.0,-67.35692913,0.36791897
0.1,9.22345267,1.77506302
0.2,52.54105012,1.73468734
0.3,15.27163376,0.75550343
0.4,-27.32325081,1.37515568
0.5,-96.57236705,1.43927044
0.6,-52.11401853,1.08444969
0.7,60.68518633,0.8170541
0.8,75.12013331,1.80955492
0.9,78.01511268,0.10737949
1.0,16.78714456,1.29858287
1.1,68.14454482,0.38347949
1.14141667,-20.22553044,1.87612987
