segment,pitch,stretch
0.0,-47.38697201,1.0177879
0.1,-45.74023633,0.424984919
0.2,-60.42650725,1.22266415
0.3,34.87343661,1.17261044
0.4,-38.6627365,0.548694777
0.5,58.40491157,0.114745734
0.6,82.78266879,1.71917122
0.7,-9.1273893,0.765473304
0.8,-15.5781982,0.00141609463
0.9,-12.87000269,1.43975833
1.0,81.09749375,0.252670751
1.1,-15.34697207,0.837637717
1.14141667,-62.44527871,0.0125502453
