segment,pitch,stretch
0.0,-38.96167212,1.55026416
0.1,80.18092811,0.24674033
0.2,-81.06113279,1.21482423
0.3,-42.28565504,1.28297285
0.4,30.67134652,1.65504156
0.5,87.51356995,1.51108296
0.6,-33.64216401,0.42676112
0.7,-59.84183097,0.47582994
0.8,-15.77228678,0.9990467
0.9,-13.63731809,1.04340837
1.0,-26.93891473,1.47233289
1.1,-89.32964059,0.19163643
1.14141667,-46.59860418,0.92983005
