segment,pitch,stretch
0.0,87.69276993,1.0053747
0.1,-6.69011024,1.08201998
0.2,34.77261508,1.30978326
0.3,9.00297073,0.36090352
0.4,-56.58211353,1.18596965
0.5,-72.48915741,1.8315835
0.6,-71.77023581,0.12847581
0.7,51.8047657,1.50247353
0.8,7.96298825,1.86239575
0.9,60.27042228,1.19829159
1.0,-58.95396632,0.97286799
1.1,-58.35182671,1.33480816
1.14141667,-30.86837624,1.64372193
