segment,pitch,stretch
0.0,-88.6105585,1.07573924
0.1,-16.22122401,1.88781057
0.2,-3.49923583,1.26933634
0.3,-16.01802375,0.08671344
0.4,-58.39418693,0.65535741
0.5,-53.8564813,1.05284505
0.6,24.35754888,0.14070405
0.7,-50.18804261,0.38482967
0.8,55.18515934,1.2504881
0.9,-65.43663779,0.44304844
1.0,44.03721159,1.10568067
1.1,73.79038044,0.33165054
1.14141667,28.76066382,1.91057616
