segment,pitch,stretch
0.0,66.25159817,0.77450666
0.1,47.28875238,1.50399144
0.2,14.01549539,0.48639635
0.3,-62.14371767,1.98465252
0.4,-76.73625879,0.53703396
0.5,-32.68632247,1.91033133
0.6,0.74925726,0.37647001
0.7,-34.36190884,0.75454249
0.8,-35.49297104,0.37140864
0.9,-27.79992326,0.77901808
1.0,55.68399656,1.25763863
1.1,-66.66640437,1.7307387
1.14141667,96.7981211,0.46038543
