segment,pitch,stretch
0.0,5.31497869,0.05163285
0.1,-26.8625117,1.69751723
0.2,58.97663957,1.0154946
0.3,51.69210178,0.2245849
0.4,81.05661537,0.62964931
0.5,65.07233235,1.32161931
0.6,76.62421962,1.5556039
0.7,59.88439987,1.39639667
0.8,11.60739883,1.45125742
0.9,-31.04604082,0.73211906
1.0,4.7112785,1.04041435
1.1,82.50060059,1.11274362
1.14141667,-13.18326267,0.74288089
