segment,pitch,stretch
0.0,-74.48272892,0.05604521
0.1,-3.325332,0.3442437
0.2,44.03556359,0.52317916
0.3,-90.00855988,1.52290836
0.4,95.4115093,0.47551036
0.5,48.47873323,0.56031323
0.6,7.86523273,0.63842577
0.7,78.21260838,1.48152306
0.8,66.91391565,0.38501329
0.9,21.69873169,0.68635955
1.0,-58.03775714,1.77227289
1.1,99.81207273,0.24826514
1.14141667,-30.83024602,1.76047341
