segment,pitch,stretch
0.0,21.13117741,1.19375936
0.1,37.65514383,1.40646894
0.2,77.47900611,0.04935251
0.3,23.67401502,1.0742513
0.4,25.04537318,1.62827347
0.5,-67.87681092,1.21583267
0.6,-20.64301187,0.70254993
0.7,-7.95663064,1.52033335
0.8,76.77399723,0.43483752
0.9,-71.01793875,1.04373837
1.0,-2.24558783,0.6539037
1.1,-93.03998857,0.22502356
1.14141667,65.30869521,1.53054572
