segment,pitch,stretch
0.0,-26.15191158,1.67620181
0.1,-23.77044674,1.88114871
0.2,-56.77087027,0.68107866
0.3,-26.6634209,0.59955882
0.4,23.2517825,0.4124721
0.5,20.15285172,1.3172903
0.6,0.51630832,1.36089333
0.7,-35.81236966,1.34128956
0.8,-27.3865171,0.731606
0.9,-29.8816425,1.0339416
1.0,-1.08914565,1.74012393
1.1,-56.55903373,0.35910853
1.14141667,-69.29632341,1.05627167
