segment,pitch,stretch
0.0,-52.31869124,1.63379894
0.1,-25.23577265,0.38535148
0.2,-60.75977445,1.4410786
0.3,-3.59619095,0.29355574
0.4,-51.44020573,1.40834543
0.5,-56.50890025,1.57997293
0.6,-33.258937,0.14193207
0.7,60.17412763,1.60873566
0.8,-83.80517284,1.9133151
0.9,51.66221663,1.29537879
1.0,-48.90750727,1.20151545
1.1,-44.74068411,0.64392762
1.14141667,69.22661346,1.24366186
