segment,pitch,stretch
0.0,-74.21506938,1.57035706
0.1,45.43383025,1.13989377
0.2,1.12815535,1.20975959
0.3,43.90579244,1.4621483
0.4,-44.65185704,1.80543681
0.5,-30.05431109,0.94375912
0.6,3.76580736,0.61619731
0.7,14.97201551,0.58171647
0.8,-73.99463239,0.30670665
0.9,52.14411397,1.23149127
1.0,-35.13239516,0.14479137
1.1,-15.67196842,0.69176192
1.14141667,-23.74164462,1.69964256
