segment,pitch,stretch
0.0,-53.65501636,0.39280002
0.1,-57.87906463,1.10814523
0.2,-0.82566028,1.51148642
0.3,-77.31457628,1.64295454
0.4,-35.09433893,0.27420827
0.5,-15.70401626,0.92339785
0.6,-38.79526926,1.61669488
0.7,67.92736975,0.84098062
0.8,36.51373284,0.94117021
0.9,-45.40608101,1.18438584
1.0,98.20599699,0.46277716
1.1,-73.08267469,1.11077822
1.14141667,90.55001698,0.9464581
