segment,pitch,stretch
0.0,-0.47588945,1.85209882
0.1,10.67007681,1.76660836
0.2,-27.34636739,1.00622522
0.3,-61.02498148,1.42874672
0.4,-62.67595425,1.80711506
0.5,-59.75932167,0.94314473
0.6,-6.57202028,1.48862275
0.7,5.51300474,0.87148671
0.8,22.43302726,1.61328838
0.9,47.1307929,1.8619471
1.0,51.79055982,0.99206386
1.1,-6.90632718,1.43730219
1.14141667,-4.64238818,1.46487779
