segment,pitch,stretch
0.0,78.88220732,0.57815616
0.1,-3.22217582,1.18097533
0.2,31.59313942,0.53220918
0.3,-87.34103223,0.09451103
0.4,26.56163826,1.66363874
0.5,-64.307528,0.16302061
0.6,85.8718617,0.92582254
0.7,60.41522049,1.59975108
0.8,-50.06881787,0.43386097
0.9,82.85214722,1.25868971
1.0,-75.67548959,0.54585511
1.1,30.15245277,1.6315762
1.14141667,-12.395703,1.60331722
