segment,pitch,stretch
0.0,-67.57072599,0.37904843
0.1,84.43540763,0.12399617
0.2,85.85677823,0.94810797
0.3,-51.1358312,0.32864625
0.4,1.86504598,1.19097279
0.5,-60.64566772,1.05097031
0.6,99.34914542,0.36311382
0.7,7.44874037,0.61278289
0.8,-82.24182328,1.20299316
0.9,24.56172418,1.09809905
1.0,8.87987036,1.68130662
1.1,12.90602373,0.87422743
1.14141667,72.88869787,1.98915228
