segment,pitch,stretch
0.0,-97.30934459,0.68826213
0.1,-35.19724747,0.18573935
0.2,-21.51950238,0.87968151
0.3,-52.55201926,1.42391909
0.4,62.39918701,1.43099487
0.5,37.22710343,1.13641153
0.6,37.61564457,0.01922596
0.7,-58.93821482,1.86928285
0.8,91.17894054,0.97464305
0.9,-46.6625886,1.3387681
1.0,-13.36336259,0.7264955
1.1,-2.63692555,1.20739743
1.14141667,-49.79155462,0.86539132
