segment,pitch,stretch
0.0,25.72367309,0.83672034
0.1,-90.22264513,1.17700555
0.2,-41.00446139,0.86031616
0.3,-5.68850956,1.31884624
0.4,73.58502836,0.50096962
0.5,-21.93392185,1.67954592
0.6,22.10254243,1.67101568
0.7,-79.6738306,0.19873264
0.8,-14.71861733,1.68323733
0.9,-0.72546407,0.50457607
1.0,14.32622757,1.32157054
1.1,-17.22514553,0.77895262
1.14141667,91.12485479,0.13067195
