segment,pitch,stretch
0.0,-60.01930183,0.43224252
0.1,20.30972586,0.07832547
0.2,67.38310892,1.91786387
0.3,-95.50489651,0.91072931
0.4,-2.12670272,1.344361
0.5,-51.50884311,1.10988815
0.6,75.39740949,1.25269149
0.7,-12.50950669,1.78944925
0.8,48.91718695,0.28624108
0.9,-19.59697026,1.1001374
1.0,-32.7166779,0.63979411
1.1,55.31271575,0.40558529
1.14141667,43.70519529,1.36778215
