segment,pitch,stretch
0.0,4.70184188,1.04621454
0.1,-11.95880563,1.88376194
0.2,53.61985122,0.0064492
0.3,-85.38293737,1.74804206
0.4,81.03787429,1.15618938
0.5,60.88142029,0.18145745
0.6,51.15998741,0.89151946
0.7,2.81982788,0.09457117
0.8,-20.49721325,1.37408158
0.9,53.84768168,0.40754462
1.0,98.5663088,0.43615901
1.1,-49.53483504,0.56531873
1.14141667,-65.90212965,0.12479989
