segment,pitch,stretch
0.0,49.50399578,0.74314755
0.1,91.01625148,1.29965046
0.2,37.22706597,1.02528642
0.3,-34.04573315,0.77586495
0.4,55.19747574,1.77200205
0.5,-84.17398085,1.902392
0.6,72.99555996,1.76361586
0.7,-98.9210051,1.61809451
0.8,87.44908066,0.34376188
0.9,-13.3448565,1.38670574
1.0,20.99325898,0.74522787
1.1,-14.05251357,0.94098596
1.14141667,35.03237465,1.35216649
