segment,pitch,stretch
0.0,69.30449707,0.68235651
0.1,28.8122594,0.49968612
0.2,79.52564985,0.10826386
0.3,23.03240233,1.87669154
0.4,-48.5690178,1.01808413
0.5,61.96316276,1.08622218
0.6,-40.84069724,0.31784093
0.7,-21.82800046,0.771822
0.8,-77.10722565,0.59210928
0.9,18.67755044,0.28258662
1.0,0.10322115,0.93032185
1.1,38.28305127,0.32298369
1.14141667,17.56298431,1.36564277
