segment,pitch,stretch
0.0,70.39281279,1.11868874
0.1,-62.4365066,1.7831523
0.2,74.18889281,0.37694606
0.3,6.08253947,0.30173154
0.4,14.94897536,1.08259473
0.5,-45.91689169,0.83879107
0.6,51.00614237,0.64036349
0.7,-68.53703239,1.67880376
0.8,93.58528924,1.29419858
0.9,51.46046525,0.63702013
1.0,-77.58470521,0.88742502
1.1,-72.45732105,0.08384723
1.14141667,-40.05577785,0.80959776
