segment,pitch,stretch
0.0,50.01523935,1.1541721
0.1,-64.67579772,0.28032856
0.2,-31.43801134,1.90137308
0.3,-70.56869523,1.26174236
0.4,-87.96841964,0.63644888
0.5,-12.32804872,0.61660593
0.6,-23.90580861,0.89624074
0.7,-54.03461687,1.9990991
0.8,36.58781124,1.26440243
0.9,28.20274702,1.71390082
1.0,41.29082623,0.56419686
1.1,49.67522961,1.08390151
1.14141667,-27.29354581,0.77008497
