segment,pitch,stretch
0.0,-53.52918166,1.09156225
0.1,27.70688204,1.43297377
0.2,69.01000841,0.49398039
0.3,-45.54391613,0.06798676
0.4,33.52384078,0.46773915
0.5,17.91078554,0.5934464
0.6,45.93563694,0.09815692
0.7,-13.10288858,1.9688821
0.8,-25.64022912,1.78538783
0.9,-75.06755685,0.971708
1.0,-83.28184553,0.69398497
1.1,81.16413935,0.89234936
1.14141667,-23.22330966,1.70612445
