segment,pitch,stretch
0.0,50.77342544,0.93550892
0.1,-97.70321946,0.64505388
0.2,-1.18541723,0.94585453
0.3,-45.09950091,0.69723049
0.4,-69.59494908,0.77036715
0.5,86.27470407,0.28013797
0.6,-28.73893601,1.05013391
0.7,-52.09259609,1.91965154
0.8,36.31844789,0.72883716
0.9,-73.2210636,0.81903439
1.0,90.73733334,0.23587725
1.1,58.21757398,1.52886581
1.14141667,56.00262149,1.3743652
