segment,pitch,stretch
0.0,24.97229927,0.29650111
0.1,9.55755976,1.7574547
0.2,-36.73982377,1.09391109
0.3,16.36164394,0.1335892
0.4,18.89549827,1.43122832
0.5,29.58178959,1.80794112
0.6,67.00984201,1.50463968
0.7,69.33436498,1.3294998
0.8,-68.5567505,1.58149329
0.9,-82.82111497,1.17041831
1.0,-19.3056594,0.93306192
1.1,46.67656137,0.84227441
1.14141667,-49.01815879,1.06379674
