segment,pitch,stretch
0.0,2.91786926,0.93245286
0.1,23.30029005,0.22329417
0.2,28.01552046,0.96994087
0.3,-51.40874307,0.86608645
0.4,-99.21557126,1.27002085
0.5,19.84118939,0.69713375
0.6,-65.99225766,1.27865319
0.7,40.39751922,0.4711572
0.8,74.789965,1.04688334
0.9,-43.83163503,1.42282614
1.0,57.49015739,0.52926459
1.1,25.73775256,0.76349625
1.14141667,-31.20389674,0.16787847
