segment,pitch,stretch
0.0,29.09235338,0.68387868
0.1,61.36228021,0.41187782
0.2,10.6031568,0.00341507
0.3,56.69704228,1.41549819
0.4,27.32467936,1.88841919
0.5,-48.62858271,0.8974375
0.6,-3.68134428,1.39682713
0.7,-64.08054683,1.82228558
0.8,-70.8412554,1.0908324
0.9,62.36119478,1.21742769
1.0,-44.29367688,1.23238319
1.1,-5.43460081,0.68481682
1.14141667,43.03867708,1.9656601
