segment,pitch,stretch
0.0,-37.75432052,1.2769056
0.1,-41.54397479,0.48875509
0.2,88.65301906,0.27666548
0.3,-58.34566528,0.43345867
0.4,32.2915787,0.98164386
0.5,-42.74882162,1.03792846
0.6,-70.03367552,0.41234579
0.7,-13.67330676,0.09529836
0.8,-64.68428425,1.4613373
0.9,-46.32803613,1.1830112
1.0,-60.50547671,1.12513934
1.1,74.16907005,1.39691571
1.14141667,-0.39288766,0.99758243
