segment,pitch,stretch
0.0,10.06964707,1.17340434
0.1,72.3514197,1.36922426
0.2,-78.73472109,0.77161299
0.3,-40.67674689,1.34525353
0.4,-17.02344132,0.7584047
0.5,-95.32428519,0.4736501
0.6,70.62566531,0.80990329
0.7,26.98173134,0.73249988
0.8,-17.49912211,0.54315522
0.9,-24.96981158,0.1746071
1.0,73.4310681,0.90375101
1.1,-31.18993398,1.67173749
1.14141667,11.94019487,0.91185421
