segment,pitch,stretch
0.0,52.54147999,0.93325917
0.1,-34.80076399,1.09362596
0.2,-60.83755875,0.48727308
0.3,-65.01212878,0.00395146
0.4,13.01315272,0.5790212
0.5,-34.10316227,0.49917348
0.6,19.83997407,0.91219053
0.7,54.70956781,0.51258571
0.8,73.16282267,1.36837206
0.9,86.27533908,1.46633967
1.0,-4.69139147,0.46786351
1.1,4.7864382,1.33976917
1.14141667,-72.38058155,1.00243629
