segment,pitch,stretch
0.0,14.8644182,0.74415715
0.1,-7.483668,0.55500456
0.2,-83.60221028,1.6557028
0.3,-35.90165376,1.12101174
0.4,88.10278494,0.1765859
0.5,-99.58307262,1.5746524
0.6,-38.42476237,0.49482731
0.7,-6.87639591,0.45509974
0.8,-44.17721964,0.28182222
0.9,56.25120406,1.54827803
1.0,14.79565294,1.58335766
1.1,-5.40433378,0.88938806
1.14141667,27.01805303,1.25409387
