segment,pitch,stretch
0.0,20.36137567,1.69975886
0.1,-60.33746522,1.26867411
0.2,5.99231257,1.18100414
0.3,-36.52776351,0.01673519
0.4,-35.132175,0.32582412
0.5,-92.90011583,1.37385836
0.6,25.07982142,1.12187003
0.7,68.5675729,1.16788277
0.8,44.30497553,0.06503182
0.9,57.9688208,1.93558319
1.0,-46.18143755,0.57803806
1.1,9.49457581,1.95933902
1.14141667,2.50045969,0.75547905
