segment,pitch,stretch
0.0,25.9419935,1.43954963
0.1,19.59452003,0.61151064
0.2,-39.12260287,0.89212855
0.3,-85.67221141,0.98387134
0.4,-28.01674862,1.06583998
0.5,49.19367454,1.00296789
0.6,-21.07303116,1.40155458
0.7,-10.99512979,0.93788551
0.8,-63.30131829,1.6594551
0.9,27.287684,1.13621815
1.0,-89.06945159,0.80909321
1.1,93.54728433,1.67975458
1.14141667,2.79573973,1.20769065
