segment,pitch,stretch
0.0,34.34393454,0.65827859
0.1,-63.53295293,1.01876424
0.2,-4.69144577,1.74985157
0.3,13.65274473,1.48331678
0.4,-95.66541298,1.45004524
0.5,-51.81393767,1.66956646
0.6,-36.12088319,1.83026395
0.7,39.59921862,0.38816985
0.8,-30.54313126,1.42906988
0.9,-38.68998927,1.22678382
1.0,-48.22437321,0.66043621
1.1,-19.71994639,0.18129374
1.14141667,-13.36825221,1.04989176
