segment,pitch,stretch
0.0,-35.22249623,0.53434723
0.1,92.91804811,1.6832489
0.2,14.59888727,0.18828374
0.3,-68.19590077,1.37837483
0.4,52.21316696,1.79475925
0.5,14.92193752,1.60751943
0.6,-2.54989891,1.27401164
0.7,-61.75801356,1.12679718
0.8,-64.3663367,0.78491819
0.9,-54.016617,0.78342671
1.0,23.77391071,0.50591009
1.1,16.13387818,1.89137454
1.14141667,16.53892652,1.34464609
