segment,pitch,stretch
0.0,98.15991123,1.30522462
0.1,11.6902204,0.11826705
0.2,-50.36068182,1.73674617
0.3,14.56735136,0.76793457
0.4,-96.96803155,1.00788736
0.5,-52.57055687,0.43906209
0.6,36.87245394,0.97475649
0.7,-80.2856303,0.53787128
0.8,18.16147615,0.01352063
0.9,20.52226042,0.18550839
1.0,64.78868565,1.47516497
1.1,47.34660256,1.94234358
1.14141667,97.18382521,1.62540564
