segment,pitch,stretch
0.0,22.19465048,0.67419904
0.1,23.964481,1.58262399
0.2,-20.78401632,1.30108669
0.3,-42.88976611,1.6401937
0.4,-14.55295397,1.79809459
0.5,-35.12687869,1.10487247
0.6,-97.73060339,1.45372595
0.7,3.95473766,0.61161136
0.8,78.03718234,0.17526252
0.9,-10.33119837,1.7787348
1.0,83.18845617,1.55366011
1.1,83.83218314,1.79647341
1.14141667,-82.60655124,0.62892068
