segment,pitch,stretch
0.0,34.29012756,1.73708892
0.1,-35.48435174,1.26172634
0.2,-50.59229414,1.08413964
0.3,39.90001516,0.15090374
0.4,88.92181701,1.16341938
0.5,-72.87547056,0.75677187
0.6,-42.92546752,1.3104823
0.7,-26.49502583,0.21102579
0.8,-61.94486174,0.35280682
0.9,-97.88892453,0.79925635
1.0,9.51760158,0.71049545
1.1,56.53420341,0.08224149
1.14141667,-75.83910057,1.68511416
