segment,pitch,stretch
0.0,4.56173303,1.83143027
0.1,74.73557227,0.95964929
0.2,-92.29583716,0.89840441
0.3,82.3773938,1.91185951
0.4,-50.62808554,0.53797914
0.5,-35.38506933,1.77700648
0.6,-76.21602708,0.80918408
0.7,13.4081517,0.77945945
0.8,60.02628181,0.91359537
0.9,-69.7779934,0.85324143
1.0,26.70700763,0.01420072
1.1,2.15265125,1.17171594
1.14141667,12.24183069,0.79271144
