segment,pitch,stretch
0.0,68.41479291,0.92661768
0.1,-31.57074258,1.34654012
0.2,54.18509107,1.48916953
0.3,-27.61159617,1.1176716
0.4,9.88541267,0.7045852
0.5,-66.17038178,1.36995745
0.6,16.79110143,1.75041761
0.7,-71.29172846,1.65540967
0.8,-78.6433042,0.08362863
0.9,65.673143,1.74250385
1.0,-39.65305515,1.28772167
1.1,60.42476441,1.44177421
1.14141667,30.88064967,0.77305231
