segment,pitch,stretch
0.0,51.12321039,1.83707991
0.1,25.63642893,0.35732668
0.2,51.41042146,0.46346134
0.3,41.43142455,1.31922243
0.4,67.26871967,0.70844164
0.5,28.986247,0.91765005
0.6,-50.80665467,0.03872645
0.7,47.93412809,0.81186732
0.8,79.27569203,1.77854118
0.9,-10.679964,1.70627077
1.0,-80.98397082,0.07811215
1.1,62.80866113,1.71393006
1.14141667,40.63542143,0.14370024
