segment,pitch,stretch
0.0,40.8685805,0.12762298
0.1,-18.25010816,0.46117381
0.2,21.38431057,0.51489794
0.3,95.9205375,0.84411481
0.4,38.32089871,0.32765242
0.5,-21.23529277,0.79138261
0.6,77.91728969,0.47375235
0.7,80.74208796,0.7422914
0.8,7.4329056,0.34355832
0.9,43.55624299,0.04625658
1.0,-3.0789023,1.28889799
1.1,53.49310135,1.94514932
1.14141667,20.73152809,0.29763753
