segment,pitch,stretch
0.0,37.22701874,1.03683817
0.1,6.71940744,0.57203008
0.2,-18.76940089,1.6622525
0.3,36.26227666,1.67203833
0.4,-34.88396823,1.66876048
0.5,-78.53695723,0.19149526
0.6,-4.58841963,0.70565578
0.7,-63.43254299,0.92778185
0.8,55.19266091,0.47828598
0.9,-6.46020219,1.45333572
1.0,-92.09359713,1.48240536
1.1,9.31587121,0.47596337
1.14141667,61.51426033,0.46645483
