segment,pitch,stretch
0.0,-39.99340478,0.51561269
0.1,11.63414549,1.02814661
0.2,-36.35828588,0.59773473
0.3,-98.69172467,0.28838803
0.4,45.8146994,0.36122414
0.5,-81.34234862,0.73128969
0.6,76.85689755,0.79641924
0.7,30.77762716,1.01273186
0.8,69.05359103,0.26915511
0.9,-46.7773051,0.61564868
1.0,-87.86133128,0.74101429
1.1,49.92457354,1.64291894
1.14141667,-23.83679331,1.52790896
