segment,pitch,stretch
0.0,46.89556159,0.29399544
0.1,34.84157086,0.8085959
0.2,-5.99436987,0.81069066
0.3,83.69635426,1.13289491
0.4,-63.55400127,1.17562212
0.5,94.75736977,1.6912586
0.6,33.44383513,0.6575295
0.7,-64.752873,1.99122277
0.8,-13.38304277,1.86243712
0.9,91.14611925,1.41038884
1.0,-15.15786063,1.92154206
1.1,-68.56936852,1.56583555
1.14141667,-19.49470129,1.18921176
