segment,pitch,stretch
0.0,-4.68409904,0.50111007
0.1,92.04498692,0.71418188
0.2,-44.49648935,0.59401089
0.3,-75.43377809,0.36894157
0.4,74.21031159,0.69735176
0.5,82.33352028,1.86260375
0.6,25.57380445,1.54858718
0.7,9.35296428,0.87766933
0.8,-35.37334119,0.72659536
0.9,-52.02183066,1.54577494
1.0,27.99769187,1.34753048
1.1,40.81040353,1.91715422
1.14141667,-67.62257988,1.93921971
