segment,pitch,stretch
0.0,90.87559603,1.31380593
0.1,-31.50555988,0.3112117
0.2,16.26612274,1.21831042
0.3,13.45581331,1.42179216
0.4,42.54624351,0.91524639
0.5,-41.09672991,0.09030598
0.6,-9.99308677,1.61752646
0.7,-86.14231224,1.29252527
0.8,-55.70451473,1.50457459
0.9,-54.94693119,1.45678409
1.0,3.17361449,0.72155144
1.1,10.38339878,1.81729999
1.14141667,63.42143348,0.54572478
