segment,pitch,stretch
0.0,13.88157175,0.60053573
0.1,2.23867218,1.35819194
0.2,-40.7386732,0.02818672
0.3,6.10244728,1.13378846
0.4,32.8477373,1.04896096
0.5,-60.22275726,1.31947449
0.6,-73.78584082,0.64719086
0.7,-39.23060497,1.73705065
0.8,13.36329351,1.2092819
0.9,16.41932854,0.87930659
1.0,44.79400967,1.38260782
1.1,34.65582677,1.24528476
1.14141667,28.28906565,1.87043564
