segment,pitch,stretch
0.0,78.04866769,1.87984927
0.1,-67.75164997,0.01831656
0.2,44.60844785,0.73268828
0.3,-56.07838497,1.50191554
0.4,-46.47786092,0.28985561
0.5,-65.17646139,0.41187197
0.6,45.23839845,0.10062474
0.7,94.47627073,1.54463893
0.8,46.03003331,0.02982808
0.9,-84.83671843,1.25721957
1.0,57.9859844,1.4544164
1.1,57.27316607,0.60561771
1.14141667,-99.40468877,1.0266889
