segment,pitch,stretch
0.0,-72.19964684,1.42839019
0.1,-99.87964111,0.90909804
0.2,-63.34716388,1.91941339
0.3,17.36444534,0.95945943
0.4,-25.72550577,1.81046134
0.5,-48.00577525,1.06825926
0.6,13.9947126,1.93650413
0.7,86.77654288,0.88286461
0.8,16.82909399,1.93073187
0.9,68.75229929,1.69789271
1.0,21.5230244,0.43652705
1.1,-9.12599625,0.45419227
1.14141667,8.60281387,1.80203488
