segment,pitch,stretch
0.0,-91.71642023,0.17583363
0.1,76.60374466,1.80297447
0.2,-79.20287469,0.03779617
0.3,-93.80806914,0.62702853
0.4,30.74870714,1.94363581
0.5,-44.65493672,0.80705141
0.6,-17.93028223,1.06056317
0.7,66.50862207,0.16633528
0.8,-46.72060919,1.76936946
0.9,26.44083851,0.44742287
1.0,-38.70123146,1.71685996
1.1,-0.14852688,1.04972879
1.14141667,76.49421083,1.48972813
