segment,pitch,stretch
0.0,-59.18192022,1.45916036
0.1,-27.92655099,1.48383107
0.2,-5.73022688,1.25689949
0.3,68.45966422,1.56218682
0.4,-37.23530529,0.00736189
0.5,-77.25496344,0.83394895
0.6,54.9841058,0.9452294
0.7,51.16492363,0.27979743
0.8,91.66668886,1.94616702
0.9,-74.79679848,1.12844722
1.0,-52.80636313,0.91078071
1.1,-7.64221064,1.05806406
1.14141667,79.03906119,0.62563609
