segment,pitch,stretch
0.0,-78.56555908,0.90729918
0.1,3.86041837,0.71019549
0.2,-2.64217337,0.28903197
0.3,52.88187811,1.38317917
0.4,-41.11373851,0.12273644
0.5,37.34234886,0.32232992
0.6,1.87671838,1.10217766
0.7,-2.94376017,1.47755132
0.8,65.99491653,1.30728206
0.9,-5.37866617,1.95965677
1.0,10.37715511,1.80733165
1.1,-59.59646827,0.82276249
1.14141667,12.97875442,0.82116455
