segment,pitch,stretch
0.0,35.12158591,1.63803033
0.1,4.09145181,0.91441893
0.2,-79.3353891,1.53056324
0.25666667,-59.5865152,1.20408751
