segment,pitch,stretch
0.0,-26.84796804,0.38564107
0.1,90.50092835,0.07645681
0.2,-42.32642697,0.18898029
0.25666667,-6.05454316,0.88659006
