segment,pitch,stretch
0.0,-10.47620341,0.56181474
0.1,-9.05898311,1.62172025
0.2,-40.12378042,1.31687422
0.25666667,9.74664574,0.40962586
