segment,pitch,stretch
0.0,-9.72159443,1.08583672
0.1,-11.38125641,0.99463139
0.2,-15.93762726,1.46206623
0.25666667,-19.962769,1.59629023
