segment,pitch,stretch
0.0,70.02211451,0.23520638
0.1,69.24362731,0.40856699
0.2,73.007848,1.59962624
0.25666667,83.15376715,0.8906701
