segment,pitch,stretch
0.0,48.36861498,1.86119552
0.1,-2.94347193,0.96576449
0.2,-52.00472355,1.69315982
0.25666667,-36.80137507,0.52689434
