segment,pitch,stretch
0.0,75.74191185,0.24775687
0.1,-78.40057178,0.61634124
0.2,-12.36406326,1.57309013
0.25666667,-26.5706303,0.56284004
