segment,pitch,stretch
0.0,-7.31529778,1.19205775
0.1,-99.41756076,1.8519083
0.2,9.72781791,0.75121465
0.25666667,12.92966386,0.73809803
