segment,pitch,stretch
0.0,-1.23949724,0.32203143
0.1,97.8493481,0.76081704
0.2,-69.4259963,1.30995173
0.25666667,68.50854418,1.49369116
