segment,pitch,stretch
0.0,-65.51042118,0.47900721
0.1,15.6710232,1.08471332
0.2,-16.59501764,0.49268798
0.25666667,49.75287867,1.54023863
