segment,pitch,stretch
0.0,-80.93311261,0.79978414
0.1,7.33604761,0.87655026
0.2,53.45287064,1.02362607
0.25666667,-26.77526802,1.25354946
