segment,pitch,stretch
0.0,-93.35692854,1.28523942
0.1,98.43225428,0.26610399
0.2,-65.0946996,0.08304138
0.25666667,62.51553639,1.47830697
