segment,pitch,stretch
0.0,63.69489547,0.79356863
0.1,60.76449486,1.37507237
0.2,-58.82123998,1.06369674
0.25666667,43.46614377,1.64660946
