segment,pitch,stretch
0.0,94.47877999,1.14166801
0.1,-35.64680956,0.96477388
0.2,-6.49582042,1.30348701
0.25666667,88.58272088,1.4092971
