segment,pitch,stretch
0.0,-3.12485416,1.03174297
0.1,-57.65062989,0.08357112
0.2,-16.00980978,0.04422576
0.25666667,99.38372731,1.3735066
