segment,pitch,stretch
0.0,-31.9650703,1.45983082
0.1,78.95364823,0.40013818
0.2,-0.5294376,0.96374115
0.25666667,-36.78296127,1.20732856
