segment,pitch,stretch
0.0,45.30317447,1.53591398
0.1,37.35504147,1.00413053
0.2,-7.74982346,1.59140772
0.25666667,-75.22654498,0.76456646
