segment,pitch,stretch
0.0,-11.14407327,1.55151156
0.1,-20.38505303,0.49285085
0.2,21.27154916,0.56092788
0.25666667,-29.54267832,1.54424804
