segment,pitch,stretch
0.0,49.87761594,0.27922365
0.1,-83.77774399,1.89432374
0.2,58.69904626,0.22934206
0.25666667,-57.68721695,0.35615934
