segment,pitch,stretch
0.0,81.54997922,0.65130664
0.1,-25.83506989,0.18523019
0.2,-50.62902687,1.20696076
0.25666667,-69.1271608,0.57946161
