segment,pitch,stretch
0.0,-73.24347689,0.39190156
0.1,14.85977478,1.18064228
0.2,-45.72901481,1.4654249
0.25666667,-78.69015161,0.6030906
