segment,pitch,stretch
0.0,-34.97252921,0.97835832
0.1,-72.63984802,0.99245682
0.2,-17.99574982,1.64333977
0.25666667,97.045673,1.63101446
