segment,pitch,stretch
0.0,51.46520294,0.36120202
0.1,86.78866558,0.00996795
0.2,-10.27725715,1.05940341
0.25666667,9.68065634,1.37923943
