segment,pitch,stretch
0.0,1.48089244,0.83142925
0.1,19.03426996,1.65727988
0.2,-28.07832236,1.36487064
0.25666667,33.25369521,0.18463038
