segment,pitch,stretch
0.0,-65.51142402,1.38110817
0.1,67.74002461,1.74639645
0.2,-44.34086757,0.59251892
0.25666667,26.46822732,0.96604097
