segment,pitch,stretch
0.0,-31.32443984,0.10443369
0.1,2.91896775,0.0162425
0.2,73.75563113,0.96029425
0.25666667,61.27629387,1.26482275
