segment,pitch,stretch
0.0,-20.33448842,1.15404666
0.1,-4.78685128,0.60063951
0.2,-11.93718074,0.7481002
0.25666667,-89.16955282,0.88090291
