segment,pitch,stretch
0.0,-79.59355323,1.69180454
0.1,-86.9945706,1.08047967
0.2,81.38410409,1.92177075
0.25666667,-11.31628481,1.93759104
