segment,pitch,stretch
0.0,-11.6612147,0.49328208
0.1,96.56624365,1.84762861
0.2,69.39294216,1.1434724
0.25666667,-30.30775932,1.13333186
