segment,pitch,stretch
0.0,-42.00575778,0.81351681
0.1,-35.26826913,1.62056968
0.2,-18.10946272,1.68465097
0.25666667,-2.55322937,1.07803679
