segment,pitch,stretch
0.0,-58.15289928,0.63115023
0.1,30.86987971,0.12868397
0.2,96.84221096,0.73139592
0.25666667,69.41225319,1.17738103
