segment,pitch,stretch
0.0,75.01862194,1.26930687
0.1,-83.8502905,1.47688931
0.2,63.63621512,1.339502
0.25666667,-22.5018405,0.76786237
