segment,pitch,stretch
0.0,-6.16556676,1.54939137
0.1,-32.48345992,0.45028205
0.2,-28.28033803,0.55227402
0.25666667,48.73445236,0.7790443
