segment,pitch,stretch
0.0,-64.45291012,0.77997639
0.1,51.16318907,0.05317495
0.2,51.97117103,0.19638347
0.25666667,78.82524423,1.64847488
