segment,pitch,stretch
0.0,34.1047988,1.29957539
0.1,-45.42737183,0.81809843
0.2,-32.96226792,1.39938296
0.25666667,51.87575508,1.33634107
