segment,pitch,stretch
0.0,-50.57249908,1.7558536
0.1,-0.96259157,0.42717605
0.2,56.28626554,1.32943016
0.25666667,46.89576118,0.4771217
