segment,pitch,stretch
0.0,71.14052921,0.14678418
0.1,32.6622244,0.81024714
0.2,96.1292121,1.14392668
0.25666667,65.79523532,1.62437335
