segment,pitch,stretch
0.0,-93.60375949,1.5756198
0.1,-58.1861341,0.16904688
0.2,21.81225572,0.76612631
0.25666667,-92.64730678,0.1809539
