segment,pitch,stretch
0.0,27.21382842,1.35032716
0.1,-8.96687562,1.41041806
0.2,47.01768167,0.47669103
0.25666667,98.93956807,1.26265942
