segment,pitch,stretch
0.0,43.6749768,0.88309836
0.1,44.80331973,0.15383342
0.2,80.34685553,0.11279804
0.25666667,-77.70594339,1.88524282
