segment,pitch,stretch
0.0,64.79843522,1.40647024
0.1,34.55507538,1.25726542
0.2,88.9191899,0.22445964
0.25666667,20.7211509,0.73474601
