segment,pitch,stretch
0.0,21.15897581,1.3244225
0.1,-84.51795283,0.68750265
0.2,72.20878309,0.56084624
0.25666667,-28.14016055,0.45412894
