segment,pitch,stretch
0.0,-22.12019493,0.33541309
0.1,4.49416446,0.60665876
0.2,95.81757258,0.65040298
0.25666667,37.17912971,0.93901734
