segment,pitch,stretch
0.0,40.06296083,1.11554245
0.1,-25.7595798,1.21579497
0.2,45.79306888,1.32867101
0.25666667,27.44668145,0.7142841
