segment,pitch,stretch
0.0,98.47808426,1.66300853
0.1,98.7741611,0.58876545
0.2,-51.76092723,0.47940067
0.25666667,53.55118827,0.48942216
