segment,pitch,stretch
0.0,-23.09315354,0.81757602
0.1,-46.9361669,0.98193048
0.2,-8.58781729,1.53786831
0.25666667,56.68271074,0.84600103
