segment,pitch,stretch
0.0,-4.85614904,0.67500586
0.1,-36.95221558,0.10692408
0.2,-16.65007611,1.27299782
0.25666667,57.44018977,0.9780754
