segment,pitch,stretch
0.0,54.3984601,1.52634336
0.1,63.13301153,0.52222794
0.2,42.02994149,1.32066154
0.25666667,-16.37363905,0.63957267
