segment,pitch,stretch
0.0,66.25011988,1.00096297
0.1,46.32034445,0.12322103
0.2,38.26264731,1.5814324
0.25666667,-42.53278778,0.06125751
