segment,pitch,stretch
0.0,-70.02335232,0.30263581
0.1,-61.25816472,1.77513966
0.2,38.21349803,0.48920434
0.25666667,27.10323863,1.97348905
