segment,pitch,stretch
0.0,-54.00258077,0.87889336
0.1,34.45486491,0.7692559
0.2,63.8215693,0.4253567
0.25666667,15.83931319,0.40649008
