segment,pitch,stretch
0.0,55.95469812,0.7326606
0.1,-96.48122085,0.77747938
0.2,-45.26115565,1.02132862
0.25666667,97.10583427,0.34109041
