segment,pitch,stretch
0.0,-18.56504594,1.70357669
0.1,17.87447177,1.95920141
0.2,57.20134839,1.7386973
0.25666667,64.73544538,0.56015389
