segment,pitch,stretch
0.0,36.61172137,1.1665973
0.1,1.16528437,0.29978092
0.2,91.5106094,1.30847922
0.25666667,23.38458366,1.1533172
