segment,pitch,stretch
0.0,-35.96007818,0.94126631
0.1,93.27546243,1.47253108
0.2,-82.54110259,1.71868685
0.25666667,1.86870901,0.93280664
