segment,pitch,stretch
0.0,77.68768834,0.69241663
0.1,-29.82643761,1.16068826
0.2,18.33689373,0.98486954
0.25666667,24.70133008,0.89191813
