segment,pitch,stretch
0.0,84.96144948,0.57918651
0.1,-4.96569357,1.20973004
0.2,9.38898655,0.40935242
0.25666667,-4.34292742,0.41859168
