segment,pitch,stretch
0.0,70.50155873,0.93659897
0.1,-40.99625843,1.14125333
0.2,6.68379951,1.25957194
0.25666667,-76.31698705,0.86761951
