segment,pitch,stretch
0.0,-74.25610099,1.28932343
0.1,-44.66143863,1.13980767
0.2,-39.26529042,1.487469
0.25666667,-84.95145566,0.37349724
