segment,pitch,stretch
0.0,52.63626805,0.9763228
0.1,57.50479679,1.59974154
0.2,-83.63706112,1.01502959
0.25666667,-1.92902825,0.93700507
