segment,pitch,stretch
0.0,-0.0923206,1.34654061
0.1,-62.03539144,1.69101872
0.2,9.48123132,1.27014765
0.25666667,-88.73464781,0.10640649
