segment,pitch,stretch
0.0,88.20971648,1.40468934
0.1,-47.21457526,0.07517377
0.2,-33.13299566,0.96987146
0.25666667,6.89149494,0.45515396
