segment,pitch,stretch
0.0,-2.54190785,0.75594209
0.1,-18.79561653,0.77713134
0.2,-63.16754008,0.0667883
0.25666667,-38.64547488,0.54855801
