segment,pitch,stretch
0.0,-13.98983301,1.71774812
0.1,-42.16987525,1.14165471
0.2,38.88383452,0.86838156
0.25666667,78.77057746,1.71181958
