segment,pitch,stretch
0.0,-21.93815625,0.80217517
0.1,68.35071967,1.13802751
0.2,-10.44332041,0.09203458
0.25666667,-49.43801065,0.18129022
