segment,pitch,stretch
0.0,61.58397479,1.02686065
0.1,44.64347815,1.42523068
0.2,-11.65199572,0.36377374
0.25666667,76.59463145,0.41836879
