segment,pitch,stretch
0.0,79.79090537,0.91211254
0.1,-16.04583445,0.43560368
0.2,31.94743211,0.92781712
0.25666667,81.27397215,0.62795331
