segment,pitch,stretch
0.0,-1.87091299,1.09232302
0.1,9.47785811,0.94787069
0.2,-62.34166138,1.22281972
0.25666667,43.2809025,1.77001535
