segment,pitch,stretch
0.0,43.72245453,1.14403907
0.1,-99.96065046,0.22103922
0.2,-79.74506532,0.12690813
0.25666667,3.19515671,1.47601923
