segment,pitch,stretch
0.0,-18.17175111,1.54231832
0.1,76.91542059,0.85273823
0.2,-44.02896165,1.08595521
0.25666667,-52.20678857,1.30612675
