segment,pitch,stretch
0.0,4.75004181,0.71611878
0.1,-26.31758413,1.28432707
0.2,5.97151275,0.58455266
0.25666667,-86.03507884,1.03676738
