segment,pitch,stretch
0.0,-0.39387326,0.47887204
0.1,1.52424656,1.22874683
0.2,34.63950895,0.97564384
0.25666667,-19.23986751,0.79252429
