segment,pitch,stretch
0.0,33.90344979,1.89496442
0.1,-75.47627702,0.79794333
0.2,49.7914685,1.70645199
0.25666667,43.41419086,1.41022612
