segment,pitch,stretch
0.0,6.84974499,1.45229952
0.1,61.60531042,0.56068962
0.2,34.70817747,0.98283966
0.25666667,-13.14208541,1.24311155
