segment,pitch,stretch
0.0,54.83693262,0.05508037
0.1,-44.5884084,0.46211883
0.2,-75.20982548,1.96075125
0.25666667,-57.69855476,0.5365247
