segment,pitch,stretch
0.0,-70.57406247,0.43346158
0.1,-50.28029143,1.6767429
0.2,-1.92788211,0.59100625
0.25666667,82.92590596,1.4727109
