segment,pitch,stretch
0.0,-28.99181256,1.60316931
0.1,-23.83365043,0.33831848
0.2,-51.88410218,1.05589654
0.25666667,-29.11212869,1.53017224
