segment,pitch,stretch
0.0,51.6664435,1.30171402
0.1,12.38327687,0.03929558
0.2,-89.35582175,1.38931331
0.25666667,25.37493155,0.74157834
