segment,pitch,stretch
0.0,93.33204992,0.23689023
0.1,-15.69856834,0.32059987
0.2,18.82527382,0.78497323
0.25666667,-49.17212055,0.28269646
