segment,pitch,stretch
0.0,35.32035933,0.75756688
0.1,-67.07725169,1.37771724
0.2,83.36951387,1.17860501
0.25666667,37.65048559,1.25500134
