segment,pitch,stretch
0.0,-56.07629317,1.19943116
0.1,-19.45500988,0.89458005
0.2,97.83653085,1.94180509
0.25666667,70.5600413,0.3273771
