segment,pitch,stretch
0.0,-5.4163583,1.55997732
0.1,-78.82020266,1.46538696
0.2,7.21605105,1.19887704
0.25666667,-41.55982592,1.01520467
