segment,pitch,stretch
0.0,-93.78872851,1.79390568
0.1,52.09991665,0.45516445
0.2,99.5217597,0.71943881
0.25666667,34.2913143,0.66600511
