segment,pitch,stretch
0.0,-64.23156272,0.64961321
0.1,-18.68430003,0.97192609
0.2,-74.67542291,0.40249154
0.25666667,29.36963449,0.8696964
