segment,pitch,stretch
0.0,-59.12708259,1.15236918
0.1,-84.15149344,1.24278656
0.2,-30.31197396,0.56738218
0.25666667,-23.11550189,0.65045955
