segment,pitch,stretch
0.0,8.05629124,0.15740805
0.1,-30.28403137,1.38994818
0.2,-73.3047666,0.58823714
0.25666667,49.81841991,0.54603307
