segment,pitch,stretch
0.0,-87.80939928,0.07100827
0.1,68.91902004,0.08308916
0.2,20.82551071,0.48942561
0.25666667,-10.41164891,0.67278955
