segment,pitch,stretch
0.0,-35.81772681,1.09204322
0.1,-81.24007344,1.04236488
0.2,-76.66667718,0.27370424
0.25666667,-12.73742482,0.41375192
