segment,pitch,stretch
0.0,-58.96674975,0.30578628
0.1,-95.33611412,0.57010607
0.2,-56.69004984,1.33615123
0.25666667,-50.97008283,1.59962144
