segment,pitch,stretch
0.0,-59.88543895,0.32878746
0.1,36.52277503,0.29204452
0.2,-76.47045714,0.65259503
0.25666667,-69.05057232,0.35645849
