segment,pitch,stretch
0.0,30.08897808,1.28002377
0.1,-42.00678694,0.31881796
0.2,47.99304417,0.271149
0.25666667,-21.59585354,1.06182133
