segment,pitch,stretch
0.0,13.96800705,0.2991113
0.1,5.87945336,0.00189684
0.2,15.35769187,0.99190584
0.25666667,-12.22278281,1.49955539
