segment,pitch,stretch
0.0,-34.51424568,1.48061101
0.1,78.41526515,1.11576013
0.2,-68.08036781,0.98465822
0.25666667,24.01405499,1.10721404
