segment,pitch,stretch
0.0,-84.90658582,1.45299565
0.1,42.34331668,1.58494494
0.2,-51.84568825,1.67187292
0.25666667,70.93496883,0.90000718
