segment,pitch,stretch
0.0,-70.39448934,1.64690622
0.1,53.65669982,0.19500459
0.2,-2.56135136,1.70333754
0.25666667,49.12124255,0.71175446
