segment,pitch,stretch
0.0,76.38960861,1.48422918
0.1,-14.4624089,0.31285067
0.2,97.56303867,0.71358588
0.25666667,-4.62103118,0.65318394
