segment,pitch,stretch
0.0,71.43385859,0.02011656
0.1,-31.05932013,1.43477753
0.2,7.51523711,0.06852206
0.25666667,-46.68412198,1.51807936
