segment,pitch,stretch
0.0,47.65214736,0.44378955
0.1,6.38608236,0.94107122
0.2,90.58649254,1.48470349
0.25666667,-7.76898595,1.98203536
