segment,pitch,stretch
0.0,88.08406442,1.10890049
0.1,34.72799638,1.05741796
0.2,4.2178472,1.4706377
0.25666667,90.74946068,0.12061003
