segment,pitch,stretch
0.0,-2.76577218,0.74255963
0.1,4.49344871,1.48176587
0.2,68.81762054,1.59399306
0.25666667,89.13075651,1.18058537
