segment,pitch,stretch
0.0,-13.78258648,1.36655769
0.1,27.88870681,1.56643938
0.2,-8.73674486,0.29403468
0.25666667,-13.88179653,0.32348249
