segment,pitch,stretch
0.0,-32.13252367,0.96861247
0.1,70.64746455,0.7552715
0.2,-67.50971173,1.7097775
0.25666667,94.74832862,1.62121013
