segment,pitch,stretch
0.0,-8.33122073,1.64160395
0.1,28.51239659,0.11991739
0.2,-26.33136573,1.12824789
0.25666667,21.45038454,0.68287375
