segment,pitch,stretch
0.0,-30.59490391,1.59191255
0.1,35.14119383,1.08920427
0.2,-47.54137466,1.15204711
0.25666667,-36.46330553,0.56107217
