segment,pitch,stretch
0.0,-90.56488298,1.23408284
0.1,-50.97686263,0.21485458
0.2,15.79918005,0.7737077
0.25666667,3.83977191,0.99994749
