segment,pitch,stretch
0.0,-11.41587957,1.5495917
0.1,-52.86145621,0.92573348
0.2,10.56905128,0.71371417
0.25666667,87.23323491,0.72785239
