segment,pitch,stretch
0.0,54.77106994,0.72700192
0.1,-91.79725644,1.43459804
0.2,19.12152033,0.59283069
0.25666667,80.05255959,1.58166394
