segment,pitch,stretch
0.0,79.19979266,0.47634137
0.1,14.54258285,0.73497705
0.2,86.07148008,0.05854955
0.25666667,45.85831434,0.79046633
