segment,pitch,stretch
0.0,76.62673318,0.98317975
0.1,68.4553342,1.99903841
0.2,55.51592845,1.19167606
0.25666667,80.18190702,0.01328513
