segment,pitch,stretch
0.0,70.1141555,0.03091404
0.1,-32.80370271,1.54599653
0.2,9.36864383,0.45983016
0.25666667,-70.41865943,0.57036726
