segment,pitch,stretch
0.0,-15.29396541,0.40840987
0.1,-26.29552155,0.3000398
0.2,79.97121571,1.00640838
0.25666667,55.89998316,1.06507384
