segment,pitch,stretch
0.0,-27.91969988,0.874098
0.1,-6.9905469,0.40632282
0.2,7.34213132,0.88508218
0.25666667,-16.30576404,1.43350061
