segment,pitch,stretch
0.0,68.67423581,1.72386473
0.1,-41.0053329,0.5365144
0.2,83.63020031,1.03248729
0.25666667,91.23175369,0.91736707
