segment,pitch,stretch
0.0,16.11120967,0.14330821
0.1,-19.98897555,0.00237292
0.2,68.29513728,1.1733856
0.25666667,31.40150104,0.51599842
