segment,pitch,stretch
0.0,89.89167485,1.90551341
0.1,47.15597215,0.2376049
0.2,44.59513653,0.03260857
0.25666667,-32.08567965,1.14470607
