segment,pitch,stretch
0.0,-1.38146628,0.44011383
0.1,-34.28745567,1.14829302
0.2,6.87532462,1.07508961
0.25666667,90.98690029,0.10252166
