segment,pitch,stretch
0.0,12.13424101,1.65569129
0.1,31.84170149,1.94822248
0.2,45.73784214,0.46939125
0.25666667,35.60173059,0.82856794
