segment,pitch,stretch
0.0,35.64973643,1.28189169
0.1,44.83065125,1.79221575
0.2,-2.88275541,1.75452965
0.25666667,-92.53521205,1.25057705
