segment,pitch,stretch
0.0,-93.2931023,0.41573501
0.1,13.33088057,0.24185226
0.2,-27.94628904,0.74385359
0.25666667,-1.59677094,0.80521135
