segment,pitch,stretch
0.0,-13.28568226,1.4723541
0.1,80.95964609,1.07308012
0.2,97.81212175,1.14674573
0.25666667,60.85112551,1.78656344
