segment,pitch,stretch
0.0,-78.0899986,0.03777082
0.1,-13.38999599,1.54425687
0.2,-59.88967217,0.07634696
0.25666667,34.06701256,1.62279479
