segment,pitch,stretch
0.0,-0.81023728,1.80594317
0.1,49.23140571,0.75886247
0.2,-9.18427249,0.13714517
0.25666667,2.49300226,0.57622003
