segment,pitch,stretch
0.0,-52.65918707,0.98643262
0.1,-61.65013116,1.35237654
0.2,34.26317373,1.5364694
0.25666667,30.98760828,1.29655121
