segment,pitch,stretch
0.0,-61.30298939,1.31566238
0.1,15.83987086,1.23869052
0.2,80.17394669,1.57286335
0.25666667,-81.65507189,0.07583844
