segment,pitch,stretch
0.0,30.59556471,1.3609553
0.1,-28.15674373,1.03507415
0.2,-30.08163346,1.60461159
0.25666667,89.23902938,0.68082645
