segment,pitch,stretch
0.0,-69.94435752,1.52233517
0.1,-71.78209065,0.64310095
0.2,1.54660235,1.70982079
0.25666667,-64.99062427,0.43662649
