segment,pitch,stretch
0.0,-31.22986491,0.61965618
0.1,85.41130684,0.43772331
0.2,51.81326747,0.97717852
0.25666667,-9.66270327,0.83042374
