segment,pitch,stretch
0.0,32.27162082,0.11495553
0.1,-17.74326064,0.2876958
0.2,22.97944113,0.75841823
0.25666667,-64.06857585,0.46502657
