segment,pitch,stretch
0.0,9.20754992,1.79705326
0.1,-39.82714958,0.37644661
0.2,91.774681,1.35697235
0.25666667,-60.10887287,0.87178456
