segment,pitch,stretch
0.0,52.58849346,0.27482393
0.1,-22.3140036,0.23105003
0.2,-66.1637605,0.54206464
0.25666667,-23.8196401,1.18246439
