segment,pitch,stretch
0.0,58.13533855,1.29537269
0.1,16.77938971,1.03128378
0.2,-34.29610563,1.90878176
0.25666667,5.14727068,1.43946259
