segment,pitch,stretch
0.0,72.4957568,1.55241154
0.1,-42.52759542,0.51342339
0.2,-19.34515336,1.23436829
0.25666667,29.69631954,0.63501701
