segment,pitch,stretch
0.0,45.95226671,0.38136586
0.1,-66.66601381,1.38589502
0.2,-89.77596615,0.43712509
0.25666667,8.03115864,1.92826262
