segment,pitch,stretch
0.0,14.0156596,1.29627558
0.1,85.00283799,1.08637511
0.2,-53.61423207,1.60007367
0.25666667,-38.88478833,0.57872623
