segment,pitch,stretch
0.0,-39.00130205,0.88980729
0.1,8.15448279,1.12034654
0.2,-39.88004764,1.15006522
0.25666667,66.54300966,1.10945683
