segment,pitch,stretch
0.0,-70.8749608,0.88986318
0.1,-68.92821451,0.34092676
0.2,48.1063746,0.38776381
0.25666667,0.98463207,1.26771376
