segment,pitch,stretch
0.0,67.46153681,1.53277947
0.1,-88.84735091,1.45938327
0.2,-91.91919173,0.73643418
0.25666667,29.60258617,1.91810532
