segment,pitch,stretch
0.0,17.48321345,1.85587598
0.1,-18.95749083,0.79262665
0.2,0.74707456,0.19694232
0.25666667,92.62024404,1.22282027
