segment,pitch,stretch
0.0,-42.4544387,1.97405967
0.1,-90.68336638,0.7318817
0.2,-23.68224062,1.2439139
0.25666667,-19.21071009,0.24057374
