segment,pitch,stretch
0.0,9.11616736,0.794635
0.1,1.28278273,0.64071903
0.2,64.48623036,0.85736223
0.25666667,-18.83957989,1.30798049
