segment,pitch,stretch
0.0,-57.84523262,1.35677253
0.1,-15.65652506,1.1280373
0.2,37.84243464,1.38752537
0.25666667,15.41728704,1.42596606
