segment,pitch,stretch
0.0,46.81596915,0.36321177
0.1,35.10066142,1.24415108
0.2,15.54537814,1.19760647
0.25666667,97.25347056,0.79076548
