segment,pitch,stretch
0.0,15.23586761,1.95048297
0.1,15.03275874,1.45451509
0.2,-80.75641997,1.67801628
0.25666667,-36.14562296,1.39710855
