segment,pitch,stretch
0.0,98.9475862,1.42615099
0.1,-36.03090862,1.16217707
0.2,-69.23221385,1.211026
0.25666667,-43.42340714,1.70841717
