segment,pitch,stretch
0.0,36.8658398,0.63817569
0.1,-70.55199619,1.9135219
0.2,-3.70121723,1.96782527
0.25666667,30.12615154,0.86862342
