segment,pitch,stretch
0.0,39.88309013,1.43577141
0.1,-96.79862589,0.70754044
0.2,-22.12237888,0.13254452
0.25666667,-29.01009828,0.2743676
