segment,pitch,stretch
0.0,-27.01804801,0.51521002
0.1,16.22716876,1.40915564
0.2,-38.75476954,1.13160084
0.25666667,38.92446625,0.21009684
