segment,pitch,stretch
0.0,84.94340614,0.02480266
0.1,-26.42004262,1.84645248
0.2,43.13419589,1.11902957
0.25666667,70.01736472,1.71178302
