segment,pitch,stretch
0.0,-46.82547924,0.18532774
0.1,-89.06595485,0.73005791
0.2,-15.88362663,0.27848928
0.25666667,-55.00298372,1.6971829
