segment,pitch,stretch
0.0,53.20588085,1.49423138
0.1,89.42375323,0.2074599
0.2,-13.37040397,1.07839331
0.25666667,-26.89484255,0.61183567
