segment,pitch,stretch
0.0,86.76456043,1.09635868
0.1,8.46145491,1.19136691
0.2,-48.6822419,1.7889624
0.25666667,-44.03350662,1.1754675
