segment,pitch,stretch
0.0,-40.9463495,0.32779355
0.1,8.65325309,0.55656076
0.2,-18.23980249,0.81322525
0.25666667,-34.79014982,0.57120985
