segment,pitch,stretch
0.0,34.00641445,1.19838094
0.1,78.12380502,0.9412232
0.2,84.97245465,1.34630265
0.25666667,29.4187394,1.86077871
