segment,pitch,stretch
0.0,65.70741219,1.12073031
0.1,9.47903784,1.20345695
0.2,88.46874173,1.7567893
0.25666667,-33.05830924,0.68949127
