segment,pitch,stretch
0.0,-15.56807975,1.93294171
0.1,54.79262645,1.3982646
0.2,-80.20485071,1.35271381
0.25666667,-47.69326323,0.1240569
