segment,pitch,stretch
0.0,-6.36877595,1.19503778
0.1,45.21137281,0.09977323
0.2,80.52737907,0.72738581
0.25666667,83.07440583,0.28099012
