segment,pitch,stretch
0.0,29.30439333,0.07263044
0.1,-18.8355858,0.50126241
0.2,53.95388402,0.66381289
0.25666667,-99.38068318,0.98911363
