segment,pitch,stretch
0.0,-97.43488085,0.55303377
0.1,96.20897113,1.41145651
0.2,27.16020646,1.83661618
0.25666667,-13.14092169,0.36912502
