segment,pitch,stretch
0.0,65.32887924,1.15653785
0.1,45.09641809,1.72373813
0.2,-37.75339878,1.38726196
0.25666667,87.5089899,0.41594812
