segment,pitch,stretch
0.0,-23.86566831,1.27696082
0.1,-33.24912316,1.44075169
0.2,45.69666298,0.50413087
0.25666667,-83.60192647,0.37289443
