segment,pitch,stretch
0.0,50.9707996,1.5114138
0.1,-38.59052132,1.75968469
0.2,-99.50726314,0.36574043
0.25666667,55.85777384,0.66231561
