segment,pitch,stretch
0.0,4.86221528,1.66863127
0.1,41.19609007,0.25992168
0.2,55.98013436,1.95186144
0.25666667,-59.88256532,1.64110453
