segment,pitch,stretch
0.0,-42.00998938,1.48749501
0.1,-57.33016448,0.25124208
0.2,94.61210268,1.70870291
0.25666667,-53.14621565,0.91259566
