segment,pitch,stretch
0.0,-46.61221312,0.88342187
0.1,-11.45492587,0.45371046
0.2,-2.50722763,1.8565603
0.25666667,-31.56133571,0.74236501
