segment,pitch,stretch
0.0,13.3023016,1.00497926
0.1,25.29505215,0.58011724
0.2,-4.58061697,1.99843941
0.25666667,34.76288366,1.29013512
