segment,pitch,stretch
0.0,-8.88234032,0.56903223
0.1,-14.76798318,0.94922216
0.2,-57.87683145,1.80420194
0.25666667,44.89226386,0.62760473
