segment,pitch,stretch
0.0,77.51634327,0.52312795
0.1,-98.7950763,0.58996043
0.2,-10.44477989,1.89966038
0.25666667,3.71960258,0.61903343
