segment,pitch,stretch
0.0,-89.53533563,0.87621895
0.1,14.01752274,0.92757563
0.2,33.24657022,1.30685671
0.25666667,-78.84260648,1.33840969
