segment,pitch,stretch
0.0,57.33302671,0.25823262
0.1,78.53356314,0.70648058
0.2,-65.46800755,1.49897987
0.25666667,15.04245158,0.53904812
