segment,pitch,stretch
0.0,45.21338473,1.3610165
0.1,35.84509453,0.40626065
0.2,-67.01500747,0.74636895
0.25666667,-57.94291625,1.66903202
