segment,pitch,stretch
0.0,7.9294609,1.64452419
0.1,36.47837772,0.73911435
0.2,71.3301905,0.53221197
0.25666667,-21.81717993,1.83629349
