segment,pitch,stretch
0.0,-2.85479512,1.8205441
0.1,-22.43053594,0.65122302
0.2,99.07991634,0.54405082
0.25666667,-6.95169827,0.02019369
