segment,pitch,stretch
0.0,2.45558497,0.33272101
0.1,-89.46857105,1.30167387
0.2,26.84471845,0.45771198
0.25666667,-40.2942876,1.30875705
