segment,pitch,stretch
0.0,-14.62389142,0.54824935
0.1,82.35169727,0.81625332
0.2,-37.79288698,0.28914805
0.25666667,-94.5306765,0.43241605
