segment,pitch,stretch
0.0,88.64163737,1.670281
0.1,46.51622821,0.7447474
0.2,89.40723484,0.87778012
0.25666667,-7.16948766,1.06303204
