segment,pitch,stretch
0.0,-38.50953818,1.14488094
0.1,44.47590219,1.3820118
0.2,35.73303492,1.04224754
0.25666667,-90.35369633,1.51933791
