segment,pitch,stretch
0.0,-4.24220541,1.81527349
0.1,-33.05758094,0.43145559
0.2,-22.8575131,1.45726833
0.25666667,-28.52835037,1.38023089
