segment,pitch,stretch
0.0,71.76568175,1.0902049
0.1,-74.84502799,0.763019
0.2,-35.2682716,0.78938414
0.25666667,-20.9501034,0.23047004
