segment,pitch,stretch
0.0,-17.91805132,1.11522258
0.1,-79.7145309,0.65372787
0.2,-13.28374128,0.18130759
0.25666667,80.91359626,1.7666171
