segment,pitch,stretch
0.0,29.77319266,0.89130203
0.1,-6.65775534,0.41170989
0.2,88.70188171,0.96705276
0.25666667,-96.32304745,0.58258054
