segment,pitch,stretch
0.0,79.91377479,0.94290919
0.1,21.44914026,0.58511712
0.2,94.23892751,1.07660977
0.25666667,-26.36168046,0.0399298
