segment,pitch,stretch
0.0,17.16336321,0.53243678
0.1,-89.93005254,1.83492113
0.2,91.22824445,1.32944014
0.25666667,-84.37948707,0.35681228
