segment,pitch,stretch
0.0,54.29815268,1.84925003
0.1,66.77804826,1.2451745
0.2,-38.71051383,1.48535221
0.25666667,0.30980485,1.20016501
