segment,pitch,stretch
0.0,-78.27349013,1.3593064
0.1,-11.45872421,0.13307668
0.2,54.77710365,1.8527892
0.25666667,77.61698443,1.82448351
