segment,pitch,stretch
0.0,69.06529403,1.3481685
0.1,69.42395119,0.73404764
0.2,67.79801708,1.27794388
0.25666667,63.92857008,1.43465572
