segment,pitch,stretch
0.0,-91.9197252,1.92941129
0.1,-51.10479589,1.66263878
0.2,-15.74458639,0.60493147
0.25666667,-11.36352661,1.17557979
