segment,pitch,stretch
0.0,-30.56073905,0.00354931
0.1,67.72997498,1.79271885
0.2,55.48980932,1.35474436
0.25666667,99.47423215,1.33636308
