segment,pitch,stretch
0.0,69.79321503,1.17746001
0.1,-52.7276802,1.52318031
0.2,-55.3142281,1.91796719
0.25666667,-51.83811077,0.8668783
