segment,pitch,stretch
0.0,70.65905064,0.553928
0.1,35.26497317,0.45560148
0.2,64.29920798,1.65592314
0.25666667,78.52381542,1.53733
