segment,pitch,stretch
0.0,-1.09426196,0.40664609
0.1,-48.49856075,0.23529618
0.2,36.42993093,0.05363011
0.25666667,-47.65767162,1.34950367
