segment,pitch,stretch
0.0,96.00351489,1.9961872
0.1,-55.9328558,0.96234699
0.2,-62.43027521,1.29823686
0.25666667,67.10785382,1.44437919
