segment,pitch,stretch
0.0,-29.39777781,0.04069973
0.1,22.57403903,0.75529124
0.2,-65.41348422,0.72194837
0.25666667,24.23364448,0.85657711
