segment,pitch,stretch
0.0,-58.2057669,1.39182764
0.1,67.4754916,0.85405242
0.2,92.18157431,1.06665121
0.25666667,88.23593553,0.29553719
