segment,pitch,stretch
0.0,-21.71261116,1.74552957
0.1,63.21036052,1.86769095
0.2,-29.86802649,0.55355845
0.25666667,57.96835755,1.24725328
