segment,pitch,stretch
0.0,-63.22643447,1.41698272
0.1,-76.79793208,1.15791198
0.2,-90.89358737,1.97460827
0.25666667,-87.57687491,0.61281255
