segment,pitch,stretch
0.0,73.17690414,1.47156363
0.1,14.65884197,0.92412776
0.2,-6.29840632,0.27182316
0.25666667,-32.28340249,1.34820636
