segment,pitch,stretch
0.0,-26.32638144,1.05429599
0.1,78.13411122,0.90631559
0.2,-6.36477673,1.36732306
0.25666667,-77.19672863,0.83755281
