segment,pitch,stretch
0.0,-6.69305154,1.22063961
0.1,23.33285596,0.20505699
0.2,-47.26714808,1.45150796
0.25666667,-64.80738279,0.00954455
