segment,pitch,stretch
0.0,-29.93146366,0.4543131
0.1,-19.22170842,1.74784503
0.2,-71.55320982,1.04864587
0.25666667,-23.6698032,1.15835862
