segment,pitch,stretch
0.0,38.02578945,0.2020154
0.1,21.65060188,0.44231897
0.2,73.60148166,1.2945402
0.25666667,94.39755493,1.2548045
