segment,pitch,stretch
0.0,27.03523978,0.1459181
0.1,-67.54213764,1.3453624
0.2,21.7683879,1.83277685
0.25666667,-96.90742585,0.52631336
