segment,pitch,segment,stretch
0.0,48.686868,0.0,0.42969684
0.1,-48.1683993,0.1,1.38937301
0.2,-42.3609681,0.2,1.25630672
0.256666667,0.024958216,0.25666667,0.04562268
