segment,pitch,stretch
0.0,42.4700979,1.46915347
0.1,19.82242754,0.15565226
0.2,35.42792781,0.40628011
0.25666667,-96.45453718,1.14503128
