segment,pitch,stretch
0.0,-38.80852857,0.18324618
0.1,-8.64332938,0.81857347
0.2,-55.35683075,1.27404838
0.25666667,17.57735741,1.12537981
