segment,pitch,stretch
0.0,35.81604326,0.01301393
0.1,-3.18432816,0.82513299
0.2,50.06715701,0.10233849
0.25666667,13.82838787,0.87921638
