segment,pitch,stretch
0.0,-40.26137712,1.52095516
0.1,-58.52959628,0.45545329
0.2,-9.02711279,1.45244251
0.25666667,-16.09488558,1.49180456
