segment,pitch,stretch
0.0,15.24625839,0.95120839
0.1,68.60229744,1.50295804
0.2,51.04898438,0.44335537
0.25666667,8.99799409,1.65047569
