segment,pitch,stretch
0.0,-65.58132827,0.68669704
0.1,-89.82992505,1.50131287
0.2,9.99695038,0.69598371
0.25666667,24.50908123,1.57047358
