segment,pitch,stretch
0.0,88.71142286,0.52996958
0.1,-56.3206586,1.24996424
0.2,41.53206129,1.51417943
0.25666667,-39.91784783,1.21569626
