segment,pitch,stretch
0.0,-72.14952141,0.31572296
0.1,-0.62089361,0.98183681
0.2,-1.54726874,1.57355183
0.25666667,-50.42909266,0.39982355
