segment,pitch,stretch
0.0,10.83398763,1.35681854
0.1,29.96867406,1.57636752
0.2,64.14464291,0.81932008
0.25666667,10.44882606,0.26521499
