segment,pitch,stretch
0.0,-98.78648146,1.35832625
0.1,-54.51672601,0.9105506
0.2,75.82451993,0.22027405
0.25666667,42.52821499,1.53742188
