segment,pitch,stretch
0.0,-85.65055263,1.56155391
0.1,-8.41774185,0.5849625
0.2,31.4658541,1.04346227
0.25666667,98.77299977,0.72937699
