segment,pitch,stretch
0.0,40.23641464,0.42377088
0.1,53.79535187,0.63943013
0.2,-4.0789246,1.19242466
0.25666667,3.8536211,1.488673
