segment,pitch,stretch
0.0,-41.85324617,0.4524196
0.1,1.64774739,1.94571184
0.2,-16.9250465,1.39882797
0.25666667,-47.53807225,0.19962905
