segment,pitch,stretch
0.0,68.47734878,1.61227716
0.1,54.05190865,0.93770463
0.2,0.19125453,1.53689085
0.25666667,-34.65909089,1.17337711
