segment,pitch,stretch
0.0,14.6954169,0.80369944
0.1,-60.61079034,1.40829285
0.2,-27.52715396,0.22971006
0.25666667,-71.65343532,0.37653007
