segment,pitch,stretch
0.0,-99.76210077,0.60226465
0.1,-57.79872095,0.08785461
0.2,-51.12304885,1.82353854
0.25666667,51.53874679,1.77009288
