segment,pitch,stretch
0.0,14.47590961,1.38784349
0.1,38.07545665,1.28983767
0.2,-50.40298695,0.58936297
0.25666667,25.61467991,0.49151359
