segment,pitch,stretch
0.0,-12.1574241,0.39218062
0.1,-18.24590524,1.88422008
0.2,-68.65561389,1.05802306
0.25666667,-45.4488766,0.58030918
