segment,pitch,stretch
0.0,72.51067349,0.65547069
0.1,26.15359829,0.30610144
0.2,-38.06500424,0.27462822
0.25666667,-63.59150526,1.37790723
