segment,pitch,stretch
0.0,35.71270194,1.05464779
0.1,34.21637588,0.916907
0.2,69.23850983,0.63861668
0.25666667,-5.02213551,0.96363956
