segment,pitch,stretch
0.0,87.50143958,0.46380881
0.1,43.81698528,0.9935464
0.2,97.72878597,1.55852459
0.25666667,25.13380659,0.71365297
