segment,pitch,stretch
0.0,-36.16596328,1.67360444
0.1,-79.4068097,0.60127341
0.2,-61.39154049,0.37070459
0.25666667,44.72298118,1.73994467
