segment,pitch,stretch
0.0,94.83015244,1.95768421
0.1,80.74954266,0.5170286
0.2,14.22402444,0.27456075
0.25666667,92.85203769,1.53042381
