segment,pitch,stretch
0.0,-60.03977098,1.87963745
0.1,7.3213083,1.19076365
0.2,-32.97621994,1.00205813
0.25666667,90.87482197,1.05600478
