segment,pitch,stretch
0.0,-38.72168331,1.89725183
0.1,-12.49542568,0.88243769
0.2,71.90880982,1.24748728
0.25666667,-94.40337553,0.62032879
