segment,pitch,stretch
0.0,-13.49448879,0.31236465
0.1,31.46373863,1.12113229
0.2,-49.02376816,0.0749788
0.25666667,26.58933429,0.8331551
