segment,pitch,stretch
0.0,-41.18361869,1.9224231
0.1,11.48241437,1.96851625
0.2,60.38354651,1.74064919
0.25666667,15.78737628,1.76296374
