segment,pitch,stretch
0.0,75.36204911,1.20802323
0.1,99.77980072,1.04694521
0.2,31.87407215,1.95307637
0.25666667,-3.14162979,0.34441347
