segment,pitch,stretch
0.0,-0.6461067,1.33944457
0.1,90.1568776,0.35137866
0.2,64.8388413,1.61271584
0.25666667,-49.08803112,0.05305125
