segment,pitch,stretch
0.0,29.66563504,0.34173365
0.1,-8.64659381,0.28144694
0.2,-34.77347642,1.5541161
0.25666667,-62.75040759,1.60255421
