segment,pitch,stretch
0.0,51.58977068,0.51416215
0.1,81.806625,0.1213722
0.2,10.32462757,1.14435945
0.25666667,-51.25764779,1.68381456
