segment,pitch,stretch
0.0,-21.25647341,1.59129412
0.1,44.09899268,0.90931534
0.2,-20.54343266,0.17046498
0.25666667,-73.6389021,0.95788578
