segment,pitch,stretch
0.0,95.58094713,1.84230129
0.1,-47.05258515,1.74244762
0.2,43.18521816,1.04703492
0.25666667,-5.69582576,0.75358401
