segment,pitch,stretch
0.0,92.90369484,0.56379558
0.1,25.09820179,1.73295328
0.2,92.10026461,0.28067586
0.25666667,-27.205087,0.82028398
