segment,pitch,stretch
0.0,-74.05194232,1.46941626
0.1,45.77276391,0.63238632
0.2,-37.66213209,1.46686039
0.25666667,-32.85858595,1.82755258
