segment,pitch,stretch
0.0,-50.29275674,1.3762211
0.1,-46.19812301,0.86881993
0.2,11.95097834,1.63580042
0.25666667,56.55273669,0.08134077
