segment,pitch,stretch
0.0,-49.59093674,1.03975343
0.1,-37.12859592,0.12530513
0.2,78.06548219,0.40268526
0.25666667,52.38730842,1.72021211
