segment,pitch,stretch
0.0,8.48376577,1.03282428
0.1,5.7720639,1.52915319
0.2,-22.58890758,0.21561806
0.25666667,-77.55637272,0.23424831
