segment,pitch,stretch
0.0,-11.30043192,0.58860684
0.1,-69.36716709,0.23928943
0.2,65.20751159,1.00971501
0.25666667,27.71872742,0.31746318
