segment,pitch,stretch
0.0,52.60083548,1.16065927
0.1,69.87806401,1.31848068
0.2,-5.78457695,1.09352717
0.25666667,80.81591727,0.48205773
