segment,pitch,stretch
0.0,78.21673508,0.32061172
0.1,48.44931265,1.01687051
0.2,-9.21876948,0.22158162
0.25666667,-95.47680095,0.62073139
