segment,pitch,stretch
0.0,79.1724471,0.8082817
0.1,25.25700376,1.50975093
0.2,72.37529148,0.99206968
0.25666667,12.21946345,0.17038819
