segment,pitch,stretch
0.0,-64.67390185,0.75223446
0.1,-52.2885083,1.37092025
0.2,-2.48451861,0.62475046
0.25666667,93.33276384,1.20947012
