segment,pitch,stretch
0.0,55.40756654,1.79357949
0.1,-99.68924549,1.94389706
0.2,-52.13930441,0.70685753
0.25666667,-49.42840454,0.08344351
