segment,pitch,stretch
0.0,-17.81057473,1.07647634
0.1,-79.49788956,0.19758175
0.2,21.64031361,1.4893643
0.25666667,9.8962074,1.60982877
