segment,pitch,stretch
0.0,54.97727121,0.19662293
0.1,-15.05833494,1.39103506
0.2,4.35581279,0.62492467
0.25666667,-47.03433584,1.10830727
