segment,pitch,stretch
0.0,-45.61990315,0.95776955
0.1,-38.16727298,0.16992331
0.2,-15.44626984,1.21301125
0.25666667,-31.31206952,0.49399223
