segment,pitch,stretch
0.0,-78.86827529,1.67831185
0.1,-82.37829284,0.76287252
0.2,-56.83639547,1.7160191
0.25666667,11.60888519,0.82403755
