segment,pitch,stretch
0.0,-18.61743148,0.79177474
0.1,27.93687652,0.90472294
0.2,6.26647606,1.3885115
0.25666667,58.88972832,1.88547829
