segment,pitch,stretch
0.0,94.74505174,1.94145252
0.1,-41.90916732,1.43327494
0.2,-70.07976965,0.59817774
0.25666667,42.72168091,1.11755549
