segment,pitch,stretch
0.0,-32.92421433,1.35253812
0.1,-56.96078069,1.83722727
0.2,44.72635853,1.43933089
0.25666667,23.55157996,1.1354083
