segment,pitch,stretch
0.0,98.95945082,0.64471479
0.1,-3.3646243,0.78588128
0.2,-24.17143146,0.06764648
0.25666667,88.72564355,1.26067449
