segment,pitch,stretch
0.0,88.60100695,0.97838459
0.1,68.96819773,1.47503319
0.2,1.7368606,1.40537453
0.25666667,19.36556264,0.305772
