segment,pitch,stretch
0.0,-95.18678644,1.24715664
0.1,-65.70936013,0.64410058
0.2,44.22545462,0.83152977
0.25666667,31.01090832,1.93309413
