segment,pitch,stretch
0.0,48.27990123,1.19178247
0.1,7.94375198,1.19295899
0.2,8.02227037,0.65877552
0.25666667,-51.87380122,1.73612438
