segment,pitch,stretch
0.0,-26.92402708,1.54282139
0.1,-12.18779535,0.57018571
0.2,-49.74503626,1.72772198
0.25666667,48.08434321,1.83415107
