segment,pitch,stretch
0.0,20.21202866,1.22191513
0.1,-42.96009099,0.44902196
0.2,15.21981059,0.94630282
0.25666667,-16.40384708,1.1991754
