segment,pitch,stretch
0.0,-76.83712438,1.91162084
0.1,64.54047654,0.68488006
0.2,42.91011154,0.17067082
0.25666667,-94.73892594,1.05586556
