segment,pitch,stretch
0.0,-70.28001137,0.55430578
0.1,-33.39817342,1.52055291
0.2,31.30905025,1.05517946
0.25666667,85.09993336,0.68126919
