segment,pitch,stretch
0.0,-68.3996329,0.41781817
0.1,79.02734002,1.03502761
0.2,-18.50805447,0.82044901
0.25666667,-85.84066145,1.09163249
