segment,pitch,stretch
0.0,-66.53104779,1.39730001
0.1,5.55931872,1.52187206
0.2,41.91338709,1.66100559
0.25666667,-36.12417317,1.31779225
