segment,pitch,stretch
0.0,6.51510613,0.83763225
0.1,-86.25018513,1.19709151
0.2,-60.46903131,0.87484565
0.25666667,-48.31089161,0.45414185
