segment,pitch,stretch
0.0,59.20081487,1.21926368
0.1,95.6548793,1.56053314
0.2,-36.19224385,1.38632022
0.25666667,68.24894855,1.29084252
