segment,pitch,stretch
0.0,30.03534105,0.49205925
0.1,70.10019967,1.5612805
0.2,38.31171189,1.70745742
0.25666667,76.0150774,0.79908683
