segment,pitch,stretch
0.0,70.15336782,1.4099425
0.1,-1.11865535,1.36643738
0.2,-91.54006312,0.06599991
0.25666667,24.13643902,1.20854405
