segment,pitch,stretch
0.0,32.98542524,1.64001987
0.1,23.31860642,0.049539
0.2,85.24347173,1.32093022
0.25666667,17.19160257,0.33485384
