segment,pitch,stretch
0.0,-14.76179085,0.10277679
0.1,-96.15101895,0.35083798
0.2,48.20621423,0.65953763
0.25666667,23.33985038,0.76581679
