segment,pitch,stretch
0.0,27.78595998,1.84943535
0.1,-29.96160528,0.52483958
0.2,60.6733782,0.55672926
0.25666667,39.12324738,0.96842636
