segment,pitch,stretch
0.0,-70.8287672,0.48827419
0.1,-57.74098156,0.38931866
0.2,-4.83347895,0.64406231
0.25666667,-81.70376308,1.21599086
