segment,pitch,stretch
0.0,-17.2568339,1.05718214
0.1,60.67626876,1.43914937
0.2,40.71216363,0.83140318
0.25666667,16.50619481,0.14426626
