segment,pitch,stretch
0.0,-94.78194954,1.29113753
0.1,8.44061072,0.84384968
0.2,55.81768563,1.85990436
0.25666667,73.94294787,1.64621091
