segment,pitch,stretch
0.0,-93.3315932,0.70155752
0.1,-68.78176083,0.82176857
0.2,3.00266898,1.58504857
0.25666667,26.12825604,1.65873812
