segment,pitch,stretch
0.0,-59.20376503,1.07432488
0.1,41.31347152,0.26624757
0.2,-58.18080138,0.53636085
0.25666667,-28.00273528,1.77786979
