segment,pitch,stretch
0.0,-56.83459408,0.56298114
0.1,-43.30462201,1.09173708
0.2,-57.08778715,1.10722732
0.25666667,26.25433727,0.48299304
