segment,pitch,stretch
0.0,-8.95969579,0.46272501
0.1,5.11158076,1.84250995
0.2,3.7358826,0.71585727
0.25666667,-14.74224302,0.58101627
