segment,pitch,stretch
0.0,84.63539274,1.68726635
0.1,36.6114333,0.88690679
0.2,14.49628471,0.37350839
0.25666667,-17.17346171,1.74122924
