segment,pitch,stretch
0.0,-54.69953739,0.89911595
0.1,-55.57420142,0.95414013
0.2,69.52625069,1.47998422
0.25666667,-71.2713804,1.78847242
