segment,pitch,stretch
0.0,-86.49285917,1.06522616
0.1,54.15727338,1.2372135
0.2,-55.0986676,1.00925168
0.25666667,7.9559813,0.76785851
