segment,pitch,stretch
0.0,18.19792563,0.91602818
0.1,59.29536603,0.93215034
0.2,83.4693574,1.11468909
0.25666667,-3.87812814,1.61202928
