segment,pitch,stretch
0.0,80.03290271,0.31618382
0.1,-33.72349736,0.81153422
0.2,-38.14858153,0.21197718
0.25666667,-48.66398852,0.41633142
