segment,pitch,stretch
0.0,-99.04240885,1.08448469
0.1,-49.15643876,1.88363881
0.2,-66.91195639,1.28593097
0.25666667,-56.29346357,1.82136606
