segment,pitch,stretch
0.0,-47.60379447,1.17561317
0.1,8.05593032,0.12143354
0.2,-18.27545885,0.42948795
0.25666667,49.68481265,0.3832977
