segment,pitch,stretch
0.0,20.71284991,1.22360564
0.1,43.41893938,1.58460028
0.2,65.94530402,0.38406236
0.25666667,-59.234779,0.69273959
