segment,pitch,stretch
0.0,-65.76338754,1.63378801
0.1,-45.02607009,0.19427674
0.2,-4.18875901,1.20463049
0.25666667,85.40607693,0.17184116
