segment,pitch,stretch
0.0,-3.84179402,0.21245747
0.1,56.28738818,1.74384484
0.2,-25.33799013,1.40208126
0.25666667,-10.23447911,0.94312755
