segment,pitch,stretch
0.0,22.44752401,1.77059304
0.1,26.97339804,0.69418911
0.2,53.43729248,0.76703539
0.25666667,-63.2778902,0.57510346
