segment,pitch,stretch
0.0,16.13130467,1.41580253
0.1,-53.51301261,1.63533644
0.2,91.10833978,0.42839577
0.25666667,9.61415248,0.64971622
