segment,pitch,stretch
0.0,8.4067376,0.06791418
0.1,-29.32780789,1.46578571
0.2,-43.35590711,1.81098556
0.25666667,-44.50549756,1.40235265
