segment,pitch,stretch
0.0,-2.8714843,1.07181682
0.1,-50.9441672,0.56733338
0.2,56.21180826,0.26773361
0.25666667,-57.18619957,1.97613039
