segment,pitch,stretch
0.0,73.58992944,1.41071494
0.1,63.97983353,0.05598534
0.2,36.10141743,1.99104708
0.25666667,-59.38235663,0.89990448
