segment,pitch,stretch
0.0,34.42813613,0.3045902
0.1,10.6054277,0.51228763
0.2,-13.69189805,1.00650156
0.25666667,-89.62004192,1.73437165
