segment,pitch,stretch
0.0,34.81781775,0.27086967
0.1,-0.63630456,1.42196963
0.2,85.92593744,1.99513726
0.25666667,7.56589877,0.37439059
