segment,pitch,stretch
0.0,-98.04571794,1.18023288
0.1,-73.67698607,1.95707288
0.2,-96.43604562,0.58641449
0.25666667,37.7893414,1.65360278
