segment,pitch,stretch
0.0,-19.8565912,1.89587242
0.1,-16.18456076,0.49072185
0.2,-70.77550193,1.8362568
0.25666667,-81.21106402,0.50078837
