segment,pitch,stretch
0.0,99.41401176,0.02807195
0.1,35.25307956,0.7885189
0.2,-56.34938096,0.76649358
0.25666667,-51.21225279,1.75346492
