segment,pitch,stretch
0.0,-21.88755711,1.21014447
0.1,-5.628981,1.2650669
0.2,-60.01307733,0.97277603
0.25666667,65.58947466,0.28969343
