segment,pitch,stretch
0.0,93.71479572,0.08926169
0.1,-75.79046522,1.27041306
0.2,-87.29598303,1.46433067
0.25666667,31.73776098,0.42599999
