segment,pitch,stretch
0.0,-82.60587544,1.7811252
0.1,24.10475325,1.67511136
0.2,12.83458345,1.07369657
0.25666667,-92.36985106,0.78659629
