segment,pitch,stretch
0.0,25.91972282,0.89929791
0.1,-60.98407933,0.6101435
0.2,-55.02276561,1.65353502
0.25666667,50.70039074,0.66964756
