segment,pitch,stretch
0.0,-2.7154125,0.72553522
0.1,-36.83814983,1.24313396
0.2,-50.98592502,0.62544862
0.25666667,-48.36073317,1.19233037
