segment,pitch,stretch
0.0,36.16157767,1.69010054
0.1,-94.09249833,0.7877665
0.2,97.07405484,0.99353813
0.25666667,-8.28043626,0.64245914
