segment,pitch,stretch
0.0,-30.95032355,0.5884638
0.1,73.05460755,1.61732216
0.2,-0.6809714,1.33614238
0.25666667,25.15150688,0.65397567
