segment,pitch,stretch
0.0,2.47243072,0.40204166
0.1,-60.42501292,1.5432551
0.2,-16.68820648,1.17639585
0.25666667,27.86473169,1.5977063
