segment,pitch,stretch
0.0,-23.34946859,1.58788712
0.1,-74.17160997,0.25032328
0.2,31.43852713,0.90752219
0.25666667,-10.29160018,1.52460946
