segment,pitch,stretch
0.0,39.03330695,1.53300878
0.1,53.03253456,0.64917122
0.2,-58.78521604,0.12116027
0.25666667,58.72042033,1.19887121
