segment,pitch,stretch
0.0,46.82844357,1.1493518
0.1,5.52502331,1.41536953
0.2,-34.25373026,0.41949869
0.25666667,-52.44039001,0.5013656
