segment,pitch,stretch
0.0,-39.52347826,1.29179639
0.1,-77.42465605,1.30882922
0.2,4.05747108,1.87909974
0.25666667,56.71695408,1.07202912
