segment,pitch,stretch
0.0,27.08075724,1.18472309
0.1,11.89706259,0.18520331
0.2,-68.36208072,0.55970606
0.25666667,93.65942771,0.63383354
