segment,pitch,stretch
0.0,8.68990421,0.76850137
0.1,-43.18378372,1.33781212
0.2,71.27860087,0.39946576
0.25666667,-15.56799856,0.17788265
