segment,pitch,stretch
0.0,68.49177404,1.08718887
0.1,-37.23139728,1.92014291
0.2,-66.57894256,1.74485312
0.25666667,94.63403104,1.25946788
