segment,pitch,stretch
0.0,43.03410676,0.84411959
0.1,37.87573495,1.10924478
0.2,-9.17332854,1.82652056
0.25666667,10.13667473,1.52638082
