segment,pitch,stretch
0.0,-21.44081237,0.51475761
0.1,-88.4923718,1.11613408
0.2,38.79957112,0.09358172
0.25666667,-94.67313386,1.96196729
