segment,pitch,stretch
0.0,16.04004141,1.94214745
0.1,56.74964814,0.96958639
0.2,94.00728235,1.49563925
0.25666667,-15.92685786,1.75047909
