segment,pitch,stretch
0.0,-38.09805788,1.93486201
0.1,-51.81358868,1.49994235
0.2,88.47322764,1.42581223
0.25666667,-34.90405205,0.47367866
