segment,pitch,stretch
0.0,36.39546499,1.70532748
0.1,-76.59722628,1.24815266
0.2,-20.75900546,1.81852615
0.25666667,8.86958668,0.22376713
