segment,pitch,stretch
0.0,-1.43190356,0.4805844
0.1,-99.33286499,1.12822193
0.2,34.34373885,1.41477947
0.25666667,39.86329231,0.63497531
