segment,pitch,stretch
0.0,-1.39366148,1.02261841
0.1,-51.98505422,1.36670641
0.2,-59.48644931,1.36831513
0.25666667,-72.0894269,1.17814646
