segment,pitch,stretch
0.0,79.30886426,0.55665137
0.1,38.64809671,1.15526328
0.2,24.58912206,1.92727625
0.25666667,-50.07125558,0.36414304
