segment,pitch,stretch
0.0,-82.86069205,0.98291516
0.1,-76.70984367,1.53428028
0.2,-82.63579977,1.97086095
0.25666667,-88.21582145,0.71580661
