segment,pitch,stretch
0.0,57.69742807,1.23910924
0.1,74.69192241,0.49477788
0.2,-92.88512431,1.56323012
0.25666667,27.11476112,1.7455964
