segment,pitch,stretch
0.0,11.04386286,1.73052604
0.1,-55.65083084,0.96564678
0.2,98.93037095,1.35299162
0.25666667,14.06437892,1.41353716
