segment,pitch,stretch
0.0,0.09776701,1.90735666
0.1,32.80523404,1.52678684
0.2,16.78979069,1.98703072
0.25666667,-52.73391922,1.7200077
