segment,pitch,stretch
0.0,52.76736232,0.65431252
0.1,43.3684124,1.37281261
0.2,5.13351566,0.35708699
0.25666667,57.45570888,0.33493738
