segment,pitch,stretch
0.0,95.00435891,1.26837246
0.1,41.67922454,0.25754486
0.2,-79.43338234,1.96804031
0.25666667,-47.45672342,0.46721947
