segment,pitch,stretch
0.0,-4.85456223,1.97775754
0.1,78.38715758,1.19373072
0.2,-65.12117647,1.5578529
0.25666667,96.09900544,1.61262149
