segment,pitch,stretch
0.0,91.79298807,1.15796888
0.1,-10.9319541,0.37743288
0.2,-18.13246944,1.06132115
0.25666667,-6.11346908,0.41668969
