segment,pitch,stretch
0.0,6.46729125,1.1492664
0.1,89.94723115,1.37343317
0.2,33.92654299,1.07181876
0.25666667,4.68690548,0.13073982
