segment,pitch,stretch
0.0,10.23888344,1.93351894
0.1,14.33129562,0.24790788
0.2,-57.61493264,1.58463495
0.25666667,33.17012155,0.31192511
