segment,pitch,stretch
0.0,61.39777876,0.24361375
0.1,-8.76552132,1.04711526
0.2,33.4280736,1.33335174
0.25666667,8.6823295,0.59077303
