segment,pitch,stretch
0.0,39.34258856,1.15492287
0.1,16.85699936,0.81118798
0.2,-58.01570434,0.43841119
0.25666667,-91.70212518,1.32812972
