segment,pitch,stretch
0.0,94.80811126,1.26057873
0.1,-90.73743651,1.58996588
0.2,94.60686235,0.08752829
0.25666667,-83.76406221,0.32239013
