segment,pitch,stretch
0.0,-25.67038427,1.25415191
0.1,48.64308398,1.80742897
0.2,-77.82337419,1.66801057
0.25666667,-42.20378119,0.618258
