segment,pitch,stretch
0.0,74.80920959,0.40194032
0.1,-40.95587484,0.66729024
0.2,40.36105872,0.3355789
0.25666667,-80.22764814,0.97335266
