segment,pitch,stretch
0.0,-88.68220121,0.82286563
0.1,68.217882,1.40641777
0.2,-19.05049855,0.59183839
0.25666667,-98.47604088,0.80823464
