segment,pitch,stretch
0.0,60.31001525,1.86606536
0.1,-66.5420171,0.5728784
0.2,63.07925381,0.71513043
0.25666667,-69.51509132,1.52612213
