segment,pitch,stretch
0.0,67.35107794,1.27225877
0.1,-80.59112066,1.42607556
0.2,8.51369184,0.27008032
0.25666667,74.29539318,0.36016313
