segment,pitch,stretch
0.0,81.67289695,0.03581997
0.1,-95.51692527,0.40356434
0.2,8.63144179,0.58773385
0.25666667,-85.56554801,1.10376778
