segment,pitch,stretch
0.0,13.55245103,0.76920018
0.1,56.56377999,1.46632319
0.2,18.28165036,0.77890927
0.25666667,42.87971424,1.0073418
