segment,pitch,stretch
0.0,-46.06723632,0.59994833
0.1,66.80974186,1.29573715
0.2,39.28685727,0.97302603
0.25666667,-66.26323275,1.65300799
