segment,pitch,stretch
0.0,2.71159552,1.64624975
0.1,66.05842931,0.54809415
0.2,41.00995311,1.64541289
0.25666667,98.2962498,1.22205238
