segment,pitch,stretch
0.0,-6.24804435,1.11596696
0.1,-47.42967866,0.08887129
0.2,-83.16585562,1.70974676
0.25666667,77.49694817,0.42476907
