segment,pitch,stretch
0.0,-17.29134877,0.96448196
0.1,-10.91480705,1.52626855
0.2,-52.17023247,1.44831705
0.25666667,-37.31404804,1.66094276
