segment,pitch,stretch
0.0,55.47353293,0.9328321
0.1,12.04434333,1.46542582
0.2,14.09264182,1.44584709
0.25666667,-80.20656615,1.50777595
