segment,pitch,stretch
0.0,-41.35992563,1.74508263
0.1,43.67449439,0.13993269
0.2,25.98311508,0.94473259
0.25666667,-21.63443629,1.52757814
