segment,pitch,stretch
0.0,60.56599831,1.86075077
0.1,-62.73703536,0.80738175
0.2,-66.13157344,0.80798992
0.25666667,59.05774632,0.27445487
