segment,pitch,stretch
0.0,79.42425648,0.82987007
0.1,-55.57656198,1.06788753
0.2,-42.3009185,1.49414105
0.25666667,9.11567641,1.30049822
