segment,pitch,stretch
0.0,35.62001521,0.86430693
0.1,29.8199127,1.17673467
0.2,-2.36977437,1.63370718
0.25666667,-73.14220453,1.98740672
