segment,pitch,stretch
0.0,61.86852427,1.05769551
0.1,14.81642836,0.81667418
0.2,-8.48865215,0.51249479
0.25666667,71.68336874,0.29939213
