segment,pitch,stretch
0.0,-12.19849528,0.7315947
0.1,96.23210286,0.75639682
0.2,-75.71717575,0.47033606
0.25666667,36.78246633,0.84951166
