segment,pitch,stretch
0.0,-1.54223553,0.66538198
0.1,-78.86121057,1.42802268
0.2,-33.48141771,0.92303184
0.25666667,-47.78773965,0.82545089
