segment,pitch,stretch
0.0,-13.34839912,1.5394535
0.1,-0.15074382,0.88064418
0.2,25.45831569,1.66652907
0.25666667,48.27326553,0.20293469
