segment,pitch,stretch
0.0,-9.1094999,0.88070358
0.1,-91.51691393,1.99267891
0.2,-80.73944639,0.69956237
0.25666667,-5.35945859,0.8489229
