segment,pitch,stretch
0.0,-23.96574217,0.96253444
0.1,51.07186547,1.01009898
0.2,26.38223439,1.26042149
0.25666667,57.01482149,0.37917076
