segment,pitch,stretch
0.0,-10.33405821,1.53220968
0.1,56.62547765,1.11219982
0.2,26.06756425,1.10520568
0.25666667,61.22858123,0.66903516
