segment,pitch,stretch
0.0,-65.12133357,1.7602607
0.1,-34.98790471,0.92649718
0.2,-12.78608876,1.46782633
0.25666667,53.53170361,0.68266442
