segment,pitch,stretch
0.0,-9.46806957,0.85855516
0.1,45.81973918,1.60383991
0.2,-32.95266456,0.80244772
0.25666667,-10.56557549,1.48234138
