segment,pitch,stretch
0.0,-57.26862172,0.12656802
0.1,63.88036448,1.52184386
0.2,-87.83585054,1.10266765
0.25666667,-58.79211397,1.86011067
