segment,pitch,stretch
0.0,-20.79410197,1.55473715
0.1,-29.31354171,0.75660833
0.2,66.76157716,1.40053341
0.25666667,63.6653431,1.0602207
