segment,pitch,stretch
0.0,-26.25195718,1.78322942
0.1,46.36733761,0.61428926
0.2,-70.05850246,0.23760427
0.25666667,-12.16166803,0.84541126
