segment,pitch,stretch
0.0,-6.86336629,1.4879687
0.1,1.3862511,1.50259819
0.2,-46.66652787,1.37505073
0.25666667,99.62545591,0.7561706
