segment,pitch,stretch
0.0,28.00275788,1.27183806
0.1,-46.87803807,1.3685485
0.2,32.76049197,0.82981236
0.25666667,-11.80275259,1.21825334
