segment,pitch,stretch
0.0,-29.78300729,1.32478843
0.1,-14.6608331,1.46487259
0.2,93.91149251,1.42207254
0.25666667,61.08695399,1.23206205
