segment,pitch,stretch
0.0,11.6644261,0.15061695
0.1,5.00985124,0.57469516
0.2,23.99974903,0.45412791
0.25666667,23.77807811,0.27591884
