segment,pitch,stretch
0.0,-41.28420355,0.77087466
0.1,38.91630458,0.23409115
0.2,24.93775916,0.53304912
0.25666667,33.33111791,0.84036245
