segment,pitch,stretch
0.0,-64.77507575,1.1238598
0.1,-6.64685947,1.28070421
0.2,-63.06704172,0.36817987
0.25666667,-2.53403127,0.89472864
