segment,pitch,stretch
0.0,-53.65137821,1.15122316
0.1,61.14227183,1.54420741
0.2,-13.28017505,1.48861563
0.25666667,99.20914295,0.34805763
