segment,pitch,segment,stretch
0.0,-57.6665866,0.0,1.09792482
0.1,6.09893846,0.1,1.46549104
0.2,-80.8229011,0.2,1.66085764
0.256666667,0.00737669519,0.25666667,1.19228029
