segment,pitch,stretch
0.0,-3.33486868,1.84649441
0.1,-72.00110742,1.91186975
0.2,32.54458222,0.71589927
0.25666667,13.13318907,0.21658524
