segment,pitch,stretch
0.0,52.82888701,1.42077684
0.1,44.66747194,0.2996776
0.2,83.54065351,1.21708869
0.25666667,-50.41579204,1.31490505
