segment,pitch,stretch
0.0,-57.76127346,1.31680682
0.1,13.80138245,1.40135686
0.2,70.02389064,0.63152994
0.25666667,-46.37027392,0.33836826
