segment,pitch,stretch
0.0,83.09023231,0.61404301
0.1,31.08155804,1.79467821
0.2,23.00603586,0.24163263
0.25666667,-14.42068905,1.80620701
