segment,pitch,stretch
0.0,60.74421865,1.29752088
0.1,-29.59792655,1.96700759
0.2,62.18386975,1.69632814
0.25666667,-29.20855136,1.65374165
