segment,pitch,stretch
0.0,-11.62830293,1.293503
0.1,56.07764908,1.34330607
0.2,-9.52866726,1.07022137
0.25666667,52.78176644,0.99072219
