segment,pitch,stretch
0.0,1.27289853,1.18383926
0.1,62.04423448,0.46495515
0.2,19.88889926,0.91766752
0.25666667,-46.96649461,1.75135473
