segment,pitch,stretch
0.0,-2.35814843,1.83928924
0.1,-48.73544303,0.78912936
0.2,38.27016364,0.60668558
0.25666667,-31.96265424,0.83130548
