segment,pitch,segment,stretch
0.0,-0.00235073025,0.0,1.59141319
0.1,75.1310722,0.1,0.32502124
0.2,-55.9073348,0.2,0.48861064
0.256666667,-59.6885988,0.25666667,0.13551716
