segment,pitch,stretch
0.0,-35.95288605,1.76613711
0.1,-17.44977395,1.66440326
0.2,-64.01864585,0.72417379
0.25666667,14.1526891,0.87347262
