segment,pitch,stretch
0.0,45.92676741,0.18014666
0.1,-44.36449205,1.39371349
0.2,-0.92451291,1.11032992
0.25666667,30.80646356,1.142585
