segment,pitch,stretch
0.0,-75.02051955,0.75293762
0.1,-36.41679043,0.97452375
0.2,-45.60366398,1.88941483
0.25666667,13.07838485,0.53297117
