segment,pitch,stretch
0.0,87.86620346,1.28585996
0.1,17.88859649,0.57714405
0.2,51.58456374,0.3219524
0.25666667,-98.76806622,1.69480445
