segment,pitch,stretch
0.0,-28.020652,0.15084138
0.1,-7.04160788,1.22079629
0.2,53.5795515,1.97804896
0.25666667,-33.12503676,0.44897499
