segment,pitch,stretch
0.0,77.13223303,0.44302914
0.1,-5.6152706,0.26201868
0.2,22.05383838,0.27892
0.25666667,-9.52451309,0.30908576
