segment,pitch,stretch
0.0,39.28095882,1.44479402
0.1,36.97709506,1.97267477
0.2,-20.56368862,0.33303832
0.25666667,45.13755494,0.87530899
