segment,pitch,stretch
0.0,29.21663761,0.89782151
0.1,-71.61154632,0.27969284
0.2,41.30472765,1.11185271
0.25666667,-19.1628823,1.39441914
