segment,pitch,stretch
0.0,5.6059992,1.40293782
0.1,-3.58339119,1.60743551
0.2,-47.44163498,0.8250453
0.25666667,15.68204657,1.87203226
