segment,pitch,stretch
0.0,91.87409443,0.51984737
0.1,-48.89112434,0.07214845
0.2,27.67932603,1.75660136
0.25666667,13.64945055,0.58315139
