segment,pitch,stretch
0.0,-17.50255462,1.12652369
0.1,46.48307521,1.78874207
0.2,39.12417732,0.52833996
0.25666667,-52.98872919,0.52335447
