segment,pitch,stretch
0.0,58.70341866,1.21350262
0.1,64.39481967,0.74970721
0.2,24.44185136,0.32537914
0.25666667,-92.24598877,0.12166717
