segment,pitch,stretch
0.0,13.63716389,0.73987932
0.1,-61.62928039,1.19791102
0.2,89.99724903,0.30500022
0.25666667,-99.60285567,1.08417724
