segment,pitch,stretch
0.0,-84.22246184,0.80111929
0.1,-88.55202377,0.92289162
0.2,12.74462997,0.96187701
0.25666667,-73.67155113,0.57764427
