segment,pitch,stretch
0.0,-12.30272173,0.22564891
0.1,-25.8054218,0.32954228
0.2,-49.36641871,0.69268874
0.25666667,3.29240265,1.86334945
