segment,pitch,stretch
0.0,40.98112686,1.35724839
0.1,-56.96831063,1.54051685
0.2,-35.39284842,1.20443674
0.25666667,-19.97238517,1.82942033
