segment,pitch,stretch
0.0,59.70067771,0.22659206
0.1,78.61233767,0.85429053
0.2,76.18154157,1.36297282
0.25666667,-54.28538078,1.46039745
