segment,pitch,stretch
0.0,-23.2512771,0.85914582
0.1,-3.42093224,1.44867235
0.2,-78.83822409,1.61907263
0.25666667,-24.79307177,1.11055267
