segment,pitch,stretch
0.0,4.60078694,1.00375004
0.1,90.51966262,1.23726083
0.2,-72.80105835,1.08672065
0.25666667,32.46228297,0.32613357
