segment,pitch,stretch
0.0,-23.56976883,0.91307932
0.1,67.89102786,0.95001528
0.2,12.82073925,0.95057972
0.25666667,-47.11825728,1.60486422
