segment,pitch,stretch
0.0,-7.77377299,1.79398275
0.1,24.08862247,0.12404774
0.2,87.10581208,0.76943839
0.25666667,73.57906518,1.68164748
