segment,pitch,stretch
0.0,-33.95775035,0.92167055
0.1,-8.89346692,1.03421615
0.2,-13.71087049,0.39118917
0.25666667,29.03245504,1.12010972
