segment,pitch,stretch
0.0,-10.23090517,1.0322013
0.1,92.61712743,0.84344174
0.2,0.22426759,1.03962656
0.25666667,32.30673442,1.9472426
