segment,pitch,stretch
0.0,-28.36319627,0.07789368
0.1,-92.66891013,0.00203791
0.2,96.29592204,1.92374636
0.25666667,-46.81515004,0.97947469
