segment,pitch,stretch
0.0,-85.51822201,1.39201941
0.1,-3.83792251,0.93814534
0.2,45.88945115,0.59493864
0.25666667,38.51931882,0.08649149
