segment,pitch,stretch
0.0,84.48201003,0.82331622
0.1,-13.2968245,1.50639414
0.2,-49.01598543,0.83966854
0.25666667,-63.56156529,1.27848793
