segment,pitch,stretch
0.0,-62.74714371,1.57330944
0.1,48.52467862,1.34151114
0.2,4.749694,0.18097188
0.25666667,88.03032973,0.30113467
