segment,pitch,stretch
0.0,83.32262744,0.77898197
0.1,53.43911967,1.2749748
0.2,45.88272958,1.13618558
0.25666667,34.59804534,1.96642304
