segment,pitch,stretch
0.0,6.24181165,1.03823517
0.1,-92.25652661,1.54229831
0.2,-10.16879246,1.61201148
0.25666667,42.06293659,1.50798312
