segment,pitch,stretch
0.0,-88.87179188,0.91597825
0.1,15.70736636,0.21425776
0.2,67.7730952,1.52338939
0.25666667,-20.3872908,0.55241946
