segment,pitch,stretch
0.0,-23.88621243,0.58686494
0.1,-2.32674089,1.96763724
0.2,99.5739753,0.1339284
0.25666667,-60.89946795,0.14371278
