segment,pitch,stretch
0.0,55.8945715,0.94357116
0.1,-37.58065727,0.51247941
0.2,-36.76334563,1.17002066
0.25666667,4.9296063,0.00285273
