segment,pitch,stretch
0.0,77.35355583,0.35690042
0.1,-16.5812175,0.7400083
0.2,-79.42314022,1.17849399
0.25666667,64.71981705,1.38365213
