segment,pitch,stretch
0.0,-30.51780923,1.09841649
0.1,35.11933452,0.05099013
0.2,-97.7648117,1.83429048
0.25666667,-62.39495561,1.66107303
