segment,pitch,stretch
0.0,33.63406691,1.37140183
0.1,-66.14633185,0.98919038
0.2,-74.26701986,1.38629831
0.25666667,32.33295865,0.43392523
