segment,pitch,stretch
0.0,54.2755123,0.60698289
0.1,-26.53776759,1.07019337
0.2,-51.24045856,1.47276383
0.25666667,84.11086463,1.01044713
