segment,pitch,stretch
0.0,-21.03631645,1.00707818
0.1,59.70125687,0.92270488
0.2,54.71539052,1.69105963
0.25666667,38.49486436,0.9671157
