segment,pitch,stretch
0.0,-12.19437797,1.87578392
0.1,-70.42225937,1.69222134
0.2,-86.95466997,1.82069748
0.25666667,-17.4398035,1.64542948
