segment,pitch,stretch
0.0,5.31236155,1.37558602
0.1,-59.65057946,0.3561265
0.2,27.87230438,1.61604884
0.25666667,-58.49443874,0.97981321
