segment,pitch,stretch
0.0,-94.89147327,1.34276454
0.1,-69.96874844,1.56346818
0.2,-41.05008416,0.76037532
0.25666667,27.21030297,1.08356683
