segment,pitch,stretch
0.0,-10.65818699,0.95052916
0.1,-8.96413357,0.11424824
0.2,-78.89627616,1.718039
0.25666667,8.01745362,1.42690066
