segment,pitch,stretch
0.0,-21.95394664,1.87011175
0.1,40.83343907,1.54087482
0.2,-14.27053038,0.9591328
0.25666667,85.20745493,0.45105527
