segment,pitch,stretch
0.0,22.4772117,0.91979461
0.1,-23.30683659,1.83006101
0.2,-85.44667034,1.25602607
0.25666667,-79.47374411,0.84497865
