segment,pitch,stretch
0.0,-4.11470775,0.28957615
0.1,-66.00013865,0.7977557
0.2,59.59027652,1.24206297
0.25666667,0.47429662,1.11640868
