segment,pitch,stretch
0.0,39.36273925,0.85213244
0.1,-72.05438318,0.54541244
0.2,-58.73379721,0.77028914
0.25666667,-71.89754194,0.84538443
