segment,pitch,stretch
0.0,-63.60663495,1.31328738
0.1,-33.069551,1.53761103
0.2,44.38072254,1.15738415
0.25666667,3.25210733,1.33428182
