segment,pitch,stretch
0.0,0.49645075,0.76062229
0.1,-49.42249353,1.72041063
0.2,3.0196593,0.72496435
0.25666667,11.9492669,0.84736567
