segment,pitch,stretch
0.0,-97.64468947,0.15620351
0.1,-70.83087303,1.65716961
0.2,-48.67995381,0.82507575
0.25666667,-82.84031791,0.89595203
