segment,pitch,stretch
0.0,60.64207397,1.38818271
0.1,-16.07257124,1.64047706
0.2,-38.93693506,1.31963125
0.25666667,-22.19838027,1.73227719
