segment,pitch,stretch
0.0,87.98067932,1.39679477
0.1,-81.71579554,1.50716855
0.2,90.50171836,0.40298903
0.25666667,-62.13003885,0.67217346
