segment,pitch,stretch
0.0,-31.52083019,1.71356233
0.1,93.24854214,0.26324818
0.2,-36.26217339,0.66385994
0.25666667,58.31905924,1.85027868
