segment,pitch,stretch
0.0,9.8100641,0.76259974
0.1,19.57169954,1.49190063
0.2,-1.41265712,0.43709034
0.25666667,-78.33165967,1.93463996
