segment,pitch,stretch
0.0,-83.79523633,0.72975737
0.1,62.15522278,1.65535888
0.2,-62.9629606,1.94146275
0.25666667,29.80880048,1.32492406
