segment,pitch,stretch
0.0,-36.76000605,0.0295717
0.1,10.32506406,0.30354321
0.2,-63.16699613,0.64873245
0.25666667,44.4452875,1.33679234
