segment,pitch,stretch
0.0,-3.22947754,0.22766361
0.1,-16.22535722,1.16747398
0.2,-91.54207183,1.39667181
0.25666667,-55.70642268,1.03484551
