segment,pitch,stretch
0.0,40.80444991,0.6735757
0.1,-12.8326651,0.4328315
0.2,35.77292413,1.793606
0.25666667,70.48005605,0.88572041
