segment,pitch,stretch
0.0,-53.20970077,1.55725844
0.1,-81.68739914,1.2093944
0.2,39.47129185,0.05517711
0.25666667,-77.13084916,1.56672295
