segment,pitch,stretch
0.0,-46.0867736,1.77850735
0.1,-42.56429646,0.50210825
0.2,31.61260766,1.1233825
0.25666667,-7.99475259,0.72186821
