segment,pitch,stretch
0.0,89.40240056,1.53101086
0.1,40.19017079,0.22293869
0.2,6.95264839,0.66477428
0.25666667,60.0147698,1.1640228
