segment,pitch,stretch
0.0,77.25708539,0.72667473
0.1,-54.8008957,1.98017833
0.2,-15.62691875,0.70006776
0.25666667,8.64437522,1.11828401
