segment,pitch,stretch
0.0,55.7159221,0.1336911
0.1,96.01047895,1.63690434
0.2,-30.71931346,0.7825174
0.25666667,34.53763016,1.49477333
