segment,pitch,stretch
0.0,36.15157251,0.11830574
0.1,9.92087077,0.00778599
0.2,64.79051962,0.40739404
0.25666667,25.43576317,0.71071781
