segment,pitch,stretch
0.0,89.02514599,1.04651451
0.1,84.72414094,1.61938954
0.2,-3.6265137,1.34588415
0.25666667,-99.35319265,1.50620009
