segment,pitch,stretch
0.0,-48.96816685,1.19104759
0.1,-79.01398257,0.98306132
0.2,-55.9985187,0.68767433
0.25666667,-98.06504365,1.4115175
