segment,pitch,stretch
0.0,-44.99349069,1.17032266
0.1,-36.99771552,1.41237049
0.2,73.94933819,0.72245199
0.25666667,99.03349287,1.64210213
