segment,pitch,stretch
0.0,-84.80785011,0.63456403
0.1,-36.68987184,1.00353926
0.2,-96.57368066,1.89833315
0.25666667,-53.58057918,1.00269885
