segment,pitch,stretch
0.0,97.07315942,0.55056447
0.1,-83.39673754,1.15764891
0.2,82.21564407,0.98396665
0.25666667,-4.22049535,0.77781273
