segment,pitch,stretch
0.0,62.98081683,0.39126421
0.1,-56.79667237,1.86845908
0.2,16.07172023,0.61680923
0.25666667,67.64788087,0.75086704
