segment,pitch,stretch
0.0,26.75853805,1.87296773
0.1,6.19803181,1.06061528
0.2,-16.72335747,1.33482008
0.25666667,96.23810145,0.73381464
