segment,pitch,stretch
0.0,80.80013175,1.56222047
0.1,8.18850232,1.67765441
0.2,-10.54144101,1.93747014
0.25666667,26.86908184,1.76378238
