segment,pitch,stretch
0.0,-67.41100242,0.87165921
0.1,-0.65291527,0.40210454
0.2,-45.07946214,0.8560963
0.25666667,-37.24252155,1.09108247
