segment,pitch,stretch
0.0,-76.64131244,0.67668261
0.1,-39.91871486,0.28498495
0.2,-10.31613543,0.59130788
0.25666667,20.39966841,1.12904738
