segment,pitch,stretch
0.0,40.44340114,0.70170615
0.1,-11.08391972,1.63180194
0.2,-2.7382686,1.33837455
0.25666667,-30.15899093,1.47207372
