segment,pitch,stretch
0.0,-16.33102186,0.79850708
0.1,-49.72009429,1.31273679
0.2,-23.39596266,1.51298147
0.25666667,-34.72439006,0.92861139
