segment,pitch,stretch
0.0,10.38102426,0.90840989
0.1,-66.54271468,1.6485676
0.2,-2.89265523,0.79956718
0.25666667,-87.42126356,1.28352811
