segment,pitch,stretch
0.0,-14.13750987,1.65765615
0.1,89.20229744,0.32114998
0.2,38.93652685,0.52368354
0.25666667,37.63986889,1.60531686
