segment,pitch,stretch
0.0,-77.28287391,1.10563408
0.1,-59.34931175,0.27897949
0.2,-59.15957395,1.42245938
0.25666667,88.90935082,0.18524725
