segment,pitch,stretch
0.0,10.14997655,0.96169616
0.1,13.88697857,0.82290304
0.2,3.86253466,0.18816998
0.25666667,47.83568498,1.34102864
