segment,pitch,stretch
0.0,-76.68975493,1.01472424
0.1,-61.92507962,1.84772624
0.2,-59.03609545,1.36374408
0.25666667,88.69049446,1.21538153
