segment,pitch,stretch
0.0,-19.24670356,0.58320819
0.1,-19.07264886,1.75711633
0.2,-15.66011034,0.20485265
0.25666667,-21.38655245,0.63500763
