segment,pitch,stretch
0.0,34.48773494,0.90390655
0.1,82.41652137,1.13926368
0.2,-51.47900312,1.63497012
0.25666667,70.4490668,0.74730693
