segment,pitch,stretch
0.0,-15.34440167,0.71900559
0.1,10.78758757,1.22956467
0.2,-99.05600522,1.71608101
0.25666667,-6.99010662,1.92257683
