segment,pitch,stretch
0.0,-14.61439924,1.57160784
0.1,31.18450832,1.95729533
0.2,25.79538703,1.5259075
0.25666667,-0.91933426,1.3870147
