segment,pitch,stretch
0.0,-16.14738252,1.77999263
0.1,19.84507786,0.90385235
0.2,-46.64792285,0.51993189
0.25666667,-81.41203514,1.06673989
