segment,pitch,stretch
0.0,49.41572239,1.13440167
0.1,75.37923123,1.49278765
0.2,0.1370905,0.20624254
0.25666667,22.03577701,0.01599226
