segment,pitch,stretch
0.0,-85.45925867,0.92391671
0.1,-75.83462931,0.55779761
0.2,-81.34632848,1.04156293
0.25666667,-4.23490283,0.8536223
