segment,pitch,stretch
0.0,-92.66274659,1.46575448
0.1,10.27191584,1.6425047
0.2,-51.62824615,0.28117244
0.25666667,-30.4370249,1.68634793
