segment,pitch,stretch
0.0,49.95404734,0.88379096
0.1,-42.73933853,1.13878319
0.2,16.44287486,0.43325684
0.25666667,-12.34539139,0.01727343
