segment,pitch,stretch
0.0,-66.32571195,0.9896497
0.1,85.09907795,0.67654191
0.2,87.37862016,1.4708398
0.25666667,-18.39108149,0.82969394
