segment,pitch,stretch
0.0,69.62296415,1.67675408
0.1,-41.49433877,1.60540147
0.2,-65.025051,0.45817867
0.25666667,10.9117334,1.10562968
