segment,pitch,stretch
0.0,-78.44301617,1.61962555
0.1,84.17180311,0.78674907
0.2,32.05176365,0.83302444
0.25666667,1.79049447,0.85177262
