segment,pitch,stretch
0.0,-85.34625679,1.0505287
0.1,19.71799215,1.50206547
0.2,-84.96079432,1.53807785
0.25666667,-20.27996547,1.54027091
