segment,pitch,stretch
0.0,-51.31535201,1.24719536
0.1,-31.64171723,1.74184859
0.2,81.67923452,0.78878625
0.25666667,54.52860803,1.82878415
