segment,pitch,stretch
0.0,-60.6968374,1.40310832
0.1,-13.66133732,0.07324596
0.2,-49.05218158,0.92091935
0.25666667,-62.82393396,0.56730757
