segment,pitch,stretch
0.0,25.02930943,0.29249845
0.1,77.59070044,1.82268286
0.2,61.13366196,0.69638669
0.25666667,-46.58539851,0.57279137
