segment,pitch,stretch
0.0,-63.35446608,1.54071776
0.1,12.54179258,0.67448432
0.2,2.59324468,0.56210636
0.25666667,34.92537359,1.5196438
