segment,pitch,stretch
0.0,-25.73289632,0.08278175
0.1,52.55800123,0.7848412
0.2,-82.88064372,1.99473571
0.25666667,71.02003497,0.87564379
