segment,pitch,stretch
0.0,86.96734506,0.62271677
0.1,-8.603444,1.69916535
0.2,11.78169212,1.65961944
0.25666667,14.18547806,1.90120182
