segment,pitch,stretch
0.0,6.74214439,0.42718416
0.1,3.15736066,1.82203077
0.2,10.42128043,0.49696174
0.25666667,89.20041031,0.34350523
