segment,pitch,stretch
0.0,-33.29442342,0.17876133
0.1,66.78729562,1.55990879
0.2,-0.09457626,1.00824872
0.25666667,-6.43111547,1.50563658
