segment,pitch,stretch
0.0,8.73559539,0.8054478
0.1,-22.15313252,1.73211315
0.2,26.0955013,0.21896619
0.25666667,22.70157082,0.54256666
