segment,pitch,stretch
0.0,61.04894301,1.56575395
0.1,4.55457692,1.97883698
0.2,51.77529612,1.92093932
0.25666667,-22.06501589,0.68389876
