segment,pitch,stretch
0.0,-9.17095967,0.42962635
0.1,-70.57850226,1.70698124
0.2,63.21349252,1.25010697
0.25666667,59.47578694,1.52671833
