segment,pitch,stretch
0.0,21.98154849,0.17421097
0.1,59.44126587,0.03094343
0.2,-51.05687534,0.79924543
0.25666667,-9.70916743,0.82068176
