segment,pitch,stretch
0.0,-70.22582879,1.51870869
0.1,-4.40112263,0.92589592
0.2,31.24717972,1.81286995
0.25666667,-33.70292804,0.86118474
