segment,pitch,stretch
0.0,19.51956159,0.29322561
0.1,-22.93629197,0.34885274
0.2,72.54596199,0.3497483
0.25666667,13.27885696,0.14375838
