segment,pitch,stretch
0.0,14.8960744,1.68730737
0.1,-82.02762151,1.03733778
0.2,66.91383722,1.59061665
0.25666667,-78.07836064,0.49489255
