segment,pitch,stretch
0.0,94.09836303,0.01406103
0.1,43.08248712,1.41739343
0.2,-98.14389097,1.7994516
0.25666667,-80.28643924,0.15166218
