segment,pitch,stretch
0.0,77.87531809,1.86418809
0.1,-26.89699032,0.30357323
0.2,-54.93316964,1.97458381
0.25666667,-94.94644501,1.01877906
