segment,pitch,stretch
0.0,76.34817382,0.72953599
0.1,2.37579461,1.5415695
0.2,-59.90047781,1.01078515
0.25666667,20.08623444,1.02737445
