segment,pitch,stretch
0.0,2.66615607,1.05020949
0.1,-24.26502045,0.55521736
0.2,-31.81388833,0.20807215
0.25666667,34.70768216,1.08119284
