segment,pitch,stretch
0.0,25.76771762,1.36859257
0.1,-70.25975294,1.02052852
0.2,-52.96477311,1.14771146
0.25666667,41.51950841,0.3441713
