segment,pitch,stretch
0.0,-81.47221285,1.61446576
0.1,42.68543716,1.13976105
0.2,-73.81682794,0.22032829
0.25666667,-85.27887702,0.61620659
