segment,pitch,stretch
0.0,-34.40531311,0.38592943
0.1,-47.89713654,0.82636765
0.2,1.74747298,1.60738751
0.25666667,24.1153847,0.61367061
