segment,pitch,stretch
0.0,96.41776506,0.28463844
0.1,-53.52749338,1.69872517
0.2,51.10087415,0.80798533
0.25666667,27.39654188,1.79838566
