segment,pitch,stretch
0.0,57.46562038,1.84924107
0.1,64.37451918,1.35752119
0.2,34.82822911,1.55092153
0.25666667,-44.22171713,0.2478561
