segment,pitch,stretch
0.0,69.59464859,0.59800434
0.1,92.96629611,0.25880336
0.2,83.22574806,0.52365302
0.25666667,59.78978888,1.67953256
