segment,pitch,stretch
0.0,-14.31975686,0.1654928
0.1,44.56193131,0.95189119
0.2,-86.7672378,0.13775192
0.25666667,88.73328565,1.69441392
