segment,pitch,stretch
0.0,-27.01625533,0.65463853
0.1,30.5454192,0.82547758
0.2,-10.3355652,1.18020414
0.25666667,-1.40658107,0.75245655
