segment,pitch,stretch
0.0,-6.6246598,1.79360699
0.1,49.95824353,1.27582672
0.2,50.90371108,1.55422844
0.25666667,-96.22740321,0.51380788
