segment,pitch,stretch
0.0,-68.75533602,0.74886616
0.1,-70.31736245,1.09629777
0.2,30.11750803,0.8052417
0.25666667,-35.89247017,0.22664311
