segment,pitch,stretch
0.0,-52.32363839,0.44295398
0.1,23.44364533,1.4520287
0.2,72.20212972,0.63620541
0.25666667,-25.42911122,1.39952151
