segment,pitch,stretch
0.0,42.86960152,1.10156515
0.1,79.85160671,0.90608198
0.2,98.12255829,0.87189229
0.25666667,78.01153847,1.12024719
