segment,pitch,stretch
0.0,-5.18125688,1.66521149
0.1,-33.24228679,1.63330091
0.2,13.99395474,0.18995652
0.25666667,-44.70505318,0.66219279
