segment,pitch,stretch
0.0,53.54317287,1.78210887
0.1,-58.7899365,0.28539332
0.2,-16.29959602,1.44255764
0.25666667,-29.17949613,0.93749012
