segment,pitch,stretch
0.0,85.32452385,1.68909252
0.1,-25.06918931,0.17046025
0.2,-17.89357971,0.61029189
0.25666667,45.31971501,0.53544367
