segment,pitch,stretch
0.0,-38.18468722,1.72805858
0.1,61.36042124,0.90054349
0.2,-21.02312881,0.35857958
0.25666667,-24.03892562,0.71397413
