segment,pitch,stretch
0.0,54.7439873,1.65699933
0.1,-90.40840953,0.10946834
0.2,-23.8496949,0.63660565
0.25666667,9.69074846,0.31092992
