segment,pitch,stretch
0.0,24.00791096,1.57962765
0.1,-92.28715444,0.67026409
0.2,-14.16316682,0.1799528
0.25666667,30.70182153,1.72405897
