segment,pitch,stretch
0.0,50.57286357,1.65201844
0.1,-63.34867724,1.47811083
0.2,6.48628749,1.28993383
0.25666667,42.71671415,0.78276191
