segment,pitch,stretch
0.0,64.75046939,1.51932084
0.1,-55.9473081,1.08335674
0.2,32.85596214,0.78781639
0.25666667,-89.33798771,0.66435238
