segment,pitch,stretch
0.0,-0.54521087,0.71963755
0.1,21.1278642,1.49294629
0.2,-42.86108881,1.86627756
0.25666667,77.96430269,0.60359825
