segment,pitch,stretch
0.0,-71.45872278,0.56157087
0.1,50.23093754,1.03531052
0.2,82.04936404,1.31605034
0.25666667,-63.35862329,0.72936955
