segment,pitch,stretch
0.0,-17.08871031,0.50691937
0.1,52.87150714,1.06902364
0.2,-46.35078868,1.77440634
0.25666667,67.27089244,0.5573406
