segment,pitch,stretch
0.0,40.93487779,1.95936394
0.1,-17.75235864,1.43648621
0.2,39.31370365,1.12127335
0.25666667,-10.04228362,0.40363044
