segment,pitch,stretch
0.0,31.80119749,0.65227963
0.1,-38.52135119,1.80763105
0.2,9.85895876,1.44692227
0.25666667,79.11511398,1.12716888
