segment,pitch,stretch
0.0,9.26283991,1.50228176
0.1,8.63416543,0.75616041
0.2,-94.49816933,0.98085129
0.25666667,-21.43071833,1.35574544
