segment,pitch,stretch
0.0,39.72931143,1.72926101
0.1,-11.10080972,1.89016293
0.2,-43.22344663,1.93253512
0.25666667,-3.52460634,0.82956566
