segment,pitch,stretch
0.0,48.7065843,1.72774852
0.1,36.17213003,0.94223675
0.2,22.16215467,1.06724209
0.25666667,3.80373218,1.19623342
