segment,pitch,stretch
0.0,66.19282508,0.41357469
0.1,-81.39884416,1.04952
0.2,72.72612179,1.37113635
0.25666667,76.03481505,1.54211369
