segment,pitch,stretch
0.0,27.05941303,0.35053576
0.1,-10.3346088,1.97169455
0.2,-24.27512535,0.90308202
0.25666667,34.7313677,0.94790865
