segment,pitch,stretch
0.0,5.04798132,0.30893924
0.1,34.86476391,1.37192861
0.2,8.76450083,1.2366194
0.25666667,-66.01533982,1.17459784
