segment,pitch,stretch
0.0,-13.81470081,1.26162917
0.1,50.38281738,1.19612478
0.2,50.22980228,1.02842354
0.25666667,-83.86271009,0.53389444
