segment,pitch,stretch
0.0,88.85530458,1.69331748
0.1,-87.19636625,0.73621757
0.2,-45.08147721,0.82405603
0.25666667,86.03081593,0.01123483
