segment,pitch,stretch
0.0,82.45325258,0.54112087
0.1,88.9094727,0.47601939
0.2,-44.07936747,1.71905709
0.25666667,97.80970813,1.16289195
