segment,pitch,stretch
0.0,-84.32189387,1.00877352
0.1,40.2374262,0.42603024
0.2,80.19404777,0.00517131
0.25666667,-31.07147466,1.19241547
