segment,pitch,stretch
0.0,33.82264354,0.94046277
0.1,-17.07734064,0.79714646
0.2,-15.93967404,1.26873891
0.25666667,58.67746901,1.69592015
