segment,pitch,stretch
0.0,-68.32294441,0.52835731
0.1,-10.78892258,0.49612748
0.2,91.72278204,1.46473376
0.25666667,-45.09260027,1.2872874
