segment,pitch,stretch
0.0,73.93932449,1.12285198
0.1,-96.38016005,0.52569443
0.2,52.71903464,1.01384132
0.25666667,71.89996729,0.74683012
