segment,pitch,stretch
0.0,94.580754,1.48632924
0.1,-77.59057929,0.83284567
0.2,49.28871101,1.32543638
0.25666667,54.34008904,1.18016963
