segment,pitch,stretch
0.0,35.47460752,0.77553755
0.1,-49.00208302,1.38730058
0.2,47.17677121,0.98156507
0.25666667,64.34433074,0.66404961
