segment,pitch,stretch
0.0,60.88638106,0.92905576
0.1,69.51712014,1.13956386
0.2,11.9354414,0.89341089
0.25666667,71.82951649,1.81253855
