segment,pitch,stretch
0.0,-85.58948589,0.63200809
0.1,13.09838054,1.95867716
0.2,-56.56906679,0.48937635
0.25666667,57.4599261,1.24156625
