segment,pitch,stretch
0.0,96.30835656,1.00234216
0.1,-16.80147809,0.65355169
0.2,34.50045069,1.63394937
0.25666667,-6.11336577,0.15404628
