segment,pitch,stretch
0.0,-2.50424847,1.53837519
0.1,-38.14130366,1.1394832
0.2,29.8899248,1.04638934
0.25666667,6.94729426,1.11851907
