segment,pitch,stretch
0.0,-28.32639357,1.40536398
0.1,-28.26139456,0.96467568
0.2,-57.21870996,1.12687293
0.25666667,-51.4120543,0.49094377
