segment,pitch,stretch
0.0,-14.94486739,0.60674079
0.1,-3.70752284,0.18450848
0.2,-14.04083749,1.64475948
0.25666667,-29.27941665,0.26397745
