segment,pitch,stretch
0.0,-59.08437243,0.65572155
0.1,-11.33502928,1.68249373
0.2,-8.85944942,0.52457197
0.25666667,-2.33471857,1.1312199
