segment,pitch,stretch
0.0,-13.71320418,1.40282364
0.1,-74.77814183,0.51226478
0.2,42.48534987,1.59981073
0.25666667,-48.97271451,1.00485648
