segment,pitch,stretch
0.0,79.70451557,1.26694721
0.1,-96.60134716,0.15349476
0.2,12.1279289,0.99393875
0.25666667,-44.3997303,1.32782977
