segment,pitch,stretch
0.0,-17.448813,1.41004623
0.1,35.46481843,0.76159164
0.2,-20.0899606,1.03892063
0.25666667,-29.56589343,1.03966959
