segment,pitch,stretch
0.0,-2.34959028,0.74247593
0.1,-12.00596157,1.74271244
0.2,53.09832594,0.67609159
0.25666667,2.06709411,1.84499539
