segment,pitch,stretch
0.0,33.37389434,1.87718004
0.1,66.22312498,1.50950791
0.2,-4.57961146,0.09437067
0.25666667,50.69207221,1.19183747
