segment,pitch,stretch
0.0,-39.76270633,0.57054307
0.1,98.43983978,0.47887101
0.2,-35.93188367,1.36476361
0.25666667,-13.56550518,1.70592369
