segment,pitch,stretch
0.0,-69.89314337,1.41470617
0.1,8.10824913,0.24806543
0.2,41.02901981,1.01013957
0.25666667,-9.46888932,0.18165289
