segment,pitch,segment,stretch
0.0,0.0785638242,0.0,1.32851713
0.1,6.42084207,0.1,1.65603836
0.2,84.3922519,0.2,1.32676382
0.256666667,1.87399725,0.25666667,0.80161972
