segment,pitch,stretch
0.0,-99.0384004,1.64247416
0.1,40.13117567,0.98090528
0.2,49.54188212,1.75566355
0.25666667,89.60941169,0.64442147
