segment,pitch,stretch
0.0,27.89553513,1.9323197
0.1,-51.2753628,1.67315664
0.2,-75.08991272,1.14592467
0.25666667,-24.40434042,1.81837395
