segment,pitch,stretch
0.0,-1.19097064,0.99374935
0.1,-92.85229973,0.05831089
0.2,-96.93666457,1.01399938
0.25666667,-48.92774089,0.05507298
