segment,pitch,stretch
0.0,96.27107524,0.63462189
0.1,31.19825585,1.63064356
0.2,59.60884037,0.96291672
0.25666667,90.96213602,1.24636593
