segment,pitch,stretch
0.0,-39.39804621,1.26291691
0.1,14.23792488,1.60181117
0.2,-84.08825282,0.57012939
0.25666667,-46.46940665,1.06315664
