segment,pitch,stretch
0.0,-29.72839746,0.56251
0.1,-47.17385777,1.58526303
0.2,-30.03244322,0.59604728
0.25666667,17.7760196,1.67426799
