segment,pitch,stretch
0.0,-7.09076065,0.01679895
0.1,62.1549683,1.75942782
0.2,-14.42714579,0.28698877
0.25666667,-85.6987995,1.72009857
