segment,pitch,segment,stretch
0.0,19.1317605,0.0,0.13091957
0.1,-45.8995637,0.1,1.80487076
0.2,0.0160089686,0.2,1.56599149
0.256666667,88.294087,0.25666667,1.35043951
