segment,pitch,stretch
0.0,-38.30420493,1.0266732
0.1,-97.26803886,0.03873156
0.2,55.3544282,0.32593073
0.25666667,8.78644418,0.80695306
