segment,pitch,stretch
0.0,35.46622773,1.8142291
0.1,62.41897997,1.39339975
0.2,-12.16405894,1.57822467
0.25666667,23.8007589,1.63044315
