segment,pitch,stretch
0.0,85.02614504,1.30132326
0.1,79.4123752,0.75427136
0.2,52.99117024,0.35196824
0.25666667,-70.6267891,0.96175292
