segment,pitch,stretch
0.0,12.26814589,1.17834032
0.1,-17.58329492,1.15702499
0.2,-20.00100575,1.2863232
0.25666667,-50.75971007,0.02470224
