segment,pitch,stretch
0.0,41.67803598,0.10564039
0.1,50.6586837,1.22556883
0.2,-85.20353251,1.48633574
0.25666667,-12.88596769,1.12124299
