segment,pitch,stretch
0.0,98.86127545,0.38470371
0.1,-58.47415861,0.77077576
0.2,23.95425933,1.30836253
0.25666667,74.34097669,1.2187589
