segment,pitch,stretch
0.0,-92.89939655,0.72916007
0.1,80.14352585,1.01323436
0.2,74.03041043,0.998205
0.25666667,18.97683281,0.30086371
