segment,pitch,stretch
0.0,95.35910422,1.71732874
0.1,-6.65722592,0.79073406
0.2,-0.21871516,0.34583293
0.25666667,-55.34055424,0.39020762
