segment,pitch,stretch
0.0,86.81441283,1.16860967
0.1,-4.21988764,0.88033016
0.2,27.13702415,0.79008737
0.25666667,25.74151368,1.16621919
