segment,pitch,stretch
0.0,86.31857573,1.61060215
0.1,-46.02697415,1.76940735
0.2,45.41214831,0.70600977
0.25666667,58.05056059,0.79164166
