segment,pitch,stretch
0.0,85.31192626,1.27180188
0.1,-62.96284321,0.82867252
0.2,93.26127986,1.69740624
0.25666667,48.13314647,0.31258738
