segment,pitch,stretch
0.0,-92.75119925,0.18544254
0.1,77.20775246,0.07031399
0.2,-51.05688592,0.46666342
0.25666667,27.03743598,1.78468618
