segment,pitch,stretch
0.0,-20.54401218,1.01178449
0.1,-64.61887171,1.79283511
0.2,-56.67652055,0.92711934
0.25666667,-29.90055738,1.0186138
