segment,pitch,stretch
0.0,-25.82648211,0.15296837
0.1,13.08751975,1.42149925
0.2,-84.06590477,1.29281362
0.25666667,-28.7935441,1.41538706
