segment,pitch,stretch
0.0,44.18626496,0.26295785
0.1,-64.95611773,1.5401655
0.2,-49.1644617,1.25089254
0.25666667,-37.6294576,1.82171191
