segment,pitch,stretch
0.0,-54.98282588,1.39465542
0.1,-84.59035382,1.77814632
0.2,-24.91317649,0.57412197
0.25666667,11.58207854,1.85348509
