segment,pitch,stretch
0.0,-18.90498038,0.47409532
0.1,-28.86355513,1.76910273
0.2,-97.62198235,0.72222374
0.25666667,26.30993693,0.09803926
