segment,pitch,stretch
0.0,78.53201718,1.73310634
0.1,87.32508034,1.73147281
0.2,77.15455549,1.58178344
0.25666667,-51.33102937,0.27993183
