segment,pitch,stretch
0.0,61.70033847,1.87867126
0.1,-19.77100541,0.40395676
0.2,-44.48193137,1.14362057
0.25666667,-92.19007218,1.68692384
