segment,pitch,stretch
0.0,78.06162864,0.52442488
0.1,7.60258692,1.548285
0.2,-72.81657303,0.10823364
0.25666667,58.9269084,1.31415279
