segment,pitch,stretch
0.0,4.63188994,1.82787098
0.1,28.08955108,0.29502826
0.2,71.15157801,0.14883578
0.25666667,-28.31676071,0.64245631
