segment,pitch,stretch
0.0,-57.70995681,0.42078672
0.1,48.77026686,1.91428116
0.2,-48.38648813,0.69257086
0.25666667,53.40375253,1.23009328
