segment,pitch,stretch
0.0,97.1433432,1.2603
0.1,1.59516127,0.42137615
0.2,27.02161491,0.87652171
0.25666667,62.92522021,1.1230089
