segment,pitch,stretch
0.0,-93.70742078,1.13399743
0.1,-62.00989335,0.93012586
0.2,72.64416852,0.78518922
0.25666667,6.15605077,0.75575783
