segment,pitch,stretch
0.0,-75.34784911,1.71069253
0.1,20.53880501,1.37718063
0.2,-66.82934855,1.47865121
0.25666667,0.42354047,1.29460257
