segment,pitch,stretch
0.0,0.51528889,0.39555504
0.1,31.38938416,1.50115078
0.2,-56.71204584,1.00732686
0.25666667,95.05763822,0.59062761
