segment,pitch,stretch
0.0,-81.64215326,0.09493453
0.1,84.74526907,0.0053506
0.2,-10.10354349,1.61132934
0.25666667,-10.14583619,1.39802197
