segment,pitch,stretch
0.0,-60.69074585,1.64484001
0.1,-41.67968152,0.19415831
0.2,-8.99838874,1.20864699
0.25666667,40.83736488,0.81730442
