segment,pitch,stretch
0.0,-19.98952993,1.92157149
0.1,50.70617954,0.53263035
0.2,80.27383631,1.8452111
0.25666667,31.55502425,1.73122835
