segment,pitch,stretch
0.0,47.28842571,1.09614989
0.1,40.8763752,1.93529177
0.2,-0.29365354,0.05812677
0.25666667,-9.49286286,0.68816992
