segment,pitch,stretch
0.0,1.54236609,0.97335898
0.1,42.93927178,0.92328993
0.2,94.14256546,0.31229256
0.25666667,78.31055202,0.51911246
