segment,pitch,stretch
0.0,34.1596777,0.91954119
0.1,-44.36149414,1.97424998
0.2,5.0850049,0.32778381
0.25666667,-37.48818875,0.84724669
