segment,pitch,stretch
0.0,21.52139078,0.27861971
0.1,91.02122448,0.31750307
0.2,28.53627776,0.35857003
0.25666667,-78.88687792,1.70163595
