segment,pitch,stretch
0.0,-36.45256911,0.98498246
0.1,52.80709263,1.84515784
0.2,-45.25624127,1.50799972
0.25666667,18.96418323,1.61920031
