segment,pitch,stretch
0.0,97.81644093,0.09503525
0.1,68.05004199,0.33267387
0.2,-44.05597581,1.51053464
0.25666667,40.91945638,1.37458991
