segment,pitch,stretch
0.0,-38.7537279,0.7061587
0.1,12.31277697,1.27161124
0.2,6.50697833,0.8921187
0.25666667,-34.92912415,1.97802528
