segment,pitch,stretch
0.0,35.80891732,1.18984778
0.1,-69.45523052,0.95727089
0.2,14.95046841,1.94704509
0.25666667,17.64450191,1.37814226
