segment,pitch,stretch
0.0,-86.08965853,1.35817583
0.1,69.78931281,0.2902945
0.2,-42.1324214,0.84488429
0.25666667,-13.11810425,0.59655356
