segment,pitch,stretch
0.0,-44.48466948,0.06372519
0.1,21.49635037,0.1513717
0.2,52.91188767,1.07040488
0.25666667,23.38430508,1.60411559
