segment,pitch,stretch
0.0,29.07754255,1.10473325
0.1,99.63110947,0.86614983
0.2,-11.85966914,1.10071
0.25666667,-24.94738594,1.32437332
