segment,pitch,stretch
0.0,-5.34356544,0.47275823
0.1,-51.77157259,0.98771666
0.2,16.6615471,0.01400035
0.25666667,-37.68560636,0.42827786
