segment,pitch,segment,stretch
0.0,84.5751695,0.0,1.39276289
0.1,-54.9339599,0.1,0.42909402
0.2,-20.4659381,0.2,1.80166787
0.256666667,0.0497627412,0.25666667,1.01422067
