segment,pitch,stretch
0.0,-52.94558073,1.79880208
0.1,92.39955521,1.0939287
0.2,-42.31606849,0.57130202
0.25666667,97.06976377,1.82278353
