segment,pitch,stretch
0.0,44.0184541,1.95811598
0.1,34.90106467,0.34352798
0.2,79.90705756,0.77799391
0.25666667,-45.9390609,0.55231539
