segment,pitch,stretch
0.0,34.54343789,1.97652899
0.1,76.62551814,0.35866047
0.2,69.99614697,1.49815227
0.25666667,-97.30266151,1.92878763
