segment,pitch,stretch
0.0,13.6338747,1.10667495
0.1,-48.5646874,1.60365116
0.2,-42.92936875,0.82861267
0.25666667,-22.57825883,0.56371323
