segment,pitch,stretch
0.0,-36.40535669,1.51597666
0.1,61.69828746,0.87708619
0.2,66.97541187,1.35480731
0.25666667,-86.21475416,0.58642825
