segment,pitch,stretch
0.0,-59.81098651,0.93400427
0.1,55.41661021,0.25641934
0.2,43.77043266,0.61594081
0.25666667,-5.41632891,1.32329824
