segment,pitch,stretch
0.0,-86.93028371,1.16085897
0.1,-96.54996815,0.25570688
0.2,92.34248117,0.21766843
0.25666667,-12.30629338,1.93131174
