segment,pitch,stretch
0.0,-19.9871771,1.33271467
0.1,-61.98813266,1.54343533
0.2,-51.99144191,1.11888865
0.25666667,26.5419494,1.56196296
