segment,pitch,stretch
0.0,-38.32224649,1.67202697
0.1,16.6107471,0.91904085
0.2,-53.73538957,1.09329776
0.25666667,-39.28573671,1.37901108
