segment,pitch,stretch
0.0,90.1787868,1.05169603
0.1,95.19464712,0.16234368
0.2,-71.09612906,1.85560054
0.25666667,86.48037909,0.23492468
