segment,pitch,stretch
0.0,4.79398058,1.10654006
0.1,85.90612859,1.2996969
0.2,-69.41023595,0.20520219
0.25666667,-22.07588814,1.17361701
