segment,pitch,stretch
0.0,-28.24477507,0.35227097
0.1,-36.63699676,1.16218152
0.2,67.9524461,1.82395355
0.25666667,8.53170414,1.63669257
