segment,pitch,stretch
0.0,99.95964938,0.10365101
0.1,62.1224346,1.02026934
0.2,-10.06540024,0.56488883
0.25666667,-5.35888672,0.3884986
