segment,pitch,stretch
0.0,-42.85760261,0.14777183
0.1,78.12316343,1.08229262
0.2,32.53186734,0.52251513
0.25666667,60.20924512,1.40255579
