segment,pitch,stretch
0.0,93.48002859,1.03648483
0.1,99.142871,1.23043948
0.2,-33.98102163,1.1332488
0.25666667,38.68354094,0.62015381
