segment,pitch,stretch
0.0,29.59235099,0.62183529
0.1,34.94187385,0.21370909
0.2,50.69614072,0.33639435
0.25666667,30.08512425,1.23768731
