segment,pitch,stretch
0.0,41.22965042,0.26309645
0.1,55.45523643,0.30227962
0.2,-56.08981041,0.58983644
0.25666667,27.67304414,1.26996728
