segment,pitch,stretch
0.0,-21.77805362,0.549449
0.1,-45.2722057,0.20224538
0.2,67.02777506,1.0051208
0.25666667,-75.35716628,1.31223223
