segment,pitch,stretch
0.0,-24.27897726,0.66366025
0.1,45.4380102,1.16686233
0.2,44.52165476,0.86083852
0.25666667,11.96128215,1.88972919
