segment,pitch,stretch
0.0,-76.02138843,1.52776537
0.1,-79.3514541,0.93213061
0.2,33.13783193,1.10363763
0.25666667,-70.0412192,1.44956109
