segment,pitch,stretch
0.0,-9.6162674,0.19772274
0.1,9.27811619,0.11941549
0.2,-71.03065972,1.54802806
0.25666667,-29.12959292,1.03524562
