segment,pitch,stretch
0.0,31.24463061,0.69283155
0.1,-22.87848896,1.55894518
0.2,-36.82881223,1.67941014
0.25666667,-47.84026219,0.92091984
