segment,pitch,stretch
0.0,13.54970771,0.17477243
0.1,96.46591802,0.30528336
0.2,96.13650215,0.41819952
0.25666667,-35.2772524,1.86493567
