segment,pitch,stretch
0.0,1.45674265,0.26044346
0.1,47.27057229,1.87217745
0.2,-41.5239841,1.40485436
0.25666667,32.3517821,1.2389409
