segment,pitch,stretch
0.0,41.78718943,1.64767318
0.1,-73.8341876,1.66923601
0.2,2.46605077,1.63004177
0.25666667,-5.34058627,1.91522166
