segment,pitch,stretch
0.0,40.44836216,0.13212964
0.1,-67.56280837,0.74019732
0.2,-28.73514643,0.72240648
0.25666667,-49.63309354,0.47162208
