segment,pitch,stretch
0.0,31.66119151,0.87276462
0.1,20.17093967,1.08469616
0.2,-46.84568686,1.99629221
0.25666667,10.399138,0.44449425
