segment,pitch,stretch
0.0,-37.58690814,0.69509593
0.1,64.36969435,0.9899387
0.2,-16.17747505,1.54991446
0.25666667,-31.52468705,1.42558302
