segment,pitch,stretch
0.0,53.04818478,0.48026107
0.1,68.67010762,1.94302888
0.2,-91.11205335,0.36511891
0.25666667,-38.9131055,1.6181542
