segment,pitch,stretch
0.0,82.47343156,0.8791919
0.1,79.23143861,0.93561146
0.2,34.81001375,1.15477002
0.25666667,28.26612214,0.77336938
