segment,pitch,stretch
0.0,37.74619949,1.94846132
0.1,35.79177818,0.74629838
0.2,-4.82792988,1.12672767
0.25666667,-29.99687949,0.50330326
