segment,pitch,stretch
0.0,77.9010548,1.15209157
0.1,-51.77114594,0.29445829
0.2,87.84855202,0.58679482
0.25666667,84.03497815,1.23322571
