segment,pitch,stretch
0.0,63.54740934,1.51153345
0.1,37.72830153,0.09945987
0.2,-3.45882983,0.22010167
0.25666667,83.86154552,0.71497999
