segment,pitch,stretch
0.0,-18.10302265,1.34189827
0.1,9.93139794,1.47029794
0.2,91.46195775,0.17269775
0.25666667,56.10040773,1.22679594
