segment,pitch,stretch
0.0,-74.59140771,1.12132674
0.1,29.14043257,1.20077734
0.2,37.28402081,0.75804668
0.25666667,-66.4238982,0.86443687
