segment,pitch,stretch
0.0,-56.11865097,1.37224371
0.1,-7.09029516,0.68301448
0.2,-36.29429224,0.41531668
0.25666667,-11.40231031,0.4885534
