segment,pitch,stretch
0.0,45.44740295,0.80263788
0.1,42.82646372,1.96742974
0.2,-9.21139132,0.40483772
0.25666667,30.29486893,0.1024326
