segment,pitch,stretch
0.0,-15.06976312,1.40090564
0.1,-35.17937665,1.12974732
0.2,-39.80354227,1.04756912
0.25666667,-27.78014644,0.16748103
