segment,pitch,stretch
0.0,32.80241223,0.38229386
0.1,11.70984026,0.34252019
0.2,-24.23897751,1.12781483
0.25666667,5.92669397,1.51292739
