segment,pitch,stretch
0.0,-0.72741882,1.73508679
0.1,17.06804162,1.04827054
0.2,-90.47269694,0.06966066
0.25666667,-46.03968341,1.13213122
