segment,pitch,stretch
0.0,-14.44114523,1.1198793
0.1,22.88033262,0.12707755
0.2,45.87784319,1.72429487
0.25666667,14.60103067,0.79769027
