segment,pitch,stretch
0.0,-64.10930236,0.7615396
0.1,-7.16601985,1.77142655
0.2,-76.9677693,1.45350334
0.25666667,64.27469246,1.62999495
