segment,pitch,stretch
0.0,2.1799823,1.97167661
0.1,30.63833179,1.14790719
0.2,99.93583097,1.70510721
0.25666667,-23.95585557,1.67415678
