segment,pitch,stretch
0.0,28.79978772,0.08316766
0.1,-73.21999651,0.38167469
0.2,-92.33353735,1.82525895
0.25666667,-92.59521946,1.04737586
