segment,pitch,stretch
0.0,-26.74770248,1.09674102
0.1,-33.54864391,0.98606035
0.2,-23.72939517,1.86933067
0.25666667,53.93300908,0.6204836
