segment,pitch,stretch
0.0,26.23401792,1.39276004
0.1,-24.69700304,1.17915575
0.2,20.89476161,0.89700471
0.25666667,-5.21833306,0.44164607
