segment,pitch,stretch
0.0,47.12624694,0.11708635
0.1,27.16283734,1.67756831
0.2,55.37707654,0.50575055
0.25666667,-3.25728377,0.46543416
