segment,pitch,stretch
0.0,52.99239945,1.20115282
0.1,-62.37721768,0.53106937
0.2,54.26195155,1.91925029
0.25666667,8.23350592,0.42380295
