segment,pitch,stretch
0.0,-62.11881418,0.72316351
0.1,-49.1326041,0.52652182
0.2,11.48721962,0.30218135
0.25666667,-26.18142206,1.69243497
