segment,pitch,stretch
0.0,33.06955163,0.26323542
0.1,99.3644883,0.35684642
0.2,-80.69510174,0.7045199
0.25666667,67.54375124,0.58342204
