segment,pitch,stretch
0.0,-82.72654322,1.91034617
0.1,51.19533055,0.35578453
0.2,81.3850192,1.45645662
0.25666667,12.9967417,1.34605049
