segment,pitch,stretch
0.0,-8.63904718,0.91131932
0.1,71.12460489,1.66035555
0.2,81.48384407,0.95248702
0.25666667,64.01477431,0.54451157
