segment,pitch,stretch
0.0,64.66028359,0.94999591
0.1,-43.2680873,1.38482691
0.2,-64.36892284,1.27938883
0.25666667,44.10109235,0.16591499
