segment,pitch,stretch
0.0,11.21723197,0.46669198
0.1,71.99064207,0.00506582
0.2,-70.2949895,0.23170645
0.25666667,-90.37135255,0.39597554
