segment,pitch,stretch
0.0,-35.34138518,0.91250327
0.1,-27.53268432,1.55486221
0.2,-4.59062168,0.05513513
0.25666667,54.17413939,0.74937359
