segment,pitch,stretch
0.0,-37.07388554,0.1380457
0.1,74.87893645,0.44333359
0.2,-91.66198227,0.5462976
0.25666667,81.38219901,1.94163826
