segment,pitch,stretch
0.0,-34.18466024,0.10021852
0.1,35.41565559,0.72859392
0.2,59.04414741,0.77782194
0.25666667,80.0519445,1.13599019
