segment,pitch,stretch
0.0,-70.79994344,1.47729798
0.1,-7.59389362,0.30115563
0.2,-3.58790265,1.39440132
0.25666667,-30.70883091,1.61039035
