segment,pitch,stretch
0.0,-60.92786521,0.89558721
0.1,31.54292158,1.14451351
0.2,82.84770607,0.29770625
0.25666667,75.81016287,0.45932577
