segment,pitch,stretch
0.0,-60.99605007,1.01059702
0.1,-27.05939135,1.98581859
0.2,-10.58439289,0.30142011
0.25666667,-17.47548333,1.16939553
