segment,pitch,stretch
0.0,-70.30580716,0.18088618
0.1,33.64373442,1.43869791
0.2,26.55830463,0.89230346
0.25666667,46.16769785,0.14009493
