segment,pitch,stretch
0.0,69.85248337,0.52307933
0.1,-5.79297453,1.24080119
0.2,45.5401504,0.43993349
0.25666667,54.55962649,1.3035803
