segment,pitch,stretch
0.0,-48.65293901,0.34246772
0.1,-4.89021115,1.03510625
0.2,-57.2651588,1.59317518
0.25666667,-57.53771148,0.91667414
