segment,pitch,stretch
0.0,31.18827639,0.50646138
0.1,28.69447174,0.63180121
0.2,-68.83088208,1.73165753
0.25666667,44.69710936,1.77415142
