segment,pitch,stretch
0.0,31.92379501,1.0555525
0.1,-44.87917853,1.35077548
0.2,-30.25450012,0.66649605
0.25666667,-8.41227372,1.59075988
