segment,pitch,stretch
0.0,-4.17853165,1.11841435
0.1,-52.7672758,1.14982518
0.2,-35.65632354,1.99911749
0.25666667,-38.23501308,0.07284053
