segment,pitch,stretch
0.0,97.94153635,0.77689604
0.1,11.27160269,0.07842581
0.2,92.4188156,1.30147174
0.25666667,46.65552131,0.73281584
