segment,pitch,stretch
0.0,22.16772641,0.07376739
0.1,4.75787086,1.79269703
0.2,16.21543539,1.59138707
0.25666667,-31.35162056,1.67096256
