segment,pitch,stretch
0.0,47.78235411,1.53952375
0.1,-55.43932,1.15285736
0.2,-4.4200676,1.9057017
0.25666667,92.51428674,1.54517481
