segment,pitch,stretch
0.0,-28.57126009,0.27570035
0.1,-0.09971188,0.02539286
0.2,21.79777269,0.56520269
0.25666667,-88.2290065,1.36421593
