segment,pitch,stretch
0.0,24.81509803,0.12690374
0.1,-63.66512484,0.60816637
0.2,-35.07665133,0.42682998
0.25666667,-2.30327069,0.74050477
