segment,pitch,stretch
0.0,39.79198264,1.78905862
0.1,66.47948286,1.41226809
0.2,57.39946228,1.54721415
0.25666667,-39.27972342,0.33574946
