segment,pitch,stretch
0.0,43.80393873,0.16736189
0.1,23.97019037,0.82539527
0.2,96.73627246,1.26581733
0.25666667,86.69297093,1.40091334
