segment,pitch,stretch
0.0,-52.68130191,1.49469738
0.1,73.91368418,1.06358835
0.2,7.73324389,1.12421265
0.25666667,92.88066518,0.65436219
