segment,pitch,stretch
0.0,-5.35501711,1.94967077
0.1,28.75563306,0.4629862
0.2,60.61846434,0.74478567
0.25666667,-78.89426498,0.69826307
