segment,pitch,stretch
0.0,-56.73984936,0.20875225
0.1,32.58414802,0.25167591
0.2,-45.44939314,1.19458688
0.25666667,-96.65983196,0.25310381
