segment,pitch,stretch
0.0,-45.81384366,0.89556329
0.1,-31.22745768,1.16444889
0.2,7.07301694,0.03247946
0.25666667,85.51747291,0.10908846
