segment,pitch,stretch
0.0,1.47980053,0.83350323
0.1,-89.13888063,1.99658076
0.2,1.45566029,0.72464724
0.25666667,-76.25724372,1.09622387
