segment,pitch,stretch
0.0,77.88438146,0.30850898
0.1,-89.66132416,1.49064351
0.2,66.08375885,1.28629193
0.25666667,-39.93161414,1.01533724
