segment,pitch,stretch
0.0,98.71232228,1.58912918
0.1,19.8777742,0.8460381
0.2,2.02188034,1.72839065
0.25666667,-4.73018768,1.75057888
