segment,pitch,stretch
0.0,-49.05511086,0.41123153
0.1,68.97169656,0.36604045
0.2,35.56747744,0.22184937
0.25666667,3.91641015,1.3158831
