segment,pitch,stretch
0.0,-35.67204937,1.29614461
0.1,-14.5967046,0.74963508
0.2,23.77171322,0.96397917
0.25666667,-43.45086892,0.69619931
