segment,pitch,stretch
0.0,-14.06099989,0.21649577
0.1,-5.26283055,0.66520183
0.2,18.02137941,0.4490454
0.25666667,46.27962364,1.92778075
