segment,pitch,stretch
0.0,-81.44382825,1.9747372
0.1,70.63637201,1.46978645
0.2,29.19185054,1.77157462
0.25666667,62.72928817,1.30296517
