segment,pitch,stretch
0.0,-62.09526538,1.28254738
0.1,21.23234707,0.50843795
0.2,-93.15759374,0.88416038
0.25666667,-35.4638748,1.60061847
