segment,pitch,stretch
0.0,99.39862809,1.95391084
0.1,-16.44954754,1.60430152
0.2,-73.93109837,1.1953066
0.25666667,-37.75571533,0.34699919
