segment,pitch,stretch
0.0,16.10159391,1.00024107
0.1,-3.4784276,1.04292902
0.2,-59.35796464,1.9831422
0.25666667,-1.67752252,0.01532069
