segment,pitch,stretch
0.0,13.25855459,0.8608045
0.1,-92.03942204,1.75332116
0.2,62.50888813,0.44840231
0.25666667,39.35321197,1.56291845
