segment,pitch,stretch
0.0,53.91986852,0.595313
0.1,-86.79287422,0.19033695
0.2,-18.13553248,1.2444166
0.25666667,-98.41078943,0.51551453
