segment,pitch,stretch
0.0,-50.18617417,1.92623259
0.1,-24.76321709,1.20800331
0.2,-27.90521194,0.01078602
0.25666667,55.47311868,0.27796628
