segment,pitch,stretch
0.0,27.88559689,1.35161412
0.1,61.41244142,1.00997609
0.2,37.97273047,1.87297461
0.25666667,-82.72738113,0.97441242
