segment,pitch,stretch
0.0,-33.74521786,1.08104013
0.1,38.89159258,0.90085836
0.2,64.82772984,0.36080554
0.25666667,15.52705732,0.08393315
