segment,pitch,stretch
0.0,-87.08357851,1.2328931
0.1,71.56090061,1.28136219
0.2,-46.55712742,0.3781059
0.25666667,-57.93002391,1.42095582
