segment,pitch,stretch
0.0,-75.14768165,1.61991752
0.1,-2.61560916,1.85762338
0.2,-59.30318173,1.4379908
0.25666667,-18.46762736,1.77571767
