segment,pitch,stretch
0.0,60.10154263,0.48894908
0.1,11.66591821,1.65193902
0.2,18.23831634,1.63024081
0.25666667,-0.86268038,0.33166429
