segment,pitch,stretch
0.0,-73.07970403,1.97071113
0.1,-29.06072458,1.64236312
0.2,-25.44054287,0.27343611
0.25666667,96.93308839,1.31029171
