segment,pitch,stretch
0.0,26.50580686,1.63350644
0.1,-34.14449754,1.29368608
0.2,66.18137857,0.20656395
0.25666667,-7.03677771,1.93991824
