segment,pitch,stretch
0.0,27.43626477,1.24283832
0.1,41.78362701,1.94246111
0.2,54.76706712,1.04642714
0.25666667,32.83264266,0.77358904
