segment,pitch,stretch
0.0,-11.01764706,1.39443046
0.1,9.90480799,1.51913173
0.2,44.10153768,0.74961169
0.25666667,10.91862898,1.74221707
