segment,pitch,stretch
0.0,75.10258226,1.00702741
0.1,91.64852869,0.72289983
0.2,-54.2483896,1.50363401
0.25666667,-67.82917504,0.97553874
