segment,pitch,stretch
0.0,28.63563643,0.95899308
0.1,-92.54588956,1.11632192
0.2,54.29574758,0.28179711
0.25666667,-51.0775076,1.92785686
