segment,pitch,stretch
0.0,13.6803361,0.65425976
0.1,92.02668438,1.47814853
0.2,-93.52604538,0.78236369
0.25666667,-12.7136852,0.52413001
