segment,pitch,stretch
0.0,64.41538276,0.51709462
0.1,17.02048616,1.30376576
0.2,-33.22379056,0.40148031
0.25666667,6.66749413,1.14865781
