segment,pitch,stretch
0.0,68.65167503,1.16380924
0.1,-55.72044546,1.74073633
0.2,-97.59121662,1.00138394
0.25666667,-40.12897823,1.21780512
