segment,pitch,stretch
0.0,69.65568707,1.45647369
0.1,-73.62960571,0.96644453
0.2,-12.19608601,0.59086709
0.25666667,31.099867,1.25987346
