segment,pitch,stretch
0.0,8.70975457,0.6151883
0.1,-27.10460474,1.35739255
0.2,-81.59186784,1.42530839
0.25666667,-72.54184128,0.64697028
