segment,pitch,stretch
0.0,79.01312907,1.49686193
0.1,-50.63616883,0.92741038
0.2,19.49439666,0.30770403
0.25666667,-20.64233715,0.53460579
