segment,pitch,stretch
0.0,32.54087273,1.95600578
0.1,-45.07567034,1.3753822
0.2,23.18683175,0.5862849
0.25666667,-58.08389968,0.11110367
