segment,pitch,stretch
0.0,13.02374388,1.19502519
0.1,-10.41694685,0.96501463
0.2,-16.29618142,0.50712422
0.25666667,15.62671798,0.54653665
