segment,pitch,stretch
0.0,-7.38817871,1.21970749
0.1,-62.82402322,1.48191428
0.2,-74.03812343,0.32639168
0.25666667,-40.1929109,0.05147762
