segment,pitch,stretch
0.0,24.13853868,0.84222584
0.1,69.59392202,0.35569373
0.2,5.2598313,1.18426262
0.25666667,49.58604743,1.47594706
