segment,pitch,stretch
0.0,16.31592569,1.06783245
0.1,-2.28258737,0.48563761
0.2,-89.56675227,1.02625397
0.25666667,35.85711901,0.82092749
