segment,pitch,stretch
0.0,-31.81965022,1.69468269
0.1,82.90828133,0.7734121
0.2,94.68318648,0.43346946
0.25666667,-42.01635115,0.14112827
