segment,pitch,stretch
0.0,-9.89123065,1.43345907
0.1,-29.48301763,0.60115207
0.2,-20.12274852,0.51672516
0.25666667,-63.31716547,0.2983609
