segment,pitch,stretch
0.0,50.15458506,0.55380102
0.1,2.46815661,0.88494107
0.2,44.14025365,0.65214702
0.25666667,-56.8276357,0.5616472
