segment,pitch,stretch
0.0,85.50464417,1.33522586
0.1,65.46448613,1.79413259
0.2,39.40171471,1.57337642
0.25666667,-2.24011696,0.55895062
