segment,pitch,stretch
0.0,-30.97778369,1.45421986
0.1,-10.3506413,0.28044698
0.2,61.86726268,1.88309962
0.25666667,-32.12586702,1.86356454
