segment,pitch,stretch
0.0,43.66892012,0.9017147
0.1,28.75822808,1.01118462
0.2,-53.65094598,1.43326948
0.25666667,-79.66264825,0.32927354
