segment,pitch,stretch
0.0,-15.90568805,0.35618922
0.1,76.04965913,1.72047272
0.2,55.08996682,1.40872317
0.25666667,17.39731584,1.8089724
