segment,pitch,stretch
0.0,44.49367894,1.02864329
0.1,-3.70834598,1.31333622
0.2,10.6701804,0.86217131
0.25666667,36.58697532,0.61318027
