segment,pitch,stretch
0.0,77.93003267,0.74693873
0.1,-23.8442355,1.94963825
0.2,-77.62110697,1.02670819
0.25666667,-25.23897767,0.18670197
