segment,pitch,stretch
0.0,-97.26027128,0.27661041
0.1,85.50928544,0.07889603
0.2,52.29826895,1.21380046
0.25666667,54.6689314,1.65990502
