segment,pitch,stretch
0.0,56.99195339,1.23888103
0.1,71.02339704,1.9853403
0.2,72.81237495,0.22936254
0.25666667,99.25740409,0.23690129
