segment,pitch,stretch
0.0,-72.35697933,0.54090293
0.1,-74.8664908,1.21231176
0.2,67.97778582,1.67585204
0.25666667,23.13057238,0.28113426
