segment,pitch,stretch
0.0,50.78822436,1.00864226
0.1,-75.93967217,1.52231663
0.2,-58.95969425,0.24874103
0.25666667,-53.32673619,1.47271882
