segment,pitch,stretch
0.0,9.63502306,1.8953007
0.1,23.45464863,0.66483685
0.2,-41.48525502,0.56687756
0.25666667,10.13311751,1.74946228
