segment,pitch,stretch
0.0,-20.03052962,1.70466969
0.1,-35.11860261,0.77666831
0.2,20.80868131,1.88915568
0.25666667,50.74802705,1.69994842
