segment,pitch,stretch
0.0,31.56469904,0.97268691
0.1,44.5277229,1.62706688
0.2,41.67262287,1.42821868
0.25666667,9.54247743,0.83693393
