segment,pitch,stretch
0.0,-15.50115845,0.77909013
0.1,-4.86998407,1.31519509
0.2,-86.84595189,1.40793423
0.25666667,-28.81346371,0.16835643
