segment,pitch,stretch
0.0,-79.1228884,1.66046785
0.1,-27.45222572,0.50815509
0.2,-11.54770291,1.01994244
0.25666667,-99.06734201,1.8368488
