segment,pitch,stretch
0.0,12.52470623,1.64482663
0.1,-97.26544336,1.84069115
0.2,-80.62903972,0.25110426
0.25666667,73.47257664,1.45765737
