segment,pitch,stretch
0.0,-17.09048823,0.26038806
0.1,56.35208106,0.92084882
0.2,33.77031601,1.14499291
0.25666667,73.0579331,1.40582081
