segment,pitch,stretch
0.0,-11.63741059,1.28855558
0.1,-9.34763636,0.4133233
0.2,-52.50880558,1.98413737
0.25666667,-35.41027588,0.10366118
