segment,pitch,stretch
0.0,-42.83355645,0.5966768
0.1,-62.82113547,0.86071515
0.2,87.24330329,1.68377915
0.25666667,51.53483355,1.05396705
