segment,pitch,stretch
0.0,76.24554567,0.83658468
0.1,-45.01894732,0.66247732
0.2,36.56408721,0.57350576
0.25666667,-35.03381059,1.70097913
