segment,pitch,stretch
0.0,-35.29041546,0.24909556
0.1,-21.07774935,0.81236123
0.2,-42.95062976,0.84475887
0.25666667,-27.37747858,0.12641702
