segment,pitch,stretch
0.0,-39.34197693,1.60610182
0.1,71.15894406,0.3952593
0.2,-59.30154436,0.60654741
0.25666667,60.48174113,0.43480054
