segment,pitch,stretch
0.0,60.29330972,0.95088916
0.1,96.30587546,0.89420653
0.2,3.75375275,0.09745987
0.25666667,65.23357012,0.42759775
