segment,pitch,stretch
0.0,-86.61428582,0.48550144
0.1,-42.15720505,1.43221201
0.2,57.81850322,1.77393014
0.25666667,56.8864302,0.85506946
