segment,pitch,stretch
0.0,-56.36701875,1.31563667
0.1,-33.99236587,1.74570455
0.2,5.32608114,1.41652928
0.25666667,-55.46298983,0.87975081
