segment,pitch,stretch
0.0,43.14158788,0.5897858
0.1,18.43858874,0.77618244
0.2,79.49995567,1.33641446
0.25666667,54.04463095,0.80537668
