segment,pitch,stretch
0.0,88.5156033,1.15034926
0.1,50.37840389,0.70361943
0.2,41.99983627,1.85629911
0.25666667,11.33520808,0.32194213
