segment,pitch,stretch
0.0,-38.97456477,1.51906971
0.1,-27.77573133,1.43123518
0.2,62.31685549,1.04030098
0.25666667,13.7751853,1.45792424
