segment,pitch,stretch
0.0,10.61669355,0.19899019
0.1,-49.88851761,1.4553669
0.2,47.72087598,1.48195648
0.25666667,-22.50236439,0.87629427
