segment,pitch,stretch
0.0,-77.18723008,1.93193878
0.1,32.49939157,0.06461953
0.2,-11.29964886,0.24702868
0.25666667,24.65334735,1.68209329
