segment,pitch,stretch
0.0,83.0056253,1.4499936
0.1,-71.4586846,0.77595229
0.2,12.63844789,0.21302651
0.25666667,12.39326704,0.16177964
