segment,pitch,stretch
0.0,26.75542793,1.45857154
0.1,-36.26520541,0.22938299
0.2,56.17292919,1.23693855
0.25666667,8.82571189,1.26994951
