segment,pitch,stretch
0.0,-37.64273041,0.8608001
0.1,41.40974178,0.05604445
0.2,-53.90098235,0.48473984
0.25666667,-57.22614073,0.01055005
