segment,pitch,stretch
0.0,-41.56393701,1.23976021
0.1,-5.27268445,0.49715047
0.2,58.5588678,0.70596761
0.25666667,-41.26863304,1.34000296
