segment,pitch,stretch
0.0,-97.29707499,0.6163898
0.1,41.74238765,1.06775198
0.2,-91.89336592,1.31906527
0.25666667,53.06515209,0.58556407
