segment,pitch,stretch
0.0,-34.77858655,0.98641894
0.1,-52.52188589,1.48106735
0.2,81.6415951,1.37619597
0.25666667,23.98828418,1.87248846
