segment,pitch,stretch
0.0,-95.97477456,1.5242089
0.1,-25.31572866,0.2047991
0.2,-25.0492654,1.11388434
0.25666667,-74.56689772,1.18772321
