segment,pitch,stretch
0.0,-62.21237173,0.70589884
0.1,-98.4992591,0.40467669
0.2,97.73183718,0.72488221
0.25666667,-56.73891221,0.44273829
