segment,pitch,stretch
0.0,-64.70279697,0.53531099
0.1,51.79292953,0.11586536
0.2,-96.4801009,0.21168864
0.25666667,93.42641001,1.2771199
