segment,pitch,stretch
0.0,25.45363348,0.70243048
0.1,10.19219643,0.78977161
0.2,79.32306783,0.18017453
0.25666667,77.27494318,0.76350619
