segment,pitch,stretch
0.0,-83.78338178,0.11877442
0.1,-13.73891655,1.32851017
0.2,58.07821313,0.76082745
0.25666667,26.26954934,1.37378881
