segment,pitch,stretch
0.0,-96.56930436,0.95025141
0.1,-14.18878177,1.10577547
0.2,-34.79884993,0.4132657
0.25666667,-70.75211023,0.64958401
