segment,pitch,stretch
0.0,82.26293442,0.95636636
0.1,-13.98955844,0.8765529
0.2,44.8739745,0.75785774
0.25666667,23.31967993,0.26363467
