segment,pitch,stretch
0.0,-98.35523197,0.13834953
0.1,61.03285987,0.55930016
0.2,-86.01422932,0.40370114
0.25666667,61.26386047,0.21495758
