segment,pitch,stretch
0.0,52.92786792,1.14238893
0.1,18.54274392,1.12707434
0.2,-25.06242892,1.93999144
0.25666667,0.70946668,1.31682519
