segment,pitch,stretch
0.0,-38.52186107,1.55913274
0.1,92.94908957,0.73355846
0.2,38.63958599,0.51766924
0.25666667,81.76747676,0.7935304
