segment,pitch,stretch
0.0,-69.76325337,1.8844701
0.1,47.38197985,1.37326168
0.2,-46.68992054,0.23230631
0.25666667,49.41050132,0.56533705
