segment,pitch,stretch
0.0,-34.34323574,0.85646341
0.1,42.3591335,0.14355807
0.2,-17.66243752,0.33082023
0.25666667,-25.14969583,0.85136365
