segment,pitch,stretch
0.0,74.25757507,1.44636003
0.1,69.54270197,0.18429149
0.2,91.83328043,0.75177649
0.25666667,65.12199987,0.49263706
