segment,pitch,stretch
0.0,19.60271983,1.92708098
0.1,-55.33376602,1.28238944
0.2,42.10956493,0.03244996
0.25666667,-47.80028189,1.59505934
