segment,pitch,stretch
0.0,13.7688173,1.1950835
0.1,19.53863665,0.33129566
0.2,-90.92797006,0.65773392
0.25666667,55.23452131,1.54778139
