segment,pitch,stretch
0.0,29.26114001,1.50805134
0.1,51.10918927,1.00551207
0.2,-43.7486939,1.81734516
0.25666667,-29.29338592,0.93830148
