segment,pitch,stretch
0.0,-5.26413125,0.41150667
0.1,38.836188,1.11153135
0.2,-78.24448509,1.45974829
0.25666667,87.29383111,0.22730951
