segment,pitch,stretch
0.0,-80.05391137,1.48946386
0.1,-76.4275614,1.35064599
0.2,7.24631247,0.88239158
0.25666667,-47.449751,1.60975952
