segment,pitch,stretch
0.0,1.77078633,0.29838278
0.1,-95.60257374,0.72198918
0.2,-26.21333041,0.91284695
0.25666667,-67.7705493,0.52625369
