segment,pitch,stretch
0.0,97.14143801,0.84704198
0.1,96.24936774,1.47086473
0.2,69.49703902,1.29858496
0.25666667,-77.37121036,1.24445776
