segment,pitch,stretch
0.0,-78.43657591,1.27247015
0.1,25.16959944,0.78898338
0.2,42.97785019,1.49121094
0.25666667,77.36764491,0.68004104
