segment,pitch,stretch
0.0,17.32899675,0.73401758
0.1,-73.09434366,0.90990932
0.2,-24.47190501,0.8791544
0.25666667,11.45282545,1.1872524
