segment,pitch,stretch
0.0,-44.05926666,1.24899263
0.1,85.82418432,1.22078865
0.2,87.54559417,0.10859618
0.25666667,50.04191005,0.19634609
