segment,pitch,stretch
0.0,77.15950351,1.06345864
0.1,66.43146777,1.73071791
0.2,76.85444305,1.08790246
0.25666667,-69.48513432,0.32336701
