segment,pitch,stretch
0.0,43.10783066,0.49686358
0.1,-4.14995098,1.10500502
0.2,22.17563662,0.22222502
0.25666667,-48.75850842,1.14111641
