segment,pitch,stretch
0.0,66.71351684,0.70736983
0.1,-62.03219977,0.37939516
0.2,3.50074433,0.65236
0.25666667,58.03584826,0.94960182
