segment,pitch,stretch
0.0,93.84124937,1.21813626
0.1,28.95893835,0.388995
0.2,47.67512023,1.25544279
0.25666667,-4.48390189,0.09184868
