segment,pitch,stretch
0.0,24.28229917,0.76159538
0.1,-90.85236303,0.50536641
0.2,-60.29957953,0.99158085
0.25666667,91.79807534,1.05465089
