segment,pitch,stretch
0.0,-9.24929425,1.2144441
0.1,97.18434129,0.01267679
0.2,-8.99940005,1.13720482
0.25666667,-80.67587563,1.56801852
