segment,pitch,stretch
0.0,29.29326365,1.56476478
0.1,-65.9497706,0.7748919
0.2,-68.38187686,0.73946843
0.25666667,26.32477662,1.33435109
