segment,pitch,stretch
0.0,-47.08934597,0.01342517
0.1,72.6108529,0.89682207
0.2,-29.7137536,1.48476447
0.25666667,50.01737174,0.05087926
