segment,pitch,stretch
0.0,78.39802529,0.31346408
0.1,98.35868913,0.8359084
0.2,-63.4251983,1.75433615
0.25666667,-17.35256236,0.30245362
