segment,pitch,stretch
0.0,-18.04801315,1.02641127
0.1,93.73679052,0.21625505
0.2,42.88870655,1.63254817
0.25666667,45.1087167,0.1659632
