segment,pitch,stretch
0.0,76.35600219,0.51042634
0.1,33.05643104,0.40354819
0.2,14.69103946,0.8135704
0.25666667,-16.26362119,0.38644961
