segment,pitch,stretch
0.0,-80.26287383,0.610966
0.1,-40.33934554,1.74213191
0.2,63.1875163,0.92287848
0.25666667,55.87543548,0.4746978
