segment,pitch,stretch
0.0,-44.50216008,0.81644439
0.1,39.62093866,1.46668212
0.2,59.49522687,1.68659205
0.25666667,-55.32580216,1.60664037
