segment,pitch,stretch
0.0,-20.93687271,1.9895698
0.1,59.55385743,1.17728958
0.2,61.58713619,1.48827242
0.25666667,-92.8987734,0.79910733
