segment,pitch,stretch
0.0,-48.266975,0.22885815
0.1,10.53522492,0.99708564
0.2,-70.81391458,0.43471164
0.25666667,-13.69241617,0.61022423
