segment,pitch,stretch
0.0,-42.7744445,0.31798537
0.1,3.59774391,0.67756986
0.2,-86.41595133,1.44355676
0.25666667,76.20152203,1.44326023
