segment,pitch,stretch
0.0,-9.57888942,1.97053356
0.1,44.75165277,0.16189102
0.2,-77.92949754,0.34896721
0.25666667,-10.35911767,1.54776001
