segment,pitch,stretch
0.0,23.57211404,0.62732128
0.1,-16.15934767,0.10811818
0.2,25.54711871,0.30787392
0.25666667,65.09284613,1.57978374
