segment,pitch,stretch
0.0,24.94182708,0.83905816
0.1,44.89034985,0.4078644
0.2,79.4977598,1.66123527
0.25666667,43.46988515,0.90238518
