segment,pitch,stretch
0.0,38.28600595,0.24947118
0.1,-2.73615403,0.88566368
0.2,-43.32822043,0.23078024
0.25666667,-21.43836029,1.64360752
