segment,pitch,stretch
0.0,0.92058819,0.58166089
0.1,-11.12293645,0.6190237
0.2,51.74113392,1.02661965
0.25666667,59.96495371,0.89915078
