segment,pitch,stretch
0.0,4.68377609,1.22559932
0.1,-15.28708952,1.70630703
0.2,12.01036293,0.54123502
0.25666667,2.49690218,0.39602685
