segment,pitch,stretch
0.0,52.22885858,0.59532017
0.1,18.90294402,0.31881138
0.2,-84.01769715,1.18035169
0.25666667,95.02638452,0.2814716
