segment,pitch,stretch
0.0,89.6944408,1.65049473
0.1,29.6191185,0.9962644
0.2,82.60414553,0.25471402
0.25666667,-20.57336344,0.85149117
