segment,pitch,stretch
0.0,-77.91073693,1.45882001
0.1,-4.27403448,1.08668269
0.2,93.79465132,1.80605145
0.25666667,49.64849416,1.6602635
