segment,pitch,stretch
0.0,-33.86739367,0.07066528
0.1,-31.27966971,0.90490109
0.2,51.84533444,0.66906535
0.25666667,-81.13386792,0.4882988
