segment,pitch,stretch
0.0,-96.72958763,0.69845728
0.1,95.66434095,1.4089076
0.2,-84.28875962,1.74428554
0.25666667,-41.37848175,0.12054272
