segment,pitch,stretch
0.0,-11.67543603,0.93730839
0.1,-73.020852,0.54674712
0.2,-53.53259577,0.98192793
0.25666667,19.02620798,0.14835446
