segment,pitch,stretch
0.0,-23.73686582,0.65858767
0.1,96.23962081,1.55580865
0.2,19.26430851,1.22244229
0.25666667,-72.92378626,1.83333034
