segment,pitch,stretch
0.0,50.68041389,0.75883449
0.1,19.37586599,1.33167931
0.2,0.19752764,0.89836148
0.25666667,-78.73875249,0.64515466
