segment,pitch,stretch
0.0,58.27883453,0.79886668
0.1,-28.04411439,1.49488383
0.2,-38.46127027,0.15170522
0.25666667,-84.67234247,1.57053192
