segment,pitch,stretch
0.0,91.85829661,0.12079341
0.1,29.32583948,0.61287095
0.2,71.77245069,1.071897
0.25666667,28.53871253,0.29005596
