segment,pitch,stretch
0.0,-18.05376101,1.88602221
0.1,46.96361083,1.82153179
0.2,63.85228851,1.94475993
0.25666667,-69.83202403,1.41132457
