segment,pitch,stretch
0.0,88.21755363,1.84211071
0.1,59.97016865,1.57396898
0.2,-54.94167031,1.14268549
0.25666667,-74.88408835,1.52682198
