segment,pitch,stretch
0.0,1.2534749,1.28672407
0.1,79.3326992,0.47718292
0.2,24.93038066,1.37451018
0.25666667,-37.26133342,1.21026525
