segment,pitch,stretch
0.0,4.95143367,1.93703508
0.1,55.42619629,0.30698411
0.2,77.82995017,0.10644958
0.25666667,-85.84724551,0.25911965
