segment,pitch,stretch
0.0,-39.45599103,0.33894647
0.1,37.73715393,0.28387009
0.2,-28.02237212,1.91952712
0.25666667,-24.74266242,0.2340562
