segment,pitch,stretch
0.0,-20.69739044,1.81100612
0.1,11.25896305,0.34150345
0.2,-73.43688333,0.78598688
0.25666667,14.6038409,0.34536881
