segment,pitch,stretch
0.0,-46.09253598,1.27633083
0.1,41.21858491,0.28919458
0.2,10.38405582,0.61917155
0.25666667,-99.98168054,0.37925836
