segment,pitch,stretch
0.0,-98.04674504,0.50091073
0.1,-80.1546697,0.94744897
0.2,-60.9727692,0.76656919
0.25666667,39.39299736,1.29747512
