segment,pitch,stretch
0.0,-77.54246231,1.03559912
0.1,-0.13066058,0.94588293
0.2,-90.37490593,1.16449319
0.25666667,62.21960288,1.46557017
