segment,pitch,stretch
0.0,34.97070553,0.55167233
0.1,46.59279974,0.47394225
0.2,69.89439798,0.76682402
0.25666667,4.40224836,1.69716011
