segment,pitch,stretch
0.0,11.6890167,1.75568789
0.1,-35.50971605,1.50542158
0.2,-98.47760025,0.96032408
0.25666667,-64.00925784,1.1186533
