segment,pitch,stretch
0.0,-22.87012194,0.67033139
0.1,10.68995272,0.80045466
0.2,60.8101445,0.88778875
0.25666667,32.12752515,0.26390259
