segment,pitch,stretch
0.0,-95.34423084,1.39498671
0.1,11.03315758,1.3153684
0.2,2.57990287,1.42717997
0.25666667,46.09103516,1.20642508
