segment,pitch,stretch
0.0,-53.8337347,0.65995653
0.1,13.17722269,1.48591365
0.2,-63.63948694,1.16262137
0.25666667,-7.77006894,1.49403865
