segment,pitch,stretch
0.0,11.03740457,0.76467652
0.1,23.46119987,0.76268055
0.2,-0.31614798,1.64444165
0.25666667,62.63183259,0.69482811
