segment,pitch,stretch
0.0,-37.35678584,1.71041427
0.1,-60.74389767,0.8709471
0.2,74.2341812,1.02400634
0.25666667,74.10759125,0.07072526
