segment,pitch,stretch
0.0,47.2980437,1.21993379
0.1,-20.71065167,0.59290242
0.2,-59.15578969,0.43795747
0.25666667,47.97190204,1.09780803
