segment,pitch,stretch
0.0,46.725297,0.52675555
0.1,-84.28207626,1.43556726
0.2,93.60285392,0.6815656
0.25666667,-19.92335823,1.46711526
