segment,pitch,stretch
0.0,53.31308138,1.84251248
0.1,48.16539561,0.97729738
0.2,-38.85260984,1.28801687
0.25666667,47.13501746,0.86548213
