segment,pitch,stretch
0.0,34.15690998,0.96571794
0.1,66.60232679,0.73360337
0.2,79.95982278,1.43440198
0.25666667,-20.39269858,0.64269279
