segment,pitch,stretch
0.0,84.83698811,1.37161619
0.1,58.10246948,1.88160769
0.2,95.28795352,0.7228962
0.25666667,40.96055212,1.18109596
