segment,pitch,stretch
0.0,-94.12021506,0.88252126
0.1,53.79826098,0.31460198
0.2,-24.3553788,1.36492904
0.25666667,-81.90861644,1.93292807
