segment,pitch,stretch
0.0,-1.90342588,0.62941576
0.1,-8.12665825,1.90753939
0.2,-5.61431002,1.47732259
0.25666667,-66.29175925,0.68212586
