segment,pitch,stretch
0.0,27.32194303,1.51306501
0.1,-96.72294389,1.24985366
0.2,60.26388925,0.69332812
0.25666667,24.13475024,1.39714954
