segment,pitch,stretch
0.0,27.68943274,1.77963231
0.1,-10.10461599,1.68240888
0.2,24.64183683,1.38997073
0.25666667,96.08137129,0.64151937
