segment,pitch,stretch
0.0,-16.52506352,1.57904125
0.1,-80.19736258,0.88688051
0.2,-47.04996605,0.44579633
0.25666667,35.27279848,1.71139476
