segment,pitch,stretch
0.0,89.66608323,1.27808882
0.1,-59.25624901,0.57075293
0.2,-68.11161816,0.14730706
0.25666667,57.66656697,1.61481461
