segment,pitch,stretch
0.0,-69.96795985,1.93285955
0.1,-65.30377544,1.55838575
0.2,27.38987225,0.12645153
0.25666667,-55.80740264,0.78072242
