segment,pitch,stretch
0.0,24.11125356,1.60122976
0.1,37.62729467,0.45720022
0.2,-94.55025244,1.67775241
0.25666667,10.27679313,0.96598245
