segment,pitch,stretch
0.0,-12.08882056,1.76987467
0.1,-69.15560276,1.70079501
0.2,33.30000548,0.4524157
0.25666667,-65.44816773,0.78128465
