segment,pitch,stretch
0.0,-24.2271051,0.1957751
0.1,-69.58889879,0.86781049
0.2,21.02997226,1.73501265
0.25666667,58.82746302,1.75042849
