segment,pitch,stretch
0.0,25.84118528,0.50094641
0.1,-8.91572412,0.84977658
0.2,11.24728016,1.88634356
0.25666667,27.02911702,1.9832527
