segment,pitch,stretch
0.0,98.83591172,0.7646584
0.1,-64.95643085,1.02879579
0.2,1.57326281,1.0684491
0.25666667,-25.63648329,0.89198175
