segment,pitch,stretch
0.0,94.15218044,0.53955239
0.1,77.54642038,1.33237065
0.2,-54.61145872,1.76705621
0.25666667,-22.57869657,1.15577178
