segment,pitch,stretch
0.0,26.38045069,1.33493468
0.1,54.67313893,1.2022917
0.2,58.86585948,1.32810738
0.25666667,8.14592544,0.94030025
