segment,pitch,stretch
0.0,67.03881883,1.87266913
0.1,45.78296109,0.27229476
0.2,-43.22729876,1.08803063
0.25666667,-74.69599774,1.63601275
