segment,pitch,stretch
0.0,17.77218449,1.83585748
0.1,99.46599521,0.80026037
0.2,-15.42512366,1.77531791
0.25666667,-86.21441247,1.07868716
