segment,pitch,stretch
0.0,26.36588123,0.49078583
0.1,-91.62831039,1.37574102
0.2,14.27679522,0.10009029
0.25666667,-77.75485007,1.32516535
