segment,pitch,stretch
0.0,59.29212404,1.04724114
0.1,4.80411823,0.97380182
0.2,12.26509955,0.22521264
0.25666667,-79.44354783,0.8027629
