segment,pitch,stretch
0.0,-77.74428769,1.5012345
0.1,-23.36816436,1.72338521
0.2,-44.47255335,0.55046319
0.25666667,-51.35474548,0.98182936
