segment,pitch,stretch
0.0,-4.17762648,0.38732741
0.1,91.9464138,1.58225164
0.2,-21.05895405,1.02633772
0.25666667,45.17146044,0.5187484
