segment,pitch,stretch
0.0,9.50743764,1.88144993
0.1,-98.19338414,1.32545529
0.2,67.11536794,0.82099832
0.25666667,-71.08115362,1.4347795
