segment,pitch,stretch
0.0,-75.53708421,1.75028991
0.1,4.57362866,1.1712224
0.2,-79.19764782,1.92554269
0.25666667,-82.06470668,1.1477244
