segment,pitch,stretch
0.0,10.28514005,0.92806529
0.1,-39.60290217,0.73191769
0.2,99.30719553,0.07740888
0.25666667,64.43745932,0.80481059
