segment,pitch,stretch
0.0,-11.78713781,0.60255839
0.1,70.11555366,0.34480099
0.2,60.74924786,1.0262929
0.25666667,37.89669618,0.88829748
