segment,pitch,stretch
0.0,-67.20699789,0.47660487
0.1,49.58913881,0.48219997
0.2,-41.06882289,1.35396927
0.25666667,25.85265167,1.38442255
