segment,pitch,stretch
0.0,-47.01050856,0.88751265
0.1,44.85636852,1.13664387
0.2,82.74517116,0.91175928
0.25666667,-74.59675421,0.66352734
