segment,pitch,stretch
0.0,-6.52512876,1.71102694
0.1,66.04972296,0.07130547
0.2,-72.89621134,1.03709586
0.25666667,-46.82302434,1.99027801
