segment,pitch,stretch
0.0,-61.74573417,0.99313774
0.1,71.88692077,1.19752892
0.2,-28.60272728,1.585112
0.25666667,-6.96353839,1.16753586
