segment,pitch,stretch
0.0,-48.84080529,0.47316377
0.1,52.1949693,0.45430598
0.2,2.68255661,0.75800451
0.25666667,-32.43465806,0.99622678
