segment,pitch,stretch
0.0,-35.05732124,0.80503012
0.1,-31.3998515,0.92419399
0.2,50.13452687,0.90539345
0.25666667,-7.4892707,1.70363197
