segment,pitch,stretch
0.0,-96.64822149,1.39139244
0.1,49.0828934,0.52881355
0.2,12.17217875,0.81868418
0.25666667,21.40759607,0.56425508
