segment,pitch,stretch
0.0,47.65145935,0.42993564
0.1,64.90222313,1.41824969
0.2,79.66636989,1.25132817
0.25666667,-10.95327426,1.10016678
