segment,pitch,stretch
0.0,-36.22739734,0.39069554
0.1,63.18659678,0.02424263
0.2,-88.25823098,0.59540025
0.25666667,39.00702017,0.84340327
