segment,pitch,stretch
0.0,-26.4428256,1.10618342
0.1,71.38381251,1.00150251
0.2,23.58434052,0.69699056
0.25666667,-77.81567576,1.24957366
