segment,pitch,stretch
0.0,-56.99851318,0.76802497
0.1,-28.42117093,1.07190306
0.2,-17.37440647,0.91030877
0.25666667,19.5608334,0.1576099
