segment,pitch,stretch
0.0,-24.90567196,0.77746957
0.1,-76.22865867,0.36572894
0.2,-70.77946922,1.07248112
0.25666667,-40.13018173,1.35477464
