segment,pitch,stretch
0.0,-38.66887761,0.36967864
0.1,-45.74367449,1.41588785
0.2,41.91599006,1.38004937
0.25666667,36.18860402,1.10239155
