segment,pitch,stretch
0.0,-43.02390558,0.93196934
0.1,13.89093856,1.15314194
0.2,3.48608914,0.54353121
0.25666667,-98.36263583,1.08598707
