segment,pitch,stretch
0.0,-35.77368222,0.10248514
0.1,5.93918526,0.42084566
0.2,36.13172948,1.29147589
0.25666667,-52.77395679,0.60791213
