segment,pitch,stretch
0.0,46.57034738,1.71066879
0.1,95.71705704,0.77231307
0.2,-25.2299753,0.81370988
0.25666667,-10.51050389,1.71668189
