segment,pitch,stretch
0.0,-2.62488743,0.95618392
0.1,-35.09835725,0.97615626
0.2,-7.90226738,0.33556547
0.25666667,34.22753828,0.12618193
