segment,pitch,stretch
0.0,11.64385005,1.86180111
0.1,-83.53772589,1.31531339
0.2,-26.70113898,0.16484712
0.25666667,-28.21717215,0.08923993
