segment,pitch,stretch
0.0,-94.33978787,0.59318307
0.1,93.76530939,0.913599
0.2,60.24178239,1.32127388
0.25666667,52.06264798,1.40091244
