segment,pitch,stretch
0.0,43.75822691,1.39255027
0.1,86.10199067,1.73272922
0.2,-33.25278445,0.27567755
0.25666667,-94.53609652,1.08955952
