segment,pitch,stretch
0.0,21.68363658,1.67467049
0.1,-21.32750779,0.64095668
0.2,7.72514192,0.23575639
0.25666667,-29.17866519,0.51628457
