segment,pitch,stretch
0.0,-51.4093514,1.39236456
0.1,-69.26159538,1.1318895
0.2,-72.79183118,0.94601275
0.25666667,34.31828887,1.80964418
