segment,pitch,stretch
0.0,-35.75508116,1.72997046
0.1,57.82815341,1.04300978
0.2,31.92112674,1.01595182
0.25666667,34.87308497,1.9286069
