segment,pitch,stretch
0.0,-28.76508335,1.75225743
0.1,37.36249056,1.09069334
0.2,12.02014155,1.36067751
0.25666667,-78.65251684,0.9131152
