segment,pitch,stretch
0.0,24.17054112,1.64784081
0.1,-33.49200779,0.51465366
0.2,-94.66214176,1.24573935
0.25666667,65.90688931,1.78963367
