segment,pitch,stretch
0.0,51.39712435,0.88084927
0.1,1.53552767,1.20367685
0.2,26.54664149,0.46174189
0.25666667,87.56909972,1.40614512
