segment,pitch,stretch
0.0,-39.25619305,0.53587318
0.1,99.64346723,0.26500163
0.2,76.90020667,1.77796469
0.25666667,40.01429738,0.75111943
