segment,pitch,stretch
0.0,-75.40042164,1.22660115
0.1,3.66999977,1.1302768
0.2,-80.45508953,0.71194131
0.25666667,-81.93938104,1.14992067
