segment,pitch,stretch
0.0,8.42387769,1.26451206
0.1,8.12168757,1.63493769
0.2,-23.47755607,1.48075017
0.25666667,-30.65193461,1.0984385
