segment,pitch,stretch
0.0,74.40318054,1.78030803
0.1,1.61071593,1.06555703
0.2,-60.86815184,0.67417333
0.25666667,35.44737922,1.14925698
