segment,pitch,stretch
0.0,43.61588251,1.33995655
0.1,-17.8471941,0.26774995
0.2,-10.2363333,0.87274599
0.25666667,-85.1878963,0.37568781
