segment,pitch,stretch
0.0,-43.78964232,0.29425556
0.1,78.2069368,1.94220297
0.2,-31.15110399,1.27018493
0.25666667,-73.94684578,1.0788176
