segment,pitch,stretch
0.0,29.18752906,0.08608659
0.1,-67.27756955,1.93613179
0.2,55.26419326,0.81834021
0.25666667,11.27327126,0.09029871
