segment,pitch,stretch
0.0,-21.92593336,0.5521476
0.1,-33.34916741,1.58954792
0.2,-5.0291103,0.89586439
0.25666667,-67.6368859,0.35939035
