segment,pitch,stretch
0.0,-40.67960973,1.69845324
0.1,1.84202377,0.10570995
0.2,31.56915939,0.86198312
0.25666667,9.71654757,1.20479065
