segment,pitch,stretch
0.0,45.66425393,0.15526341
0.1,-82.79761983,0.70533305
0.2,16.19264407,1.08595816
0.25666667,56.04070076,0.89955958
