segment,pitch,stretch
0.0,99.29202042,1.14982617
0.1,26.86177352,1.68513437
0.2,-57.22110681,0.38363532
0.25666667,67.5545455,0.68728301
