segment,pitch,stretch
0.0,50.55701535,1.0419248
0.1,63.46835537,0.05024982
0.2,-46.63250527,0.3554473
0.25666667,74.93577843,1.3845464
