segment,pitch,stretch
0.0,-28.21412584,1.58504822
0.1,66.62162467,1.83034999
0.2,16.24659996,0.31217517
0.25666667,-46.42897327,1.81400659
