segment,pitch,stretch
0.0,-73.15061419,1.40746522
0.1,67.23643261,0.48150889
0.2,29.33444659,0.65461581
0.25666667,-65.67909684,0.62395538
