segment,pitch,stretch
0.0,20.49516986,1.86861476
0.1,27.4040505,1.87689714
0.2,31.96095965,0.80940067
0.25666667,61.08066052,0.04075967
