segment,pitch,stretch
0.0,12.86528577,1.70928146
0.1,80.83337189,0.14925978
0.2,-88.94110826,0.83215091
0.25666667,32.10555955,1.23671449
