segment,pitch,stretch
0.0,-51.30508497,1.16005851
0.1,89.17651026,0.87725998
0.2,77.92993737,1.23506332
0.25666667,-86.11962375,1.33141167
