segment,pitch,stretch
0.0,8.99494286,0.31277465
0.1,56.3447022,0.04822955
0.2,-85.36803825,0.03738606
0.25666667,-65.39277698,1.60364947
