segment,pitch,stretch
0.0,-59.33534007,1.02487397
0.1,-79.1774496,0.54283138
0.2,-38.59435565,0.86213444
0.25666667,65.74010912,0.54314794
