segment,pitch,stretch
0.0,20.04332725,1.4438644
0.1,-82.29685822,0.08336385
0.2,-35.12302466,0.04329086
0.25666667,58.90486556,0.76896482
