segment,pitch,stretch
0.0,-77.17245549,1.803544
0.1,-9.42910309,1.0387293
0.2,28.840902,1.64762654
0.25666667,-27.68960177,0.23150428
