segment,pitch,stretch
0.0,-37.50079515,0.32253899
0.1,-23.37923681,1.88868261
0.2,-55.8234839,0.59835015
0.25666667,-58.92111767,1.21615752
