segment,pitch,stretch
0.0,-60.74271859,0.07910076
0.1,93.57737247,0.09988206
0.2,-53.75438764,0.64371435
0.25666667,-2.22241718,0.65219405
