segment,pitch,stretch
0.0,44.4696917,0.61167569
0.1,63.48880943,0.96933631
0.2,96.50351719,1.39779359
0.25666667,-38.26923088,1.779663
