segment,pitch,stretch
0.0,-82.9393053,0.90840431
0.1,-79.22735873,0.47468339
0.2,-67.09796721,1.61768905
0.25666667,35.15971491,1.44596926
