segment,pitch,stretch
0.0,28.65055954,1.27945621
0.1,-72.95217839,1.48453538
0.2,-37.01197006,1.47789059
0.25666667,17.9887053,1.81501711
