segment,pitch,stretch
0.0,-53.15565046,1.35860228
0.1,-92.4791724,0.93453098
0.2,38.15839594,0.5056151
0.25666667,24.38113977,1.47508
