segment,pitch,stretch
0.0,73.89254537,0.17403551
0.1,-84.33493486,1.66487719
0.2,-3.2709249,1.53740634
0.25666667,-21.54511299,1.56834066
