segment,pitch,stretch
0.0,33.25938538,1.27105286
0.1,-13.90292419,0.93357863
0.2,-71.59350782,1.0124146
0.25666667,57.07291034,0.68511696
