segment,pitch,stretch
0.0,8.03786355,1.59828936
0.1,-25.18391206,0.4858639
0.2,-83.38753258,1.25666852
0.25666667,40.68339476,1.11090511
