segment,pitch,stretch
0.0,23.12233407,0.63582229
0.1,4.88786521,0.48218095
0.2,75.40336837,0.81003499
0.25666667,-52.23092949,1.31471089
