segment,pitch,stretch
0.0,-27.22394829,1.27693125
0.1,-3.36109764,0.12331262
0.2,79.96390299,1.48485403
0.25666667,-20.83871742,0.51230705
