segment,pitch,stretch
0.0,58.83829029,1.80244508
0.1,77.59339865,1.3442738
0.2,-73.88341881,1.16581557
0.25666667,-24.56901296,0.71132336
