segment,pitch,stretch
0.0,-59.72524318,1.59606806
0.1,-28.22082853,1.01173367
0.2,2.0739194,0.40164164
0.25666667,-12.25343829,1.6352238
