segment,pitch,stretch
0.0,-77.56228832,0.23971003
0.1,-51.14246902,1.41057828
0.2,54.51803315,0.5803481
0.25666667,-8.31356421,0.39274068
