segment,pitch,stretch
0.0,57.46883034,0.51774601
0.1,-37.75467747,0.34297047
0.2,37.26126111,0.88429292
0.25666667,30.73694303,0.45040489
