segment,pitch,stretch
0.0,-78.17864001,1.53776746
0.1,0.33316605,0.01358873
0.2,-88.66010948,0.2850161
0.25666667,-69.42732992,0.92419145
