segment,pitch,stretch
0.0,49.6210254,1.07409835
0.1,-51.2490581,0.05018037
0.2,40.00177065,1.57813661
0.25666667,-3.28540475,0.4516863
