segment,pitch,stretch
0.0,-25.33744833,1.20649344
0.1,-46.00092507,0.60898863
0.2,-35.85501424,0.34188975
0.25666667,61.35269907,1.06172305
