segment,pitch,stretch
0.0,29.04259121,1.27596418
0.1,-13.93862831,1.81664743
0.2,-3.57455278,1.61822265
0.25666667,14.81088412,1.58848758
