segment,pitch,stretch
0.0,9.12508282,1.4573698
0.1,-26.45358769,0.87656303
0.2,-51.08796106,0.58961018
0.25666667,-22.70445117,1.46090447
