segment,pitch,stretch
0.0,-8.30121602,1.41077405
0.1,15.19990023,0.52690475
0.2,-34.54061483,0.23733031
0.25666667,-24.04483863,1.49354387
