segment,pitch,stretch
0.0,-65.4197333,1.29365297
0.1,-42.63112693,1.19213918
0.2,-74.29271092,0.93002313
0.25666667,-22.37665177,1.59897964
