segment,pitch,stretch
0.0,31.68812365,0.81704568
0.1,-82.48323459,1.80008391
0.2,39.0525666,1.73012532
0.25666667,-59.77120272,0.71793452
