segment,pitch,stretch
0.0,68.99377403,1.59687847
0.1,17.92188754,0.67113491
0.2,87.00714336,1.30631186
0.25666667,69.75485878,0.1897549
