segment,pitch,stretch
0.0,-71.02833311,1.79953402
0.1,-12.38691322,1.89065694
0.2,-62.8930846,0.59849277
0.25666667,27.53159518,0.94237915
