segment,pitch,stretch
0.0,-51.21021188,1.78160172
0.1,59.33159463,1.44809064
0.2,-4.53011914,1.29942812
0.25666667,5.92531861,0.36849944
