segment,pitch,stretch
0.0,-76.5324967,0.00928887
0.1,-12.7876278,1.85204819
0.2,-43.60684601,1.20297214
0.25666667,3.65547736,1.48182424
