segment,pitch,stretch
0.0,-12.75776796,0.7334837
0.1,37.83162005,0.13945261
0.2,-73.99987606,0.89700821
0.25666667,-99.59641202,0.06192005
