segment,pitch,stretch
0.0,1.59326178,0.67104434
0.1,-40.8911656,0.22448148
0.2,-66.59771714,1.3255008
0.25666667,93.67842788,0.49085037
