segment,pitch,stretch
0.0,52.19266886,1.6075583
0.1,-20.87110469,1.57175316
0.2,-63.85285305,0.73019834
0.25666667,35.09837538,0.12473077
