segment,pitch,stretch
0.0,0.51486219,1.24333394
0.1,-7.58300973,1.87169026
0.2,-1.58102923,1.73620524
0.25666667,-53.33162074,0.85172824
