segment,pitch,stretch
0.0,61.28532458,0.86285292
0.1,25.43953492,0.5175718
0.2,31.92964858,1.72668514
0.25666667,-96.80759498,1.79225728
