segment,pitch,stretch
0.0,-87.23426609,0.52575342
0.1,53.54997778,0.6882241
0.2,57.34155937,0.15612922
0.25666667,-19.62963402,0.34657669
