segment,pitch,stretch
0.0,-36.32035497,0.76958877
0.1,-92.00024605,0.1229223
0.2,-85.64640387,1.83920091
0.25666667,30.4024855,1.45747353
