segment,pitch,stretch
0.0,11.85203828,0.91676267
0.1,-24.36206963,0.3897793
0.2,-79.91713821,0.96594055
0.25666667,-65.93332008,1.97851167
