segment,pitch,stretch
0.0,24.49292531,0.14533116
0.1,-93.89933718,1.07880785
0.2,-85.93529796,1.01737492
0.25666667,58.85582409,1.87499145
