segment,pitch,stretch
0.0,59.84554137,1.0661988
0.1,16.50437024,1.9988244
0.2,38.82252298,0.61428719
0.25666667,25.72688984,0.58715273
