segment,pitch,stretch
0.0,-82.87799208,0.24901575
0.1,65.34741866,0.57837344
0.2,-27.05880307,0.73430832
0.25666667,51.91290048,0.23551409
