segment,pitch,stretch
0.0,48.62304181,1.60041799
0.1,-66.91586117,0.5698369
0.2,-71.38800945,1.21368891
0.25666667,32.42157584,1.05085576
