segment,pitch,stretch
0.0,-0.75176629,0.45078366
0.1,-3.23197706,0.83766587
0.2,64.47029617,1.36622775
0.25666667,94.12909321,1.47043343
