segment,pitch,stretch
0.0,-81.8544396,0.29798693
0.1,15.35577337,0.29415435
0.2,-93.67975396,1.48728433
0.25666667,6.98256112,1.07216934
