segment,pitch,stretch
0.0,83.43470999,1.59134243
0.1,-2.90020724,1.87737404
0.2,3.04122674,1.09323353
0.25666667,-16.94968741,0.48225636
