segment,pitch,stretch
0.0,-66.64800697,0.89831181
0.1,55.8136762,1.16054297
0.2,13.86880033,0.04267506
0.25666667,79.77573594,1.48091244
