segment,pitch,stretch
0.0,18.73906337,1.13845915
0.1,4.75064209,1.03898668
0.2,-81.40088776,1.62818909
0.25666667,-89.40929498,0.49616963
