segment,pitch,stretch
0.0,-19.30652055,0.66062429
0.1,40.7979064,1.38698103
0.2,73.8964325,0.77621561
0.25666667,-55.7146218,0.65457598
