segment,pitch,stretch
0.0,-65.13732965,0.7755652
0.1,-93.57114331,0.9577819
0.2,-51.69797787,0.68553835
0.25666667,-3.30938414,0.55056833
