segment,pitch,segment,stretch
0.0,34.85044548,0.0,0.000617924031
0.1,47.51511781,0.1,1.05540646
0.2,34.15302515,0.2,0.984234213
0.25666667,-55.0259295,0.256666667,0.845106618
