segment,pitch,stretch
0.0,-97.24360174,1.95744133
0.1,62.38297295,1.24423752
0.2,-49.09622703,1.91649641
0.25666667,-40.35720841,1.03651442
