segment,pitch,stretch
0.0,-55.71805546,1.48564319
0.1,69.57832018,0.7646222
0.2,-61.51619627,1.98360061
0.25666667,-40.26288332,1.91122687
