segment,pitch,stretch
0.0,-19.67623174,1.19630482
0.1,5.02630097,1.45796377
0.2,17.71933024,1.33112957
0.25666667,-99.90911374,0.42422988
