segment,pitch,stretch
0.0,-11.11210875,1.64316359
0.1,-13.90326971,0.56968283
0.2,-78.59226075,1.3955722
0.25666667,87.42620436,0.51982143
