segment,pitch,stretch
0.0,45.43845159,0.89884875
0.1,86.71618344,1.25950681
0.2,-29.06718199,0.29298434
0.25666667,11.394495,1.98021593
