segment,pitch,stretch
0.0,82.92052959,1.65542147
0.1,96.5660735,0.71189304
0.2,76.1539425,0.4523944
0.25666667,-7.00195585,1.32757755
