segment,pitch,stretch
0.0,-85.15004264,1.38463402
0.1,-51.05179236,1.37480081
0.2,60.60693854,0.42262721
0.25666667,60.89136328,1.58192794
