segment,pitch,stretch
0.0,-21.85805239,1.53415162
0.1,89.69626046,1.00812403
0.2,-30.27044373,0.85877698
0.25666667,34.72149061,1.23447623
