segment,pitch,stretch
0.0,23.35867854,0.39112769
0.1,-18.47737087,1.71601552
0.2,41.22883985,0.4467351
0.25666667,67.72155047,0.12145746
