segment,pitch,stretch
0.0,-57.66612313,0.91141338
0.1,-72.54090479,1.63809523
0.2,-5.66573875,1.08686957
0.25666667,-86.22212262,0.85420458
