segment,pitch,stretch
0.0,41.25843424,1.12001973
0.1,16.31759718,1.22226563
0.2,-45.05489169,1.68799636
0.25666667,-0.1364182,0.6107462
