segment,pitch,stretch
0.0,66.56614261,0.35086225
0.1,-3.32812159,1.7876007
0.2,85.62103424,0.63077709
0.25666667,92.99895728,0.65985351
