segment,pitch,stretch
0.0,-25.19173586,1.14646858
0.1,-52.79367362,1.72960478
0.2,31.61264675,1.50121635
0.25666667,-8.05782551,0.87544333
