segment,pitch,stretch
0.0,26.93316006,1.47067426
0.1,-22.92967869,1.58231537
0.2,-61.93287208,1.01494319
0.25666667,-97.08418949,0.71977579
