segment,pitch,stretch
0.0,26.09911827,0.38797522
0.1,37.88219535,0.97106999
0.2,25.3370042,0.82384696
0.25666667,-31.50750366,0.88987221
