segment,pitch,stretch
0.0,-31.30279389,1.88170435
0.1,96.47349065,0.75067332
0.2,23.18843017,1.06279648
0.25666667,81.62933181,0.58974769
