segment,pitch,stretch
0.0,52.32100115,0.06001912
0.1,-68.39097894,0.92594104
0.2,86.56169168,1.18275101
0.25666667,-55.69575084,0.90868208
