segment,pitch,stretch
0.0,36.0896382,0.72680638
0.1,-60.28824884,0.01839492
0.2,-83.12671609,1.09901753
0.25666667,32.66103116,1.13928828
