segment,pitch,stretch
0.0,-59.42111132,1.60060286
0.1,-69.70478814,0.22517269
0.2,-12.60920347,1.52190999
0.25666667,-82.44797384,0.82265445
