segment,pitch,stretch
0.0,-51.03576257,1.07641583
0.1,41.51658453,0.77538457
0.2,-92.89610403,0.19170679
0.25666667,-36.6460181,1.18241166
