segment,pitch,stretch
0.0,-78.24291845,1.07200279
0.1,-38.50442353,1.52694999
0.2,8.39731749,0.86133356
0.25666667,-43.87764948,0.74788424
