segment,pitch,stretch
0.0,-10.52890049,0.60201579
0.1,-14.60087289,1.35124195
0.2,-23.19620382,0.97713268
0.25666667,-4.91748489,0.83956459
