segment,pitch,stretch
0.0,3.84925572,1.88939432
0.1,75.48045935,0.3012797
0.2,22.76512124,0.5045755
0.25666667,45.08821781,1.63034278
