segment,pitch,stretch
0.0,-54.85806939,1.84853156
0.1,52.61671493,1.627657
0.2,-3.50081054,1.36210905
0.25666667,-40.76156086,0.69575672
