segment,pitch,stretch
0.0,-5.98307963,1.30181039
0.1,-89.4143915,0.71580693
0.2,50.82370108,0.58623796
0.25666667,-75.87081721,1.49080339
