segment,pitch,stretch
0.0,47.87386837,0.75426526
0.1,7.07648522,1.23801955
0.2,20.87760624,0.38230121
0.25666667,-54.47130494,0.58190832
