segment,pitch,stretch
0.0,97.26957313,1.48673004
0.1,79.44562669,1.9967546
0.2,79.77586719,0.9238106
0.25666667,-46.2684083,1.39755131
