segment,pitch,stretch
0.0,-65.85125812,0.99084671
0.1,4.72891676,1.71951251
0.2,52.80654505,1.56745001
0.25666667,75.91927134,1.70119676
