segment,pitch,stretch
0.0,49.72116837,1.80184077
0.1,30.83147643,1.80095915
0.2,37.98454641,1.42682554
0.25666667,-93.0468476,0.86529676
