segment,pitch,stretch
0.0,3.12847982,1.75015027
0.1,-78.95304083,0.83743251
0.2,-13.84245357,0.53594991
0.25666667,66.66979397,1.46895698
