segment,pitch,stretch
0.0,77.73428331,1.3363399
0.1,-25.60495453,1.21399003
0.2,64.05787884,0.69039687
0.25666667,12.38181906,0.92340198
