segment,pitch,stretch
0.0,2.88911392,0.44051244
0.1,20.34035446,0.76269488
0.2,-17.47138226,0.12643706
0.25666667,-15.1567399,0.55905625
