segment,pitch,stretch
0.0,-58.27241095,0.65184251
0.1,5.28471923,0.59376501
0.2,-0.12743408,1.90668759
0.25666667,84.54596147,1.25760212
