segment,pitch,stretch
0.0,63.91458592,0.06817761
0.1,-87.79617997,1.72915736
0.2,-35.4412084,1.06879305
0.25666667,41.82610472,1.26220402
