segment,pitch,stretch
0.0,-77.26428063,0.33935674
0.1,-65.30305353,1.45146817
0.2,-57.58787345,0.82478891
0.25666667,16.67337698,1.36014186
