segment,pitch,stretch
0.0,70.67693031,1.34255937
0.1,-66.50397015,0.4230684
0.2,37.81388611,1.53749893
0.25666667,-25.90764661,0.57819313
