segment,pitch,stretch
0.0,-11.44618348,1.60032155
0.1,14.52697714,0.84860504
0.2,-51.60315894,1.67734449
0.25666667,40.16126686,0.04411269
