segment,pitch,stretch
0.0,-2.08032019,1.43741932
0.1,-67.02716902,1.07099048
0.2,95.17650789,1.92774669
0.25666667,-41.34718039,0.70027683
