segment,pitch,stretch
0.0,50.58163299,1.39700525
0.1,-62.47432707,0.24728847
0.2,-11.24403131,1.10420939
0.25666667,-76.23808147,0.34157158
