segment,pitch,stretch
0.0,-50.03367973,0.4350745
0.1,73.95849411,1.7879982
0.2,16.78858773,0.61207276
0.25666667,-49.02431976,0.35432813
