segment,pitch,stretch
0.0,4.01359856,1.28629226
0.1,1.45942388,0.42556587
0.2,95.6401263,0.86080411
0.25666667,25.46106052,1.04114743
