segment,pitch,stretch
0.0,19.3207086,1.35934995
0.1,55.1250277,1.31727385
0.2,31.60633129,0.52824511
0.25666667,31.4464946,1.75131645
