segment,pitch,stretch
0.0,-24.56305845,0.85912435
0.1,18.75830467,1.74056956
0.2,-0.86444976,0.35762899
0.25666667,-67.61408917,1.29508782
