segment,pitch,stretch
0.0,-60.11706856,0.96947481
0.1,-55.59065296,0.3967065
0.2,42.64329023,1.87184893
0.25666667,-50.60909081,1.6881176
