segment,pitch,stretch
0.0,50.32963137,0.72864737
0.1,-34.20059836,0.63562985
0.2,-1.26220982,0.61823994
0.25666667,-35.44054545,1.79442015
