segment,pitch,stretch
0.0,-43.32613145,0.86768791
0.1,-51.04998213,0.12235363
0.2,-30.05832199,0.93205141
0.25666667,-62.89931607,0.68272422
