segment,pitch,stretch
0.0,-42.04092007,0.8096396
0.1,-47.89065573,0.68168646
0.2,88.67668081,0.86103635
0.25666667,23.25138011,1.13642067
