segment,pitch,stretch
0.0,-39.66278541,0.39681658
0.1,66.70535545,1.6498105
0.2,-87.43703712,1.48803434
0.25666667,-41.83233866,1.54058484
