segment,pitch,stretch
0.0,-17.53877645,1.80859796
0.1,77.85789868,1.24255314
0.2,16.40180032,1.28894604
0.25666667,56.20856175,0.80043142
