segment,pitch,stretch
0.0,-0.09953376,1.58426169
0.1,-56.24331475,0.92396286
0.2,-79.12350098,0.70640993
0.25666667,64.25656878,0.80299587
