segment,pitch,stretch
0.0,58.05333973,1.60321768
0.1,-10.78982684,0.5155038
0.2,-1.76147191,0.80270828
0.25666667,35.54131035,0.30870089
