segment,pitch,stretch
0.0,-15.86004077,0.48185357
0.1,60.12120799,0.27819881
0.2,81.27761476,1.97659335
0.25666667,61.27828768,1.07257799
