segment,pitch,stretch
0.0,-46.98301203,1.92315583
0.1,55.18277966,0.64158591
0.2,68.01781419,0.71457858
0.25666667,-65.13341665,0.26661962
