segment,pitch,stretch
0.0,99.76716584,0.85695778
0.1,11.51898435,1.00645436
0.2,-43.45408234,0.73989588
0.25666667,22.46427071,1.57217431
