segment,pitch,stretch
0.0,74.68489003,0.29948735
0.1,96.39949195,0.51724136
0.2,90.64764472,1.48158799
0.25666667,65.55341103,0.97952247
