segment,pitch,stretch
0.0,-47.91850728,0.65620753
0.1,26.54192822,0.71747565
0.2,31.46018772,1.52452255
0.25666667,54.61358492,1.85839607
