segment,pitch,stretch
0.0,72.88318106,1.5476705
0.1,51.2800476,1.92933226
0.2,-29.39007937,1.77733774
0.25666667,87.52810159,1.82253327
