segment,pitch,stretch
0.0,54.2761061,1.89825103
0.1,63.28603184,0.66946091
0.2,-39.09064926,1.06421907
0.25666667,-65.51257867,1.4091401
