{
  "pill":
    {
      "f1" : 476.850172295999,
      "f2" : 1565.4469515828296,
      "f3" : 2560.323445491074,
      "f4" : 3055.832232040846
  },
  "peel":
  {
    "f1" : 305.8895312783652,
    "f2" : 2440.7718217689426,
    "f3" : 2687.2819549084907,
    "f4" : 3171.811725137158
  },
  "peel-pill":
  {
    "f1" : 430.8033423364911,
    "f2" : 1790.490218833789,
    "f3" : 2267.408290817374,
    "f4" : 2807.093644229323
  },
  "pull":
  {
    "f1" : 212.61344255834197,
    "f2" : 1519.4888603766663,
    "f3" : 1950.2992299746084,
    "f4" : 3124.827625188505
  },
  "poule":
  {
    "f1" : 238.90260806817224,
    "f2" : 1005.6691075619061,
    "f3" : 2074.7439235953725,
    "f4" : 3492.151909527324
  },
  "poule-pull":
  {
    "f1" : 242.09796369572723,
    "f2" : 1261.376435707313,
    "f3" : 3619.661033594686,
    "f4" : "nan"
  }
}