segment,pitch,stretch
0.0,38.80737773,0.9006916
0.1,-19.59989916,0.40577957
0.2,66.60738163,0.32844259
0.3,-56.04483053,1.02628552
0.4,70.74519799,1.24548515
0.5,-47.08782515,0.07505998
0.6,-82.17312899,0.1226459
0.7,4.63557835,1.79532837
0.8,13.50311248,1.69109423
0.9,50.05274214,0.91883167
1.0,-76.13616328,0.81807561
1.09391667,8.54722281,1.88316121
