segment,pitch,stretch
0.0,-7.94823885,1.93996979
0.1,96.34184584,0.68967214
0.2,-33.68410723,1.52037239
0.3,71.00734619,0.92144072
0.4,-73.42321757,1.16805043
0.5,68.14494718,0.75881772
0.6,72.66069131,0.99023479
0.7,-46.1327141,1.21750342
0.8,-13.93014286,1.7476055
0.9,53.41967838,1.87214478
1.0,-12.62377888,0.1004517
1.09391667,-9.46767518,1.64660027
