segment,pitch,stretch
0.0,97.74431138,1.45295226
0.1,63.25353714,0.52934156
0.2,31.76873058,1.12978313
0.3,-80.65515271,0.46492479
0.4,87.72308134,1.65576631
0.5,-43.90030619,0.95301179
0.6,-96.43392939,1.98033305
0.7,-95.09691132,0.56650122
0.8,7.77484736,1.59543029
0.9,12.16907111,1.97260423
1.0,33.87787458,1.68149339
1.09391667,10.13841493,1.03055348
