segment,pitch,stretch
0.0,-64.18066608,1.31756219
0.1,-98.7453181,0.6775935
0.2,-52.29987626,0.44453287
0.3,-91.6870734,0.79930959
0.4,-99.93480519,0.36385227
0.5,-2.56117899,1.60724529
0.6,-58.25705586,1.54119087
0.7,-50.59283721,0.4128908
0.8,-3.4865488,0.89168042
0.9,11.81028617,0.16017021
1.0,27.46545009,1.03192762
1.09391667,8.3161915,0.24632806
