segment,pitch,stretch
0.0,-45.47404613,1.1666534
0.1,-36.49769978,1.03435239
0.2,-66.69646717,1.07224248
0.3,56.76733216,1.62337858
0.4,-69.2204817,1.13623118
0.5,67.71926704,0.1634934
0.6,-20.18031628,1.38272259
0.7,-46.80295657,1.3454344
0.8,-30.65691434,1.73628045
0.9,-30.96173959,0.71303122
1.0,69.71514833,1.56011323
1.09391667,14.56946925,0.62204911
