segment,pitch,stretch
0.0,-28.32882855,1.26446903
0.1,57.31812169,0.76759877
0.2,14.45982208,1.52351901
0.3,77.41090692,1.04471398
0.4,-1.8867557,0.90426999
0.5,-35.85874383,1.69664706
0.6,-55.1613605,0.17582058
0.7,-70.94430614,0.54140942
0.8,5.91952673,0.81798021
0.9,-77.52896216,1.90630538
1.0,-12.19112467,0.59557422
1.09391667,6.6549641,0.42071392
