segment,pitch,stretch
0.0,-28.7119875,1.05000618
0.1,81.63061579,1.8823678
0.2,-13.39591128,0.84340221
0.3,13.92143377,0.28078116
0.4,40.01462212,0.79575784
0.5,23.69444491,1.14952556
0.6,46.64828823,1.01103968
0.7,26.92480587,1.41983577
0.8,14.68160338,0.81631883
0.9,49.42082928,0.77345056
1.0,-24.27885184,1.60646934
1.09391667,68.97066726,0.9871725
