segment,pitch,stretch
0.0,-0.97272984,0.61376697
0.1,-77.78814802,0.85355331
0.2,30.93073149,1.49426592
0.3,-15.42483918,1.18212422
0.4,25.76707037,1.41051316
0.5,-29.04038637,0.72870407
0.6,13.2566372,0.94615724
0.7,83.86524807,0.24258424
0.8,13.33685446,1.00008676
0.9,15.31267769,0.92341919
1.0,-61.51651878,0.15563028
1.09391667,11.45529288,0.83237058
