segment,pitch,stretch
0.0,-70.67724429,1.06843483
0.1,-71.688049,0.77169117
0.2,35.51924952,1.46248358
0.3,-2.11218413,1.49078151
0.4,-16.43862389,1.12150818
0.5,42.52341858,1.51009479
0.6,-45.01562353,1.56291015
0.7,41.4367476,1.91892948
0.8,-7.80846777,1.01197455
0.9,42.15448352,1.4134273
1.0,92.0591742,1.42236133
1.09391667,-12.12221809,0.78816947
