segment,pitch,stretch
0.0,-22.61942611,1.66721471
0.1,68.41227715,1.06525369
0.2,-54.10958419,1.55278382
0.3,-34.3976761,1.27447121
0.4,-80.35189368,1.24533025
0.5,-23.21922247,0.40128709
0.6,75.93285278,1.08908342
0.7,-25.01230628,1.52248699
0.8,23.78207095,1.64911831
0.9,-74.87827882,0.03473392
1.0,74.39346852,1.99892406
1.09391667,30.71976897,1.56565298
