segment,pitch,stretch
0.0,-18.06250331,0.74392756
0.1,-60.78778271,0.33295665
0.2,64.58604958,0.59589568
0.3,15.14883939,1.76245157
0.4,35.32268856,1.62745171
0.5,85.60433583,0.48465
0.6,-60.74616214,0.94927774
0.7,93.69417602,1.65570249
0.8,16.46151858,1.54593081
0.9,58.0175924,0.34320104
1.0,51.01229948,0.20094936
1.09391667,19.14891505,0.69882977
