segment,pitch,stretch
0.0,-34.7601745,1.20965337
0.1,33.36048689,1.65563234
0.2,-67.67370502,1.59964516
0.3,-75.303265,0.1616649
0.4,50.02795893,0.65690397
0.5,-86.15237501,1.06047173
0.6,75.95576156,1.33167503
0.7,90.49040763,0.49356808
0.8,-21.66303016,0.55567292
0.9,-29.03621191,1.52247069
1.0,-43.10401298,1.04125391
1.09391667,15.25709301,0.73437953
