segment,pitch,stretch
0.0,-55.5835629,1.42115323
0.1,-74.17222211,1.11230171
0.2,32.91988816,1.2604868
0.3,-61.08726633,1.38170621
0.4,74.28120307,1.19502306
0.5,27.15782783,1.3290301
0.6,-31.42828759,1.43273837
0.7,-85.57803202,0.23505516
0.8,-8.83313062,0.8306151
0.9,75.88912897,1.14421979
1.0,-46.89935533,1.72535261
1.09391667,1.73094833,1.37481935
