segment,pitch,stretch
0.0,-80.20723644,1.79346893
0.1,70.63971402,0.36641107
0.2,-37.49635732,1.22262179
0.3,-83.65831032,1.81798895
0.4,-33.74406965,0.98569015
0.5,51.66171184,1.39342992
0.6,19.47391611,1.02882877
0.7,-13.53975377,0.49108551
0.8,-20.28527638,0.73422482
0.9,-1.05192851,1.80196554
1.0,-21.57661458,0.14842719
1.09391667,-6.12644826,0.9088618
