segment,pitch,stretch
0.0,12.29982285,1.19760878
0.1,29.91017607,0.84661932
0.2,-33.88416802,0.98013694
0.3,9.59442927,1.13268467
0.4,67.78661643,0.35608992
0.5,-67.23660087,0.95578268
0.6,76.63778139,0.48847823
0.7,73.67785479,0.77954634
0.8,54.53431981,1.22473034
0.9,-39.644329,1.58063768
1.0,39.92173261,0.71218861
1.09391667,84.70283428,1.21525734
