segment,pitch,stretch
0.0,-93.47933458,1.62613831
0.1,17.56811932,0.15624323
0.2,35.67998285,1.16642221
0.3,22.32245501,1.85687669
0.4,-55.00810372,0.77296433
0.5,-25.94753581,0.17905086
0.6,12.36521929,0.48201302
0.7,42.68303221,0.74996995
0.8,68.77442649,1.90885108
0.9,-39.13144034,0.17419233
1.0,48.51746803,1.84801942
1.09391667,-19.71329918,0.87144157
