segment,pitch,stretch
0.0,45.1693917,1.16218677
0.1,-72.3247495,1.56939275
0.2,18.68361548,1.47980491
0.3,-27.6682302,1.03639669
0.4,3.63671522,0.81396394
0.5,21.21340101,1.33770591
0.6,15.49381211,1.85408959
0.7,1.52669615,0.1270649
0.8,25.44993701,0.72088093
0.9,-58.9173922,1.10933741
1.0,4.8985277,0.9989657
1.09391667,-19.12587244,1.15972192
