segment,pitch,stretch
0.0,-44.56015923,0.4294496
0.1,-58.7339049,1.17691203
0.2,4.64427176,0.00792795
0.3,36.13533526,1.62066926
0.4,49.60525777,0.46131477
0.5,66.06381969,0.9562515
0.6,-22.87129592,0.58790942
0.7,88.56170171,0.99020247
0.8,17.84118116,0.9945804
0.9,-28.77319114,1.36695424
1.0,86.03376827,0.72564016
1.09391667,39.56098905,1.15202696
