segment,pitch,stretch
0.0,4.92084963,1.82046547
0.1,-92.73041115,1.60846764
0.2,-78.94275278,0.68214028
0.3,36.46358143,0.59431671
0.4,42.64715022,1.09166662
0.5,-54.71554497,0.66753255
0.6,24.90057363,1.53988743
0.7,42.42034457,1.41871396
0.8,-11.4569409,0.9466195
0.9,38.39502629,0.93569824
1.0,-82.69974188,0.72107622
1.09391667,-39.14916623,1.49118596
