segment,pitch,stretch
0.0,-87.96365185,1.52852124
0.1,-8.5190019,1.93288072
0.2,34.94660595,1.80201728
0.3,74.01534503,0.94192251
0.4,13.59562063,1.02469598
0.5,-84.64423503,1.61646509
0.6,-29.1291793,0.27950667
0.7,-52.42503967,1.30320323
0.8,21.24796122,1.07824702
0.9,32.72205185,0.68433039
1.0,-96.5222269,1.27621022
1.09391667,30.40810686,1.23591368
