segment,pitch,stretch
0.0,-18.74393268,1.03205893
0.1,33.5098218,1.56324899
0.2,-29.94782209,1.48903241
0.3,-33.25977884,0.12654912
0.4,-9.01985938,0.84484029
0.5,-82.73987875,0.94715121
0.6,48.07587241,1.69154368
0.7,-43.15088987,0.81126675
0.8,82.92488977,0.36905029
0.9,-60.38444868,0.50874334
1.0,27.71416794,0.95284967
1.09391667,21.92497573,0.65099343
