segment,pitch,stretch
0.0,-36.1059854,1.51802818
0.1,38.605133,1.15871841
0.2,6.46138816,1.08082563
0.3,-76.8629005,0.42984112
0.4,53.9378868,1.24745689
0.5,28.3848957,0.52889601
0.6,49.535102,1.52039951
0.7,-64.7881021,1.59778592
0.8,-98.9667189,0.63237027
0.9,-0.0263257976,0.3603848
1.0,-0.147031707,0.91165557
1.09391667,-83.6458716,1.59350312
