segment,pitch,stretch
0.0,-44.78438497,0.94710117
0.1,-59.64362525,0.96413905
0.2,-64.08533898,0.84840618
0.3,-29.1378116,0.37627617
0.4,-4.14868477,1.62621942
0.5,-61.00737987,0.44747201
0.6,61.72468412,0.51555254
0.7,91.61563335,1.97040932
0.8,-69.21450223,0.35468899
0.9,55.80681999,1.42342949
1.0,-13.47812759,1.23724986
1.09391667,47.39616925,0.05613364
