segment,pitch,stretch
0.0,32.62808343,1.95674705
0.1,-19.45954063,0.2020369
0.2,31.8583501,0.52421729
0.3,62.10393883,0.65974817
0.4,18.6647785,0.39728546
0.5,60.37095119,0.37134149
0.6,-66.90125798,0.92371442
0.7,-81.40602189,0.31310251
0.8,50.53882687,1.13414137
0.9,-56.46028762,0.34422608
1.0,17.60561432,1.91257156
1.09391667,99.29101089,1.23959362
