segment,pitch,stretch
0.0,1.52771956,1.05574256
0.1,87.85930758,0.07400982
0.2,10.69232429,1.27555025
0.3,-30.56293348,1.65548466
0.4,18.68768105,0.65488565
0.5,83.74749446,1.6850938
0.6,2.30267465,0.17916719
0.7,10.55624665,0.7091252
0.8,-52.17497639,1.14424326
0.9,63.1552018,0.08021557
1.0,32.56027872,1.28558373
1.09391667,49.01841871,0.80254185
