segment,pitch,stretch
0.0,-87.73830572,0.85344372
0.1,-15.08646711,1.55927117
0.2,-93.06982521,1.70131734
0.3,-69.48431994,0.94684337
0.4,66.11466902,1.98181189
0.5,9.32273235,0.71685289
0.6,66.48896901,0.68582038
0.7,-66.59180882,0.52787947
0.8,43.6326205,1.2789965
0.9,-52.46264607,1.18929342
1.0,47.80537721,1.0745206
1.09391667,7.91826016,1.28256899
