segment,pitch,stretch
0.0,-25.16303224,0.86862278
0.1,-14.02768866,0.53645709
0.2,69.31394604,1.09554837
0.3,90.85453111,0.97960852
0.4,-11.11189664,1.14883971
0.5,99.7192225,0.16341609
0.6,59.23899804,1.34227106
0.7,61.96409814,1.64659331
0.8,86.60257641,0.80940412
0.9,26.97835103,1.55602713
1.0,-29.13235822,0.0040181
1.09391667,-49.9357994,1.03656175
