segment,pitch,stretch
0.0,-92.82127988,0.46202599
0.1,-10.8879853,0.04069155
0.2,87.07339117,0.53206278
0.3,94.16233181,1.44505889
0.4,41.70993127,1.73804989
0.5,-9.49662532,0.79060569
0.6,0.93436069,1.79017292
0.7,-31.16965002,1.60375186
0.8,22.515306,1.61763715
0.9,39.07324,1.44528026
1.0,-34.19262646,0.82648617
1.09391667,7.30050377,1.94101738
