segment,pitch,stretch
0.0,-42.68859768,1.28071693
0.1,67.29414518,0.77411838
0.2,-56.57562289,1.32627092
0.3,71.30769152,0.49089119
0.4,95.1886681,0.72473062
0.5,72.69751936,1.52798236
0.6,62.43561612,1.79088814
0.7,-87.58634469,1.96984618
0.8,-28.77393345,1.38508216
0.9,-89.27970112,1.05217053
1.0,-11.13754725,1.15113027
1.09391667,-71.54799937,0.49767302
