segment,pitch,stretch
0.0,29.78122055,0.08614047
0.1,1.00212309,0.60651355
0.2,84.88341441,0.95660543
0.3,18.0671926,0.08485907
0.4,-63.20091068,0.78105645
0.5,-1.15346207,0.10730209
0.6,-1.70645236,1.7980607
0.7,37.24590025,1.48241485
0.8,-40.92862731,0.1626415
0.9,-58.08317272,1.43527927
1.0,-59.75718078,0.97707475
1.09391667,13.82760032,1.6467926
