segment,pitch,stretch
0.0,-41.47628357,0.55394603
0.1,65.54296858,0.9616183
0.2,-39.31347774,0.19888821
0.3,61.98950127,0.57394663
0.4,-3.60095554,0.13686424
0.5,-14.51452604,1.28705149
0.6,37.32728479,1.1695459
0.7,-80.65072298,0.87953448
0.8,-45.95652934,1.16448852
0.9,58.7720162,1.15057409
1.0,-45.80137343,0.15999969
1.09391667,-30.61117418,1.26319269
