segment,pitch,stretch
0.0,71.26903742,0.78069471
0.1,-85.67215002,0.96385913
0.2,62.40796955,1.23622138
0.3,-42.43885851,0.08139119
0.4,-43.47145803,1.30827212
0.5,0.87364752,0.40087686
0.6,11.44276141,0.69003786
0.7,13.05816489,0.53329387
0.8,36.18570215,0.06218309
0.9,-15.51832256,1.41722428
1.0,-23.27462527,1.1054453
1.09391667,27.24750983,1.42098641
