segment,pitch,stretch
0.0,80.69254561,1.28844059
0.1,-59.39729579,0.02904499
0.2,32.8562558,0.95132877
0.3,-22.29744676,1.51616745
0.4,31.71546531,1.13295381
0.5,26.68689131,0.76516543
0.6,-67.6485219,0.83201004
0.7,27.20384073,0.376561
0.8,-89.82269949,1.59621374
0.9,-57.22282633,0.7949968
1.0,66.80474658,1.43069985
1.09391667,-8.50085654,0.47836789
