segment,pitch,stretch
0.0,-71.93993547,1.17959242
0.1,-1.62152464,1.60180584
0.2,50.61668834,0.65172432
0.3,-81.57207342,1.31776936
0.4,25.23040328,0.27212312
0.5,-31.83310786,0.63067237
0.6,-66.5422469,0.24736815
0.7,42.39816589,1.98971363
0.8,6.21411894,1.78438062
0.9,64.95547395,0.78537094
1.0,-81.60559831,1.30952979
1.09391667,-34.61937884,0.30452812
