segment,pitch,stretch
0.0,76.25739469,0.56602806
0.1,-72.9034905,1.86013856
0.2,-34.31284512,1.49321079
0.3,23.60127817,0.47941188
0.4,51.01923595,0.65185377
0.5,-89.59911495,1.3750676
0.6,34.41203989,1.54319682
0.7,52.60913862,0.09952226
0.8,-90.65371811,0.08638802
0.9,-64.64204846,1.60736563
1.0,-86.58401711,0.42122312
1.09391667,-34.03680634,0.01186603
