segment,pitch,stretch
0.0,49.10415519,0.2034627
0.1,-48.79965422,1.25044247
0.2,53.20165278,0.74094366
0.3,57.36742524,0.00954132
0.4,94.02129802,1.6517129
0.5,75.45128831,0.80661731
0.6,28.29323428,1.01146739
0.7,-56.033964,0.68924025
0.8,-29.54315548,1.21892084
0.9,76.45106471,0.39109075
1.0,-33.55717755,0.51319042
1.09391667,-82.96462131,0.0502457
