segment,pitch,stretch
0.0,-79.97486314,0.1587751
0.1,4.97939185,1.19895937
0.2,-28.78047168,0.42029652
0.3,54.84679162,0.35684023
0.4,-29.5092506,0.61489906
0.5,32.35526616,0.62359164
0.6,30.73043206,0.73353012
0.7,-63.39934618,1.26915249
0.8,41.52768957,1.27281169
0.9,-68.73480186,1.34629586
1.0,39.94615362,0.72701625
1.09391667,-8.67015509,0.66252937
