segment,pitch,stretch
0.0,46.12890401,1.26973721
0.1,-46.79234899,0.81563074
0.2,43.27356125,1.94124466
0.3,-72.16670898,0.70667384
0.4,-20.43688573,1.08403016
0.5,47.47685518,0.3642344
0.6,-99.10404807,0.99174199
0.7,26.000254,0.55041702
0.8,-7.26217139,0.75824974
0.9,-22.74562987,0.866985
1.0,-68.2177704,1.56473108
1.09391667,25.12417325,0.96011667
