segment,pitch,stretch
0.0,-41.3657541,0.93042496
0.1,18.52407521,0.57556252
0.2,28.83660917,1.05825244
0.3,-68.73925871,1.61296419
0.4,16.38358539,1.88532434
0.5,10.80665977,0.93003826
0.6,-96.31867509,1.71319597
0.7,3.37543051,0.84201525
0.8,-54.88657906,0.38884428
0.9,-8.55837904,0.28018269
1.0,90.97556366,1.36723804
1.09391667,-99.26558204,0.42314615
