segment,pitch,stretch
0.0,-86.16375599,1.62153397
0.1,-22.09919923,1.42577166
0.2,63.82090938,1.22840095
0.3,38.26115817,1.977843
0.4,15.19654457,0.63466945
0.5,78.054871,1.94429469
0.6,63.1081572,0.531594
0.7,43.43236214,1.34157161
0.8,-74.3897683,1.32269287
0.9,40.24285486,1.75386624
1.0,-67.71571624,1.01238939
1.09391667,40.03958616,1.44306133
