segment,pitch,stretch
0.0,-32.56638412,1.34102199
0.1,49.8981081,0.75759379
0.2,-21.03155474,1.225333
0.3,-51.85436973,1.79972666
0.4,-40.10971626,0.82062061
0.5,-9.29933233,0.18015475
0.6,53.77549864,0.28029793
0.7,-93.73306799,1.24302717
0.8,10.07222851,1.83652713
0.9,17.79731187,1.55098579
1.0,-51.55835123,0.97719026
1.09391667,-22.80344529,0.39162915
