segment,pitch,stretch
0.0,70.08788288,1.73905021
0.1,9.51278832,0.0665574
0.2,-59.8724706,1.97257093
0.3,-7.8364385,0.54442479
0.4,-78.88155559,0.88565994
0.5,68.60860792,1.07148871
0.6,-33.65925785,0.5392424
0.7,-55.41448182,0.22870417
0.8,50.68602882,0.62800338
0.9,61.97320966,0.19317235
1.0,-81.646441,0.59223908
1.09391667,-76.82315441,1.64165992
