segment,pitch,stretch
0.0,0.0155370236,1.50775741
0.1,-4.64270355,1.88632048
0.2,-86.7611077,1.79027228
0.3,-86.6854854,0.9708058
0.4,-74.3205589,1.26833926
0.5,56.1207621,0.98662828
0.6,15.0235235,1.65364002
0.7,25.8783198,1.52514764
0.8,21.3726461,1.10599603
0.9,86.9816794,1.01372586
1.0,-56.1900631,1.1928159
1.09391667,59.2986673,0.36234179
