segment,pitch,stretch
0.0,-70.25213601,0.36867593
0.1,89.68329695,1.72886328
0.2,64.82558172,1.62690503
0.3,-29.59079509,0.73552932
0.4,2.86785492,1.15423746
0.5,29.66798779,0.00604153
0.6,83.99800943,0.72573154
0.7,3.87286535,0.64728212
0.8,-49.24820381,1.80766087
0.9,77.90929808,1.21653859
1.0,93.37572535,0.12484757
1.09391667,1.85400833,0.63167788
