segment,pitch,stretch
0.0,64.01741769,1.51547649
0.1,26.7868786,1.88187252
0.2,-11.61455466,1.96684575
0.3,5.98277112,0.79325927
0.4,-58.29733436,0.88962117
0.5,-28.52423669,0.54211356
0.6,-20.08515402,0.71772169
0.7,56.89013176,1.30220499
0.8,-1.76253667,0.81496958
0.9,17.11874088,0.64316233
1.0,-69.92464743,0.7734262
1.09391667,16.89803128,0.24670156
