segment,pitch,stretch
0.0,-33.72839549,0.64170462
0.1,71.95583488,0.46910546
0.2,93.77497833,1.36329359
0.3,-96.3431589,1.23106937
0.4,-58.26438495,1.40247691
0.5,40.50395066,0.60520266
0.6,-57.53982371,0.0944441
0.7,19.26336492,0.39825095
0.8,53.61678759,0.94728121
0.9,33.80250156,0.19803834
1.0,47.27321227,1.21672532
1.09391667,72.04949346,0.20681806
