segment,pitch,stretch
0.0,-72.43588369,0.36787591
0.1,-98.6251287,1.73505489
0.2,-89.42746768,1.62660713
0.3,-34.62530113,0.43311906
0.4,30.41205687,0.44776213
0.5,2.837509,1.35793831
0.6,-71.5278257,0.32605315
0.7,49.48057975,0.34111515
0.8,88.19174023,1.45336533
0.9,20.52660859,1.82703196
1.0,-18.49679028,0.13003363
1.09391667,15.64652165,0.89322684
