segment,pitch,stretch
0.0,26.34165935,1.71213773
0.1,-56.59594866,1.15120834
0.2,55.77264446,0.20532707
0.3,59.58576331,1.44609217
0.4,50.57214918,1.59031005
0.5,-27.64478316,1.08553967
0.6,2.0668356,0.33734673
0.7,16.42838057,1.73819429
0.8,-69.32816756,1.21021958
0.9,-50.9336042,0.40648389
1.0,-74.04317483,1.02452254
1.09391667,-55.97160762,0.57453433
