segment,pitch,stretch
0.0,-41.53907187,0.57004443
0.1,-34.77242331,0.9419408
0.2,44.84688975,1.66104168
0.3,0.52781467,0.91446022
0.4,-85.49095183,1.87910308
0.5,49.75805681,1.6772423
0.6,-34.01238983,1.00245935
0.7,-76.80695945,1.44049733
0.8,57.48181657,0.74965877
0.9,-42.740182,1.30386633
1.0,76.48970234,1.30270801
1.09391667,-24.33451257,0.47933239
