segment,pitch,stretch
0.0,54.55896485,0.17002178
0.1,-84.703617,0.57357602
0.2,-45.52691842,0.18029925
0.3,30.90198875,0.59395627
0.4,69.36903556,1.72997597
0.5,-77.32429823,1.46184146
0.6,-36.56393573,1.64193231
0.7,-54.92203019,0.7720156
0.8,63.95367778,1.56938558
0.9,-73.16013867,0.55739545
1.0,86.56813229,0.52583185
1.09391667,-21.53870741,1.37102022
