segment,pitch,stretch
0.0,24.30500843,1.5693483
0.1,57.57377678,1.68368473
0.2,-95.42785245,0.73781789
0.3,-42.97336145,0.35418693
0.4,-27.66393175,0.0078487
0.5,77.20765179,1.54548252
0.6,83.13326456,1.19620748
0.7,-32.13348901,1.89254879
0.8,68.31202494,0.72669061
0.9,19.90764766,1.22099256
1.0,67.85742397,1.73789428
1.09391667,89.08528759,1.66641406
