segment,pitch,stretch
0.0,-78.61506242,0.96291184
0.1,50.32903383,1.02849412
0.2,13.41609495,1.48046057
0.3,-65.62214638,0.95403391
0.4,-58.93648778,0.16536285
0.5,72.28111683,1.42811474
0.6,-46.77069374,0.74831178
0.7,-90.37193795,1.44512366
0.8,-0.43339445,1.0370843
0.9,-45.45823975,0.73747726
1.0,-68.1553756,0.53686902
1.09391667,-50.27313826,1.24590757
