segment,pitch,stretch
0.0,26.42834913,1.62221941
0.1,-7.65720218,1.46036611
0.2,-36.03524122,1.24406571
0.3,-9.36591816,1.98304613
0.4,74.01503077,0.42616314
0.5,-66.92719297,0.24476163
0.6,-30.7057444,1.77552442
0.7,40.84752834,1.05242247
0.8,15.65936383,0.70330742
0.9,-13.21472975,0.60059781
1.0,44.82999828,0.40485906
1.09391667,-79.02570563,1.70610938
