segment,pitch,stretch
0.0,-7.05979315,0.25493427
0.1,11.12287517,1.40090196
0.2,28.5672698,0.1131803
0.3,16.48717496,1.17672005
0.4,6.46389904,1.65791719
0.5,-33.62191601,1.48549593
0.6,24.95644847,0.02678123
0.7,-38.16076581,0.84885904
0.8,-79.20201093,0.30029844
0.9,-71.11539398,0.49544308
1.0,-86.32031944,0.41090122
1.09391667,-43.4557724,0.68463909
