segment,pitch,stretch
0.0,17.89309058,1.04861509
0.1,71.29743237,1.67595733
0.2,-58.86773575,0.86315506
0.3,-79.26718247,0.41984481
0.4,35.72874859,0.95404094
0.5,-14.77309026,0.45544588
0.6,-78.45807111,0.07788433
0.7,40.66379457,0.7267532
0.8,51.99524397,1.61048189
0.9,23.30304068,1.83471325
1.0,87.05916465,1.60214946
1.09391667,-42.18000877,1.51632908
