segment,pitch,stretch
0.0,-75.26385552,0.09689384
0.1,-77.54873454,0.88213328
0.2,13.4311812,0.06512801
0.3,7.92656706,1.12427914
0.4,43.04088715,0.73534916
0.5,-52.66329155,0.96891313
0.6,84.44946609,0.99997318
0.7,35.14899848,1.2765527
0.8,-13.90496644,1.38017734
0.9,10.2251388,1.18692736
1.0,-36.70454503,0.69548573
1.09391667,11.3834831,0.72968454
