segment,pitch,stretch
0.0,-3.04072315,0.82619881
0.1,-7.71178933,0.19533878
0.2,-42.18636208,1.08277914
0.3,-34.45077435,1.14412535
0.4,-84.66227969,1.20529311
0.5,-92.64439035,1.74650044
0.6,-61.14666871,0.43899038
0.7,-3.59823801,0.82830315
0.8,-55.86599887,0.29447237
0.9,70.71897097,0.99577412
1.0,-41.59717756,1.79017757
1.09391667,45.33564492,1.70871786
