segment,pitch,stretch
0.0,0.80878803,1.8484575
0.1,-89.46369243,0.19659267
0.2,-42.02740452,0.98704764
0.3,-31.54071999,0.90975168
0.4,0.25010778,1.48690857
0.5,58.11815913,1.16973021
0.6,81.96461668,0.00206468
0.7,-44.50191201,0.61136538
0.8,-95.34081409,0.53595083
0.9,-97.06518429,0.1294964
1.0,9.04827132,0.71465456
1.09391667,76.3058936,0.51987053
