segment,pitch,stretch
0.0,-13.81078305,1.74540369
0.1,10.90636048,0.64746191
0.2,71.51010514,0.6414627
0.3,42.52309231,0.02436054
0.4,61.30753847,0.53231596
0.5,-34.48448602,1.68146763
0.6,35.84346113,1.59056588
0.7,-56.39981073,1.84748389
0.8,-86.58866218,1.51888636
0.9,-51.1308372,0.50507437
1.0,-44.59979753,1.32144417
1.09391667,99.72573964,1.70632081
