segment,pitch,stretch
0.0,-59.46419525,1.45272118
0.1,57.8993682,1.05218588
0.2,96.50473449,0.16877242
0.3,70.35497861,0.80491698
0.4,41.87750843,0.90543026
0.5,-81.49095224,1.05177913
0.6,57.42750946,0.09637859
0.7,4.11503666,0.17788962
0.8,-69.97079252,0.7335246
0.9,35.15344639,1.1040214
1.0,-81.03238812,0.9742901
1.09391667,-73.59723868,0.84036339
