segment,pitch,stretch
0.0,-80.71487731,0.76887991
0.1,-84.93103541,0.20306802
0.2,44.45354712,0.68006184
0.3,93.3584913,1.00051335
0.4,-88.5655354,1.99828121
0.5,58.50265478,0.71004269
0.6,42.72435837,1.91299509
0.7,15.71938112,1.01891246
0.8,7.70597987,1.53959141
0.9,-16.73581283,1.64058726
1.0,-59.877834,1.4823545
1.09391667,39.92997673,1.39164399
