segment,pitch,stretch
0.0,20.40366348,0.56042838
0.1,-22.31307181,0.54946445
0.2,-89.37114144,1.64772646
0.3,-62.56780286,1.49638786
0.4,98.66430914,1.35717302
0.5,31.54001237,1.77354921
0.6,-32.39124998,0.30044417
0.7,-36.51161339,0.61964528
0.8,53.57144474,1.90165564
0.9,-58.15364794,1.196075
1.0,49.37662152,1.99169905
1.09391667,-58.25142674,0.63333461
