segment,pitch,stretch
0.0,78.21791369,0.37053366
0.1,9.4630269,0.06190409
0.2,-3.29994587,0.20284396
0.3,13.5324371,0.23510746
0.4,88.19527441,1.05287262
0.5,1.7504357,1.51424362
0.6,-42.50120826,0.74446718
0.7,-43.9320192,1.35303028
0.8,-72.26393539,1.8690989
0.9,-37.61612777,1.42604643
1.0,9.822435,1.6879771
1.09391667,-46.39218801,0.80624402
