segment,pitch,stretch
0.0,-41.91954114,1.07016473
0.1,-81.73689018,0.80416299
0.2,-8.6439495,1.27361164
0.3,-35.79468829,0.8357561
0.4,-15.71846635,0.68387575
0.5,30.29696997,0.51659091
0.6,58.5778321,0.86090319
0.7,-55.43771635,1.86495605
0.8,-4.04287403,0.50523281
0.9,96.7741085,0.60576665
1.0,73.27929718,1.38942897
1.09391667,-50.83652549,0.62697308
