segment,pitch,stretch
0.0,22.80679167,0.70061045
0.1,17.54007411,1.60053813
0.2,-52.11811518,0.58462844
0.3,-23.82315646,0.24368019
0.4,44.18787645,0.52233595
0.5,-72.90084178,0.85287542
0.6,-17.62123308,1.54280419
0.7,95.73852472,0.69341266
0.8,10.89860126,0.63948037
0.9,-72.84217249,0.23195922
1.0,-57.31215702,1.27646479
1.09391667,-16.22203203,1.15579809
