segment,pitch,stretch
0.0,25.67612046,1.60368468
0.1,-73.22421847,0.71109799
0.2,45.60415064,0.65921899
0.3,93.27879502,1.59053842
0.4,33.1762566,0.71799916
0.5,47.64320434,1.2187377
0.6,-19.19510789,1.25318934
0.7,-33.42680653,0.56903982
0.8,47.71435933,0.44355463
0.9,5.90681892,1.65481096
1.0,42.52423942,0.56871191
1.09391667,43.22160039,0.29440298
