segment,pitch,stretch
0.0,8.81168197,0.91928245
0.1,28.82624603,1.1322176
0.2,-13.41860503,0.903902
0.3,-3.78239355,0.85237712
0.4,-99.28888376,0.30528578
0.5,97.17399406,0.73312891
0.6,-7.91387191,1.49247212
0.7,60.9049728,1.20652206
0.8,-11.98639675,1.13523652
0.9,-1.38257528,0.60296342
1.0,25.89344048,0.75702193
1.09391667,-40.04347975,0.87917509
