segment,pitch,stretch
0.0,-7.36185514,1.393769
0.1,90.53877185,0.98238467
0.2,-41.94407757,1.23695651
0.3,25.1521842,1.19631379
0.4,68.57946125,0.88911396
0.5,65.86891495,1.98349596
0.6,-52.28114947,0.8296111
0.7,15.16550818,0.44150217
0.8,25.27999627,1.48173114
0.9,11.70162838,1.09419359
1.0,-94.01759602,0.20829797
1.09391667,-3.24792735,1.32232845
