segment,pitch,stretch
0.0,7.20305011,0.62248381
0.1,40.54252217,1.3534175
0.2,-27.16756142,1.93672018
0.3,-47.4542684,1.80613869
0.4,16.89492576,1.17778721
0.5,-3.45231142,1.26050698
0.6,-55.37795964,0.40567716
0.7,94.81526788,1.85712714
0.8,4.42136383,0.11089582
0.9,-28.73125868,1.52275562
1.0,-43.27093622,0.4081166
1.09391667,0.63608962,1.00698649
