segment,pitch,stretch
0.0,74.20759592,0.3722502
0.1,-91.348614,0.72135633
0.2,-47.07053841,1.09022513
0.3,14.8093439,0.23360297
0.4,46.9338314,1.81978529
0.5,39.7428535,0.50068107
0.6,-23.36569069,1.21791048
0.7,45.91971916,0.53153165
0.8,32.42791759,1.47100285
0.9,1.19876254,1.64053241
1.0,-40.71182661,1.74926312
1.09391667,-1.61863293,1.77861775
