segment,pitch,stretch
0.0,84.90072142,0.12314254
0.1,-41.07989328,1.47173023
0.2,26.53456805,0.93931176
0.3,48.49138907,1.34001736
0.4,86.79887094,1.64463799
0.5,-87.48501221,0.04293941
0.6,83.61398115,1.19650865
0.7,-67.9208707,1.38443351
0.8,65.07099719,0.78972481
0.9,-55.2468851,0.37997082
1.0,49.35589772,1.80858647
1.09391667,-44.5684473,0.47955849
