segment,pitch,stretch
0.0,-0.0387960156,1.23414585
0.1,38.1316994,0.9307675
0.2,-27.0649645,0.03913176
0.3,48.6299289,0.1581059
0.4,-73.1690056,1.26848515
0.5,-28.1080401,1.70642176
0.6,47.3805694,1.16045112
0.7,-91.4211748,1.92718933
0.8,5.88699375,0.86462582
0.9,88.3416583,0.91973589
1.0,-36.7945697,0.59650291
1.09391667,-60.7645339,0.61493886
