segment,pitch,stretch
0.0,66.65099922,0.14059347
0.1,-25.70388075,0.04284068
0.2,-22.37896652,0.61477249
0.3,-6.57908025,0.586151
0.4,14.90197081,0.82467301
0.5,28.13310888,1.4846696
0.6,67.72161666,1.87560286
0.7,-79.77738636,0.86888635
0.8,-9.62789869,0.65753642
0.9,-43.36595112,1.72637139
1.0,-65.22090713,0.00479054
1.09391667,93.99451349,1.63350936
