segment,pitch,stretch
0.0,-63.71190355,0.64786632
0.1,-50.79402881,0.65066378
0.2,32.30736556,0.25622374
0.3,64.02493123,0.5898572
0.4,33.19195817,0.35552041
0.5,-86.78102625,0.44475986
0.6,66.48077763,1.98126615
0.7,77.3640722,1.0037779
0.8,-43.13358698,1.93292513
0.9,16.8031196,1.4698385
1.0,-24.13411638,0.72715411
1.09391667,-2.75355837,1.46134136
