segment,pitch,stretch
0.0,-22.47224396,0.79935629
0.1,8.34418228,1.08766258
0.2,-26.80375044,0.88793969
0.3,-25.22426401,1.85581966
0.4,-44.17860095,1.74261815
0.5,-7.8395137,0.67828824
0.6,42.03338864,0.30993225
0.7,50.48936268,1.83209491
0.8,-79.33283531,1.96795539
0.9,57.67304972,0.73278394
1.0,75.92662412,1.69577801
1.09391667,-5.06556073,0.31756742
