segment,pitch,stretch
0.0,25.22327534,0.79021115
0.1,65.97179868,1.36275453
0.2,36.46298268,0.56940252
0.3,0.36789595,1.38606336
0.4,37.25543056,1.49876521
0.5,13.61304399,1.33513266
0.6,40.85367399,0.34922841
0.7,92.87994107,1.58402098
0.8,40.19777361,0.73275133
0.9,-27.70209944,1.05467816
1.0,-75.44304357,1.81419779
1.09391667,15.82899147,1.89560881
