segment,pitch,stretch
0.0,-55.70103266,0.31166963
0.1,-28.01284425,0.86348118
0.2,7.20629908,0.70830416
0.3,-88.65707162,1.06551889
0.4,-27.84357002,1.20889774
0.5,-20.24546059,1.96243663
0.6,20.54719109,0.99424305
0.7,-91.70059837,1.67190932
0.8,-73.21008585,0.91833311
0.9,41.37635308,1.02826617
1.0,8.96435743,1.43882248
1.09391667,-83.64569899,1.75988721
