segment,pitch,stretch
0.0,-4.42672904,1.38946162
0.1,-45.54953548,1.85362479
0.2,61.94236328,1.40120351
0.3,-6.76881519,0.73681545
0.4,70.60925321,1.34579028
0.5,61.83462206,0.03433947
0.6,80.97898291,0.00901878
0.7,85.22540412,0.90232531
0.8,0.99054443,1.1650967
0.9,4.65362218,1.94757047
1.0,-50.74375514,1.11012852
1.09391667,-72.71002663,1.91238116
