segment,pitch,stretch
0.0,-82.79812385,1.11396114
0.1,13.26533661,1.75736632
0.2,-27.77858548,0.50029201
0.3,-8.21179447,0.94281284
0.4,42.22985327,0.51943545
0.5,28.42887923,1.6869371
0.6,80.44970592,0.17301415
0.7,21.26225147,1.48852219
0.8,-37.93625661,1.01404105
0.9,-26.7095537,1.17770211
1.0,-21.16506099,1.73105649
1.09391667,7.34933703,1.8720967
