segment,pitch,stretch
0.0,-85.91778387,1.81402398
0.1,45.98194985,0.85637973
0.2,-52.53895344,1.26858723
0.3,98.13831198,1.07634076
0.4,49.65682047,1.31800961
0.5,-29.41075208,1.42436558
0.6,-30.04012094,1.22174941
0.7,37.41853206,1.40902868
0.8,23.33118627,1.14954472
0.9,-72.81592551,0.62932842
1.0,22.84370031,1.0343403
1.09391667,31.18033436,1.81184982
