segment,pitch,stretch
0.0,-73.0364012,1.20427188
0.1,-22.1461231,0.93293509
0.2,-68.7915777,0.44843766
0.3,15.9567541,1.947333
0.4,0.0690214219,0.80984127
0.5,11.0751916,0.49483553
0.6,-4.73549816,1.63471819
0.7,89.4133264,0.6439244
0.8,8.5991291,1.83711469
0.9,-42.9855425,1.01800117
1.0,21.7690352,0.59348897
1.09391667,-68.5633248,1.68402605
