segment,pitch,stretch
0.0,79.01360671,0.58078149
0.1,52.71884285,1.30954319
0.2,50.53447538,0.29557882
0.3,-77.30718956,0.06017209
0.4,33.34946603,1.37776662
0.5,65.54692119,1.42660443
0.6,18.3747553,1.66364869
0.7,51.17957479,1.08928957
0.8,29.2707463,0.72793509
0.9,19.39700322,0.41728398
1.0,64.73291428,0.11685832
1.09391667,32.81987365,0.66462102
