segment,pitch,stretch
0.0,-68.09670747,1.3485974
0.1,8.96692918,0.84698507
0.2,-46.83531772,0.06218337
0.3,-87.32202155,0.66181265
0.4,49.65406328,1.9600464
0.5,92.65716025,0.67849191
0.6,-17.76161657,0.9118753
0.7,-85.77085821,0.73811047
0.8,-31.44799715,0.91861979
0.9,-32.59755967,1.18816365
1.0,-96.2091504,1.86623217
1.09391667,-0.57982779,0.61760757
