segment,pitch,stretch
0.0,-74.14199581,0.56604578
0.1,89.94537867,0.76750271
0.2,-97.85495654,1.21496016
0.3,32.1848514,1.29013374
0.4,-18.16351382,0.9359149
0.5,45.53126648,0.64815145
0.6,-65.36095863,1.94413917
0.7,-40.1441705,0.65249887
0.8,67.58790179,1.32844944
0.9,83.12820885,0.04188573
1.0,51.68582171,1.11136781
1.09391667,49.78372489,0.42919135
