segment,pitch,stretch
0.0,94.56130546,1.78248544
0.1,98.82920217,0.32774506
0.2,-30.68243792,0.4010142
0.3,-48.75978293,0.84475133
0.4,-79.08505246,1.07558594
0.5,18.07000914,1.2644329
0.6,57.19590548,1.63811398
0.7,6.7178476,1.3488209
0.8,-59.05070955,0.73862335
0.9,-76.10802368,0.85331353
1.0,-28.87948521,1.24951522
1.09391667,8.04938486,0.68295905
