segment,pitch,stretch
0.0,-62.56630806,1.86832625
0.1,-47.88948562,0.16089863
0.2,32.64151801,0.0444821
0.3,-32.06511913,1.57257602
0.4,93.60270043,1.42885531
0.5,26.08771786,1.38538324
0.6,-3.7007295,1.01058653
0.7,58.86956752,0.52217054
0.8,-75.73304048,1.32659726
0.9,-35.43253665,0.88864926
1.0,-21.03744822,1.19784945
1.09391667,-19.58423429,0.92748285
