segment,pitch,stretch
0.0,43.98055184,1.94722798
0.1,91.3545984,1.93048351
0.2,-25.91563113,0.27240706
0.3,-14.96140851,1.06623965
0.4,-8.05824247,1.41558656
0.5,-61.63888891,0.26700347
0.6,37.86658664,0.54434522
0.7,-97.52325855,0.79258737
0.8,-16.03910224,1.13417158
0.9,83.25609208,0.68565339
1.0,-65.28300381,0.73020294
1.09391667,38.04109912,1.48505369
