segment,pitch,stretch
0.0,-34.05157895,1.0004529
0.1,58.19153473,1.21096565
0.2,-48.12257975,0.11590133
0.3,49.89061623,1.91629618
0.4,34.36154687,1.2268838
0.5,-5.3172375,1.50953507
0.6,22.96924358,0.88661312
0.7,-97.31174849,0.11078335
0.8,-28.90224272,0.79636785
0.9,-26.24845885,0.27345116
1.0,92.28378811,0.14785478
1.09391667,-48.38945182,0.43629002
