segment,pitch,stretch
0.0,7.28178662,1.69718484
0.1,53.30309055,0.86840916
0.2,9.81131056,0.62741544
0.3,-90.32961485,1.93796864
0.4,16.20847807,1.96151684
0.5,-12.76815096,0.98998478
0.6,93.86097069,1.74396039
0.7,39.57297318,1.59359998
0.8,-19.22688735,1.3284153
0.9,-71.99383643,1.90824048
1.0,5.42324024,1.38687745
1.09391667,-66.1565739,0.48487656
