segment,pitch,stretch
0.0,0.2450503,0.47001228
0.1,41.86400045,1.24375119
0.2,3.22348346,0.98802588
0.3,-24.29894103,1.92952194
0.4,66.4308336,0.84385332
0.5,-79.52202924,0.34569188
0.6,-4.00284897,1.46988057
0.7,-82.69040612,0.94597317
0.8,32.14289288,0.70955806
0.9,-94.27188699,1.39207721
1.0,-14.10162234,0.79549611
1.09391667,27.39748728,1.7090018
