segment,pitch,stretch
0.0,-24.33351242,0.5798894
0.1,-30.25700372,1.5217244
0.2,-30.13382595,0.83018836
0.3,-9.60246818,0.61732459
0.4,-40.42162485,0.04187642
0.5,57.08355263,1.52741907
0.6,90.25216072,0.52793747
0.7,85.30493085,1.06419231
0.8,-32.5073614,0.3844952
0.9,26.39127281,0.20035849
1.0,9.20254691,0.39448392
1.09391667,-73.51581894,0.19327596
