segment,pitch,stretch
0.0,33.38389537,1.56748289
0.1,-34.15374901,0.35840318
0.2,-17.15972141,0.69573927
0.3,-8.06213265,1.48062695
0.4,10.20192226,1.80584749
0.5,-58.60843687,0.27713833
0.6,79.76687213,0.54911174
0.7,-68.85443864,0.47648858
0.8,-14.23970475,1.61704234
0.9,-88.80466565,1.41921333
1.0,-64.76676699,0.47778277
1.09391667,-85.72124736,0.86213517
