segment,pitch,stretch
0.0,-58.47147348,1.25570844
0.1,25.25879028,1.3068123
0.2,-78.78616324,1.48831799
0.3,11.29938963,0.34919936
0.4,39.53352696,1.00725943
0.5,91.57483284,1.25472599
0.6,22.72019707,1.46652556
0.7,30.21012118,0.98566412
0.8,-41.20304871,1.93402839
0.9,28.6164571,1.61503367
1.0,36.23029146,0.92571768
1.09391667,-21.60177346,1.50534637
