segment,pitch,stretch
0.0,79.54091256,1.25862136
0.1,8.12106861,0.9398724
0.2,-86.96528304,1.23485766
0.3,34.39896744,0.94041456
0.4,73.46875222,1.68451502
0.5,-83.8449803,0.54115759
0.6,58.21808767,0.09765006
0.7,-1.02085817,0.91208016
0.8,-33.33574161,1.53320318
0.9,24.41997053,1.39457069
1.0,-54.97722052,0.85736332
1.09391667,-40.91525951,0.73478674
