segment,pitch,stretch
0.0,89.92931817,1.55464654
0.1,69.43761356,1.5693867
0.2,-74.63581074,0.24579909
0.3,66.94799646,0.89003704
0.4,93.4667874,0.02709789
0.5,-73.58583841,1.93159194
0.6,60.58074805,1.21534299
0.7,-19.51561534,1.54968918
0.8,1.50674214,1.22283315
0.9,-4.69145727,0.16463995
1.0,-90.65001005,0.26004795
1.09391667,80.40130965,0.00778095
