segment,pitch,stretch
0.0,9.71692873,1.51290073
0.1,-32.4765448,1.69209185
0.2,15.43761556,1.03006511
0.3,58.61018381,0.24425739
0.4,25.83507297,1.41814457
0.5,-56.32199776,1.04050252
0.6,-56.68859517,0.2977066
0.7,-35.23691581,0.84278016
0.8,-38.05292499,1.02765016
0.9,-19.80503333,1.82923519
1.0,18.63515133,1.36188649
1.09391667,20.3470687,1.04188566
