segment,pitch,stretch
0.0,-5.79676766,0.51982844
0.1,-7.88979016,1.6050725
0.2,-30.02673636,1.59647027
0.3,10.91379363,1.97742112
0.4,1.79762369,1.85601804
0.5,73.94991314,1.38993988
0.6,77.03109361,1.43065154
0.7,-48.27841607,0.14937688
0.8,57.26579501,1.65528817
0.9,-80.56784579,1.0202375
1.0,64.74546515,1.82414723
1.09391667,5.24901362,1.00971458
