segment,pitch,stretch
0.0,-36.00437951,0.86268568
0.1,-36.18192477,0.78818346
0.2,-76.46214854,0.88104775
0.3,-9.78546514,0.51957323
0.4,-53.27937245,1.84624381
0.5,14.69737181,0.53524469
0.6,-76.22217722,0.83895898
0.7,76.26393568,0.4548877
0.8,-62.02007028,1.59917341
0.9,73.18804903,0.63690232
1.0,75.91755358,1.04600017
1.09391667,-37.39944408,0.42796411
