segment,pitch,stretch
0.0,41.65293518,0.10243767
0.1,12.19905505,1.22737147
0.2,-17.7367635,0.80405871
0.3,82.5511566,1.55191633
0.4,24.18828857,0.00681269
0.5,-37.78588701,1.47971367
0.6,12.42409681,0.34468947
0.7,-1.0486121,0.87101018
0.8,-50.74764629,1.12590191
0.9,-93.36344031,1.039516
1.0,39.91763763,1.26341771
1.09391667,-16.62780594,1.79941384
