segment,pitch,stretch
0.0,98.7829688,0.6873965
0.1,-67.9329994,0.65236597
0.2,-35.4157721,1.04626144
0.3,8.75583116,1.65669948
0.4,-60.72300086,1.8622585
0.5,-43.53238385,1.86205359
0.6,7.41942565,1.2731877
0.7,-30.23988593,0.2835626
0.8,98.85106115,0.42372638
0.9,11.8745124,1.35675351
1.0,-15.67114445,1.03423815
1.09391667,-67.06238252,0.63701046
