segment,pitch,stretch
0.0,91.32452464,1.47199137
0.1,25.50334758,0.86889355
0.2,16.65062249,0.12872518
0.3,59.49550973,0.72033949
0.4,71.09902,1.524748
0.5,32.48084173,1.90798091
0.6,-3.97213515,1.71709986
0.7,-1.84724139,1.47754373
0.8,94.84850521,1.43391033
0.9,-6.66803952,1.68537408
1.0,95.32562857,1.1201051
1.09391667,43.75707904,1.27926817
