segment,pitch,stretch
0.0,-24.26834644,1.03045274
0.1,0.87898814,1.86888255
0.2,29.43994061,1.70405425
0.3,21.82945731,1.34767033
0.4,49.09743773,0.8443881
0.5,-15.97258886,1.38979788
0.6,13.73233931,1.1830035
0.7,-18.88709324,1.43950556
0.8,13.58093601,1.18211722
0.9,74.79947006,0.44903969
1.0,-49.15519577,0.93357228
1.09391667,18.17659257,1.8466086
