segment,pitch,stretch
0.0,85.86099955,1.60253472
0.1,-74.24278906,1.17756514
0.2,66.63239561,1.35741875
0.3,48.1989772,1.41012003
0.4,-24.59174715,0.10488559
0.5,-13.08814226,1.84558303
0.6,3.3813436,1.65169658
0.7,-77.57885428,0.99070069
0.8,64.2992526,1.03905924
0.9,-69.82436983,1.4199326
1.0,-17.74567454,1.83949921
1.09391667,34.86644748,1.32096962
