segment,pitch,stretch
0.0,29.80961577,0.43821818
0.1,48.86857013,0.91916023
0.2,-75.87963709,1.43870603
0.3,30.73642142,0.67232978
0.4,-47.77384215,0.927705
0.5,95.74069733,0.04190462
0.6,49.89153758,1.51758055
0.7,-93.96412935,1.81908107
0.8,-13.00332235,1.60949708
0.9,80.99885276,1.9985333
1.0,-12.77273084,1.07792874
1.09391667,-3.9803657,1.55358956
