segment,pitch,stretch
0.0,-89.21120638,0.86013949
0.1,-61.94586113,1.20415769
0.2,66.92224931,1.12519254
0.3,-8.83169244,1.93563119
0.4,-62.26224073,1.36290277
0.5,-40.69471865,0.31823405
0.6,-55.09323572,1.64522851
0.7,-85.76938639,0.41705872
0.8,-61.73931362,0.77550812
0.9,29.10621895,0.71060598
1.0,-54.92010394,0.25781542
1.09391667,-99.59524777,0.26651543
