segment,pitch,stretch
0.0,19.9692207,1.34383916
0.1,22.22606315,0.0196847498
0.2,44.76083147,1.32604329
0.3,30.56518658,0.457164903
0.4,70.50807044,0.862218031
0.5,-99.40073456,1.19900353
0.6,-34.76596453,1.85917609
0.7,-7.2574162,0.599282433
0.8,-34.51491792,0.420457526
0.9,40.55984504,1.44903206
1.0,43.92860722,0.00056977348
1.09391667,97.81958787,1.67148022
