segment,pitch,stretch
0.0,-25.3614735,1.74975572
0.1,13.63610574,0.46955084
0.2,47.68455174,0.90849847
0.3,-45.84662584,1.75842807
0.4,-24.72789326,0.8348983
0.5,64.94752312,0.09811013
0.6,91.26767563,0.01897595
0.7,39.1185383,1.47798962
0.8,-79.79663189,0.10732885
0.9,82.76131323,1.36210441
1.0,-67.84724973,1.46345611
1.09391667,10.72336038,1.19403649
