segment,pitch,stretch
0.0,-32.76105426,1.09332496
0.1,20.82965334,1.62338997
0.2,92.37712608,0.62920964
0.3,62.5594058,1.24187197
0.4,6.21236176,0.66893682
0.5,4.78560907,0.46069242
0.6,-34.71949358,0.40626587
0.7,-10.08230205,1.52821633
0.8,33.82806657,1.03411812
0.9,-6.48550499,1.40320231
1.0,-24.14508238,0.99721534
1.09391667,87.95814846,0.20116539
