segment,pitch,stretch
0.0,14.83112151,0.44215223
0.1,11.76914083,1.16902386
0.2,56.99835841,1.34778137
0.3,-91.21705368,1.75286116
0.4,45.54032704,0.59475232
0.5,27.79493499,1.56815753
0.6,-45.92047179,1.45096495
0.7,30.6901634,1.27145961
0.8,-6.79166087,1.53710405
0.9,-73.44231095,1.76487513
1.0,72.98773842,1.73986125
1.09391667,-6.1173613,0.92350985
