segment,pitch,stretch
0.0,25.4501387,1.11165111
0.1,63.77188621,1.38930356
0.2,8.16107914,0.85763188
0.3,41.89997673,0.26479285
0.4,-63.53893236,0.36121213
0.5,57.74914229,1.75452306
0.6,-60.14311181,1.62162149
0.7,3.67795544,0.63165878
0.8,-80.01439722,0.85751028
0.9,-37.7550596,1.51613867
1.0,-13.58281726,1.37338535
1.09391667,59.5288882,0.25913333
