segment,pitch,stretch
0.0,-31.53954932,1.11178535
0.1,67.55550323,1.43872854
0.2,55.26204535,1.00652784
0.3,-80.01639585,1.88859993
0.4,94.9520187,1.11098418
0.5,14.34639333,0.053376
0.6,86.55683539,0.64698711
0.7,-89.78552737,0.30486873
0.8,-1.72373159,1.76121679
0.9,-17.62384296,1.26518318
1.0,-77.59342149,0.9746017
1.09391667,-62.03983535,0.80300486
