segment,pitch,stretch
0.0,-6.7580407,1.36908338
0.1,35.07051515,1.9104602
0.2,-13.38429881,0.46910503
0.3,37.09878084,1.97066888
0.4,-63.7004989,1.03915964
0.5,38.07544061,0.03518646
0.6,-3.84658335,0.35806175
0.7,-70.82168474,1.2923355
0.8,15.89042936,0.94769204
0.9,11.36542465,1.13768641
1.0,48.05239425,1.46377274
1.09391667,-25.45868434,1.28141809
