segment,pitch,stretch
0.0,-77.09264939,1.23191038
0.1,-5.78875624,1.45836537
0.2,-83.87680905,1.0531546
0.3,28.79088839,0.44111738
0.4,-8.31834177,1.38984954
0.5,-89.41834338,0.9205918
0.6,26.9852541,0.41991315
0.7,33.61847072,1.33278744
0.8,46.07239873,1.39586389
0.9,28.18917884,1.14407521
1.0,-44.50200932,1.34818546
1.09391667,47.37913403,0.31125762
