segment,pitch,stretch
0.0,81.71607603,0.24645368
0.1,-15.78086785,1.53225808
0.2,23.7073003,0.72747831
0.3,-55.22954441,1.13985004
0.4,-82.40927831,1.08390501
0.5,18.45613874,1.68458766
0.6,-8.80089887,0.21615576
0.7,19.65234969,0.20974011
0.8,69.92960645,0.419805
0.9,-8.61589223,0.51685969
1.0,73.7587051,1.09673706
1.09391667,23.54589263,1.85023779
