segment,pitch,stretch
0.0,30.31601864,1.90953585
0.1,-75.95641423,1.97785982
0.2,54.94521645,0.82379025
0.3,26.24562162,0.15379293
0.4,54.40237068,1.01827888
0.5,40.82679184,1.47839937
0.6,77.31299723,1.20847868
0.7,1.15315344,0.14564675
0.8,73.19645095,0.87070751
0.9,6.20643858,0.13653501
1.0,28.66234598,0.34449422
1.09391667,7.34981137,1.34190112
