segment,pitch,stretch
0.0,24.65162801,0.19950325
0.1,-30.39880554,1.43111439
0.2,-41.38450202,0.7414266
0.3,31.11276598,1.07627737
0.4,-57.65294567,1.92323622
0.5,-51.69576528,1.17854767
0.6,24.90932223,0.17974996
0.7,-33.10450871,0.92482308
0.8,-69.97293112,0.31413891
0.9,88.74386832,1.87630938
1.0,-68.30431972,1.39265686
1.09391667,-30.20733398,0.32158433
