segment,pitch,stretch
0.0,-81.37820874,0.766267
0.1,78.5335862,0.99963617
0.2,2.49490295,0.86356333
0.3,-86.79579175,1.2935249
0.4,67.70163639,1.06200742
0.5,15.95354821,0.35652914
0.6,39.96363373,0.94623028
0.7,26.12658962,1.75391992
0.8,-97.91039736,0.51382587
0.9,-31.02807756,0.42089134
1.0,-20.21947661,0.35251111
1.09391667,-62.16065677,0.28724109
