segment,pitch,stretch
0.0,44.55560521,0.83141016
0.1,-38.12575075,0.73728779
0.2,-85.08741113,0.76468972
0.3,-34.51149373,1.40220205
0.4,91.4200198,1.40801955
0.5,-88.24762839,0.24508348
0.6,-12.15976794,0.73331541
0.7,8.11504905,1.14258486
0.8,48.7516223,0.28719695
0.9,-61.89417078,1.82425172
1.0,70.08039029,1.66848997
1.09391667,73.1109171,1.25647122
