segment,pitch,stretch
0.0,61.1700044,0.77397562
0.1,82.06984085,1.14937293
0.2,-92.27579322,1.03435185
0.3,89.90024406,0.69514863
0.4,36.91510644,0.29090795
0.5,-58.72846655,0.08046627
0.6,85.21548547,0.39343329
0.7,32.72450866,0.50557621
0.8,50.92998004,1.28859728
0.9,-26.56973856,0.44286158
1.0,-43.37360145,1.43016745
1.09391667,-17.2071356,1.42163313
