segment,pitch,stretch
0.0,0.31363537,1.18724551
0.1,36.71486201,1.11707061
0.2,-43.77123754,0.00275246
0.3,-25.02514695,1.15512468
0.4,-57.33579205,1.12677457
0.5,-86.86546268,1.05779514
0.6,34.68309006,1.76361287
0.7,-54.571254,1.49422438
0.8,15.2602828,0.77084465
0.9,37.40968803,0.77617306
1.0,-75.44923375,0.87602882
1.09391667,22.36121129,1.56580011
