segment,pitch,stretch
0.0,79.51809952,1.2792911
0.1,55.92109115,0.93344042
0.2,36.01060515,1.94968889
0.3,4.60281664,1.12428424
0.4,35.69966579,0.7610034
0.5,-79.87721836,0.66186596
0.6,-3.98252218,0.57211865
0.7,-78.10052274,0.40544896
0.8,69.1474283,0.68156422
0.9,58.09261901,0.87028019
1.0,94.50826365,1.91563213
1.09391667,71.90418642,1.01931827
