segment,pitch,stretch
0.0,-36.50619676,0.84712365
0.1,14.7541205,1.2125626
0.2,-52.38540711,1.26925878
0.3,-44.85491202,0.42277432
0.4,-95.75173067,1.76146367
0.5,80.62781484,1.97802023
0.6,73.74351295,1.00927999
0.7,-36.03140148,0.74378616
0.8,-29.08842157,1.61654752
0.9,81.37771219,0.74494496
1.0,2.32979024,0.15244903
1.09391667,-15.5068463,0.47232317
