segment,pitch,stretch
0.0,40.29848329,1.14824707
0.1,66.12105636,1.60387601
0.2,-12.57692477,1.084542
0.3,-81.4028628,1.81856642
0.4,83.16146046,1.62922567
0.5,59.80662428,0.86427283
0.6,40.28369402,0.1736944
0.7,70.16502192,0.66918612
0.8,33.24952129,1.29313609
0.9,-77.78198323,0.37962966
1.0,6.29614131,0.80178577
1.09391667,60.18727711,0.93492505
