segment,pitch,stretch
0.0,20.11963367,1.15782854
0.1,-30.87144334,1.37599817
0.2,39.10248869,1.4514196
0.3,-19.08604714,1.32135016
0.4,90.41461318,1.69132556
0.5,-82.87118979,0.65296677
0.6,-12.30252898,1.40058812
0.7,9.37098005,0.87815256
0.8,-86.3809894,0.15444706
0.9,2.03064205,1.46097728
1.0,99.30710259,0.37640447
1.09391667,58.65294367,1.18518174
