segment,pitch,stretch
0.0,-23.1463857,0.37379236
0.1,24.6800968,1.67699004
0.2,0.0161964332,1.79701075
0.3,-17.6606804,0.97598087
0.4,0.366433398,0.364202
0.5,92.1731967,1.74943947
0.6,37.7445609,0.51022449
0.7,36.1997785,1.89888437
0.8,68.1982864,1.17858578
0.9,89.0317309,0.87832213
1.0,-18.2298461,1.72214889
1.09391667,4.18738238,0.60066774
