segment,pitch,stretch
0.0,-40.69746503,1.91325818
0.1,-2.63283103,0.20995582
0.2,5.50551206,1.37536133
0.3,17.73685221,1.26994408
0.4,-9.16902595,1.33651222
0.5,-34.7445518,1.4592859
0.6,-48.45099415,0.38968971
0.7,77.2460415,0.19810868
0.8,-58.60489112,0.97081537
0.9,-48.13629471,0.35861069
1.0,56.51883775,1.51205719
1.09391667,-41.21742626,0.71101002
