segment,pitch,stretch
0.0,25.0451381,1.47539451
0.1,-0.42762512,0.00273089
0.2,6.28793154,1.08361758
0.3,-3.67285953,1.41054103
0.4,72.86099671,0.74915888
0.5,4.14559404,1.69392232
0.6,25.40906202,1.26493683
0.7,-4.12042736,0.1138778
0.8,34.39220846,1.15663669
0.9,-47.96329468,1.48677288
1.0,84.41515092,0.39384904
1.09391667,76.12511321,0.02417049
