segment,pitch,stretch
0.0,7.00891716,0.72720076
0.1,74.96034683,1.51197727
0.2,-68.0333814,0.14777377
0.3,58.29848436,0.12739287
0.4,-84.31982667,0.76569704
0.5,35.8298309,0.136889
0.6,-38.90477455,1.7747503
0.7,82.66036962,1.07544151
0.8,-14.24432163,1.02550143
0.9,25.44052546,1.01640219
1.0,-83.90842928,0.78720721
1.09391667,-32.29890156,1.33640167
