segment,pitch,stretch
0.0,66.81838689,0.11169914
0.1,94.65046979,0.93671825
0.2,91.71604822,0.60356353
0.3,78.43794704,1.60109406
0.4,-73.47833102,0.84291267
0.5,11.66623314,1.01630723
0.6,-66.11404528,1.23732351
0.7,28.35642813,1.37061964
0.8,73.65825503,1.54014816
0.9,-30.5228579,0.53177064
1.0,-38.8042384,1.47567338
1.09391667,90.67589939,0.7352694
