segment,pitch,stretch
0.0,37.99619851,0.51044294
0.1,92.08310578,1.10850201
0.2,-93.31608335,1.81697716
0.3,-28.1732534,0.4401458
0.4,91.25662543,1.00027347
0.5,-3.3980371,0.61680146
0.6,95.45543469,0.45035358
0.7,61.34311925,0.66686517
0.8,9.18146154,0.25031529
0.9,-39.71464373,1.2364051
1.0,67.37466109,0.23430361
1.09391667,-37.66383284,1.07797595
