segment,pitch,stretch
0.0,-6.75592408,1.57446733
0.1,-33.28558439,0.29285803
0.2,-96.71642688,0.09494473
0.3,70.45646645,0.09114875
0.4,20.01443052,0.12099564
0.5,-69.62604827,0.06996617
0.6,-82.6103386,0.89001983
0.7,-53.90394432,1.80047075
0.8,75.60526061,1.92282567
0.9,-65.71007404,0.07000512
1.0,-82.95728524,0.51793223
1.09391667,40.19708488,1.33854892
