segment,pitch,stretch
0.0,-34.02990991,1.8609144
0.1,-88.27975281,1.48233205
0.2,-1.56807316,0.71166641
0.3,-28.98585365,0.21699581
0.4,83.28491736,1.65978529
0.5,-16.11421398,0.84551922
0.6,-92.22378926,0.60808254
0.7,50.09737337,1.24136652
0.8,11.89135809,0.61250032
0.9,86.57873929,0.42246236
1.0,15.84417261,0.8731046
1.09391667,22.95884771,1.62586913
