segment,pitch,stretch
0.0,20.07417146,1.35721439
0.1,-12.82737333,1.71306389
0.2,46.60771192,0.15096255
0.3,92.39920005,1.17077369
0.4,96.99690807,0.74035243
0.5,12.60829295,1.34523093
0.6,-23.92845314,0.96774723
0.7,-47.3765233,1.67491069
0.8,55.97987906,1.90247302
0.9,22.28704579,1.31919575
1.0,67.15676761,1.48251796
1.09391667,46.69344931,0.85176568
