segment,pitch,stretch
0.0,63.63841723,1.21965741
0.1,-16.46655099,1.77063888
0.2,59.94652085,1.19972221
0.3,87.91202499,1.09192955
0.4,-9.72604882,0.69529064
0.5,72.16172308,1.09710692
0.6,-64.88013083,1.91297745
0.7,26.66035036,1.12487674
0.8,-43.66675722,0.95542007
0.9,4.29997564,1.3922733
1.0,-68.31489554,1.61053031
1.09391667,-65.69487781,0.28856802
