segment,pitch,stretch
0.0,-26.06400201,1.03170605
0.1,28.0769801,0.8133226
0.2,0.22454624,0.23304389
0.3,56.47311496,0.50394373
0.4,-7.56064775,1.43876449
0.5,-63.44787447,0.35899171
0.6,-52.68338839,1.5505321
0.7,37.43443466,0.2049404
0.8,-32.93332061,0.392349
0.9,74.83402321,1.84542686
1.0,-11.65316277,0.75053433
1.09391667,-63.92247639,1.42014848
