segment,pitch,stretch
0.0,50.62849976,1.65376855
0.1,46.39641285,0.25516595
0.2,-17.70636983,1.77379995
0.3,-70.54012265,1.01588482
0.4,-41.61831808,0.40942594
0.5,6.76921547,0.77453827
0.6,-23.06076299,0.48985142
0.7,12.0616888,0.23736517
0.8,-0.46236059,1.96173919
0.9,1.32265195,1.17779465
1.0,-42.41851316,1.11577027
1.09391667,16.23009632,0.26104585
