segment,pitch,stretch
0.0,68.06713434,1.26196428
0.1,51.53363243,1.49608983
0.2,96.79789275,1.01925431
0.3,-32.97805092,1.27259864
0.4,38.32175517,0.99325409
0.5,-48.79684279,1.83296218
0.6,6.57101052,1.99419824
0.7,30.34426539,1.31395906
0.8,57.10485473,1.83167901
0.9,-93.21826179,1.93422624
1.0,58.97430912,1.62256756
1.09391667,32.65345188,0.90589094
