segment,pitch,stretch
0.0,-73.74150429,1.15978121
0.1,-10.25262424,1.76239803
0.2,-91.38996228,1.35267709
0.3,-58.16150792,0.50742704
0.4,56.13851827,1.43887546
0.5,-53.87138426,0.30204401
0.6,-26.51328271,0.04616459
0.7,38.10109315,0.31028806
0.8,-52.27058488,1.01215639
0.9,61.81362114,1.14370061
1.0,-48.3420263,1.51703025
1.09391667,5.55581958,0.02011385
