segment,pitch,stretch
0.0,-0.40611107,1.26493678
0.1,-51.44580043,0.30645506
0.2,99.94982399,0.22891404
0.3,-89.26755039,0.36431767
0.4,-5.79922916,1.58087712
0.5,32.87645526,1.0219227
0.6,45.01226994,0.87256138
0.7,-12.9046985,0.08723999
0.8,-4.01812723,0.25614853
0.9,-88.04470656,0.82634086
1.0,-55.25497398,1.44930742
1.09391667,-57.74686665,1.25560424
