segment,pitch,stretch
0.0,-29.94010546,0.64779988
0.1,-41.32005189,0.86768487
0.2,60.5114301,1.84873786
0.3,-11.57251233,1.12374148
0.4,-32.48909096,1.48328397
0.5,70.68045254,0.61802845
0.6,-93.57410751,0.25217431
0.7,-35.20217483,0.64703385
0.8,-56.48380795,0.24929174
0.9,29.31296217,0.36133188
1.0,-66.64221323,0.49659231
1.09391667,61.92592934,0.74443623
