segment,pitch,stretch
0.0,-38.62058952,0.59116431
0.1,-18.01789453,0.00203405
0.2,-19.29810377,1.35615651
0.3,49.99042802,0.81421447
0.4,-38.68486719,0.65993526
0.5,47.61187018,1.77351482
0.6,-2.33725159,0.42798731
0.7,-44.85879225,1.42146574
0.8,-68.19671619,0.06445784
0.9,-17.76633123,0.43648336
1.0,14.76745117,0.26323344
1.09391667,22.84836671,0.30524069
