segment,pitch,stretch
0.0,-6.27155647,1.61849335
0.1,48.93550058,0.35596491
0.2,13.84285521,0.30396033
0.3,97.15977737,1.90931563
0.4,79.76715629,0.00976952
0.5,-41.84976134,1.7369795
0.6,11.37121721,1.54006257
0.7,1.57706146,0.39135251
0.8,14.4430887,1.45560385
0.9,22.32733409,1.43660254
1.0,4.8370979,1.96857338
1.09391667,33.89493251,1.91654431
