segment,pitch,stretch
0.0,-84.65948026,1.62658343
0.1,84.7606233,0.18718182
0.2,84.84791272,1.32224913
0.3,-54.63561635,1.26573793
0.4,-93.28689033,0.84125882
0.5,15.62357322,0.24401609
0.6,70.84522179,0.63082719
0.7,18.01432969,0.80351313
0.8,-96.46193504,0.91980261
0.9,-76.01913404,0.79845133
1.0,21.66220953,1.38280114
1.09391667,58.72019725,0.4179158
