segment,pitch,stretch
0.0,-70.38029014,0.48501983
0.1,-41.38064903,0.42639108
0.2,-76.08214461,0.24911927
0.3,-34.54351618,1.98842758
0.4,-96.70272001,0.68639175
0.5,8.09889664,1.0927512
0.6,-60.6705204,1.75749365
0.7,-98.59663747,0.99189126
0.8,12.62015403,0.650614
0.9,12.77342586,0.59921044
1.0,27.03767254,1.9050284
1.09391667,13.09180394,1.75175141
