segment,pitch,stretch
0.0,-58.23176372,1.22843541
0.1,-76.45173976,1.63015901
0.2,25.49902523,1.20813881
0.3,5.27103545,0.47612476
0.4,-41.64983344,0.26545174
0.5,-51.29888172,1.8557412
0.6,65.36966432,0.81547092
0.7,-56.17839976,1.63185656
0.8,-12.23547481,0.09263004
0.9,-89.1418522,1.76127396
1.0,8.96872742,0.57224671
1.09391667,-18.30503433,1.26155121
