segment,pitch,stretch
0.0,-55.81256687,1.62867923
0.1,86.32458749,1.84562159
0.2,13.49455739,0.93167879
0.3,-68.69500359,1.73816361
0.4,-97.00280027,0.08320837
0.5,-69.821637,1.0435143
0.6,1.11664619,1.6211018
0.7,14.10763844,1.15083177
0.8,-34.97611605,0.10335889
0.9,64.83030817,1.46234983
1.0,-92.12802344,1.54267918
1.09391667,70.2696905,1.13836595
