segment,pitch,stretch
0.0,-53.85801374,1.92122954
0.1,-93.19772639,0.02572463
0.2,36.0949282,1.37895456
0.3,-47.55219442,1.64642832
0.4,17.01171479,0.12526848
0.5,29.09646454,1.76409188
0.6,48.56925167,0.03435044
0.7,44.28631241,1.81061652
0.8,29.63703739,0.88793726
0.9,-81.11114494,1.44811096
1.0,36.27214607,1.53494249
1.09391667,10.20011282,1.88236128
