segment,pitch,stretch
0.0,-57.24532264,1.07162112
0.1,-0.6561153,1.88043926
0.2,20.41316559,0.90199971
0.3,41.70802905,0.26893632
0.4,-77.9443686,1.26571685
0.5,63.06825284,1.37105199
0.6,-26.82945761,1.3296767
0.7,-92.61277401,1.89258001
0.8,-55.75237854,1.15705119
0.9,-53.36958595,0.11001008
1.0,65.67162204,0.72053282
1.09391667,97.68319671,1.63006682
