segment,pitch,stretch
0.0,-30.5267656,1.39175326
0.1,86.9253709,0.20187761
0.2,98.1444663,0.94285365
0.3,3.73344739,0.80472341
0.4,93.7963197,1.04208815
0.5,3.55240778,1.26812124
0.6,68.0566249,0.21560502
0.7,-0.0862323076,1.00669433
0.8,-20.3909635,0.33435282
0.9,14.0711591,1.80648064
1.0,-8.12414996,0.53666305
1.09391667,57.1088195,0.81763806
