segment,pitch,stretch
0.0,34.55093166,1.34796705
0.1,-1.41260387,0.08491471
0.2,91.9059208,1.67265438
0.3,67.91256725,0.89650698
0.4,-65.38565065,0.64014049
0.5,-78.2257863,1.50034896
0.6,-21.37966567,0.90896714
0.7,29.85741907,1.5349886
0.8,-64.93181205,0.91983464
0.9,27.95057541,1.17583732
1.0,5.43341778,1.89111311
1.09391667,-89.64672073,1.19651243
