segment,pitch,stretch
0.0,-28.38275439,0.21519039
0.1,98.42008379,0.51040987
0.2,41.31206558,0.4102792
0.3,-83.83183678,1.46073806
0.4,98.21463791,0.64884847
0.5,-2.48578352,0.03709947
0.6,-4.17640124,1.54490713
0.7,96.23712421,1.91280324
0.8,58.96351824,1.06675457
0.9,45.91477825,1.30412923
1.0,-11.19499605,1.45368514
1.09391667,-21.37390064,0.12058037
