segment,pitch,stretch
0.0,78.75492265,1.14018337
0.1,-83.58930578,0.42247423
0.2,-79.71821409,1.15399078
0.3,-40.02519871,1.63118088
0.4,28.39164799,0.60995737
0.5,-22.91010751,1.14933658
0.6,66.99878234,1.58053618
0.7,-67.03907611,1.44408005
0.8,-31.68288064,0.22921488
0.9,-92.36791787,1.99244959
1.0,-47.34450832,1.8016164
1.09391667,-92.12755103,1.49248838
