segment,pitch,stretch
0.0,-74.39405292,0.33785156
0.1,48.51980233,1.22752684
0.2,30.32531814,1.43694832
0.3,85.76843882,1.56264474
0.4,0.84929795,0.39298857
0.5,-13.37525602,1.28085639
0.6,54.45247284,1.06153563
0.7,-16.62398762,1.70174888
0.8,13.79350344,1.57881104
0.9,-99.90183813,0.93688007
1.0,-21.07031743,0.34388752
1.09391667,-92.73500895,0.8834258
