segment,pitch,stretch
0.0,-56.43859205,0.48566255
0.1,-40.42370878,1.80120887
0.2,57.12298771,0.23081218
0.3,-17.62232487,1.34466319
0.4,68.18956177,1.72981242
0.5,87.82671531,1.56597803
0.6,47.80958912,0.72011463
0.7,90.11134252,1.40332871
0.8,-73.11836968,0.88730082
0.9,76.91440669,1.45593299
1.0,0.84638196,1.11832638
1.09391667,40.94191156,1.24825364
