segment,pitch,stretch
0.0,60.02897282,0.81118736
0.1,-31.71016541,1.4887669
0.2,65.3097336,0.65578563
0.3,39.90488009,0.99843063
0.4,65.66520818,0.54862628
0.5,-73.56912207,0.9620802
0.6,0.74999233,1.96570853
0.7,64.12769535,1.86660776
0.8,-79.18665898,0.48590566
0.9,-84.62050136,1.1315153
1.0,99.19624858,1.62744853
1.09391667,71.58670695,1.94836872
