segment,pitch,stretch
0.0,-8.27619319,0.000148642599
0.1,-49.3883822,1.22232627
0.2,97.54217101,1.1174933
0.3,-49.81406735,1.80111229
0.4,46.43683506,0.552807392
0.5,89.32784762,1.53319988
0.6,-55.73277594,1.7616442
0.7,49.38462906,0.0772486607
0.8,85.41123264,1.0025863
0.9,-58.86557708,0.329932429
1.0,99.11766896,1.88826288
1.09391667,28.82385918,1.88223689
