segment,pitch,stretch
0.0,-22.0180916,0.52298953
0.1,96.16831441,0.58043298
0.2,-45.33444961,0.43861373
0.3,-30.76295123,0.29063093
0.4,27.42080434,1.23880448
0.5,96.50313713,0.08705859
0.6,-0.94763764,1.32086894
0.7,67.04457313,1.2914561
0.8,2.6862445,0.44865702
0.9,47.07555832,1.89388378
1.0,-32.41079138,1.69735018
1.09391667,11.15794631,1.75721469
