segment,pitch,stretch
0.0,-70.59184809,1.01325522
0.1,20.01491038,0.99685804
0.2,95.98809517,1.2085184
0.3,21.94648666,0.87362666
0.4,71.03226698,0.83196355
0.5,-27.3636698,1.3261039
0.6,41.54107295,0.73205001
0.7,55.82041059,1.07805115
0.8,-12.2991889,0.81193203
0.9,-43.37866007,0.58657928
1.0,-72.71846832,1.75756764
1.09391667,17.46673253,0.10018242
