segment,pitch,stretch
0.0,-60.17022597,0.06507059
0.1,2.97803036,0.31588679
0.2,-20.37779246,1.0629249
0.3,82.14777176,1.23312584
0.4,-5.56087833,1.08782287
0.5,-35.42121974,1.76874616
0.6,6.34490383,1.63852156
0.7,37.90454217,0.46920885
0.8,-12.88660641,0.63401231
0.9,27.25418082,0.6661749
1.0,-65.60721299,0.97214272
1.09391667,-45.14164788,1.26320592
