segment,pitch,stretch
0.0,-11.34943225,0.24415631
0.1,65.85322301,1.37961224
0.2,-85.4605192,1.63298201
0.3,13.55265206,0.01798396
0.4,0.50969379,0.66397169
0.5,69.19486286,0.2241268
0.6,-98.42209139,1.8505399
0.7,-96.61496438,1.29472214
0.8,-65.00160108,0.83065813
0.9,48.73056023,1.34944931
1.0,10.84569579,1.40216081
1.09391667,97.87119684,1.98377201
