segment,pitch,stretch
0.0,32.76906958,0.08562483
0.1,-4.50463472,0.71215991
0.2,-3.50879641,0.27192591
0.3,-66.50182595,1.84647675
0.4,-41.87578379,0.94018547
0.5,15.06829484,0.35538969
0.6,-0.09178899,0.67852857
0.7,-46.92797448,1.60890004
0.8,77.06532678,0.18175686
0.9,26.9349071,1.60704056
1.0,1.26347583,0.84129373
1.09391667,-52.5712343,0.27010089
