segment,pitch,stretch
0.0,38.52625464,1.16533306
0.1,17.92930882,0.44885559
0.2,-38.01807157,0.25634763
0.3,85.72989632,0.76435582
0.4,64.07938426,0.66279224
0.5,35.13086045,0.74817845
0.6,-51.81368524,1.61498224
0.7,67.25389113,0.87077327
0.8,-86.27446695,1.49803977
0.9,-27.14939681,1.76361979
1.0,96.8565589,0.06686871
1.09391667,51.55403573,1.63588343
