segment,pitch,stretch
0.0,31.07114651,1.62014662
0.1,-28.29036268,0.23536516
0.2,-99.32977332,1.20919843
0.3,24.56403326,1.87022771
0.4,13.96924155,1.25340901
0.5,-7.10648456,1.24145487
0.6,16.2139947,0.16688969
0.7,-63.09488954,1.9877967
0.8,32.97149002,1.05528454
0.9,73.86440675,1.04254929
1.0,18.08685772,0.40355025
1.09391667,63.56526174,1.52495745
