segment,pitch,stretch
0.0,25.88544012,0.61690243
0.1,63.63390934,0.90177056
0.2,-38.93036314,0.07664126
0.3,-12.64573365,0.99300436
0.4,52.79705028,1.13924036
0.5,61.08523752,0.99509991
0.6,-57.84944614,0.07377403
0.7,-52.33335847,0.81215825
0.8,-67.65126846,0.21197166
0.9,-85.68414248,0.62739584
1.0,-93.50354449,1.8723754
1.09391667,82.40982397,0.03126294
