segment,pitch,stretch
0.0,-68.49547406,1.15101027
0.1,-2.33531362,1.76891933
0.2,59.75126116,1.50263503
0.3,91.41529036,0.3014492
0.4,-12.51622254,1.52458018
0.5,5.44058313,1.68949091
0.6,-53.42325035,1.14777942
0.7,9.17325138,1.71935076
0.8,53.92705363,1.57982041
0.9,-51.59047854,0.73704806
1.0,-72.60614794,0.5335164
1.09391667,82.93009071,0.99688365
