segment,pitch,stretch
0.0,-77.41334575,1.30726178
0.1,-61.98635838,0.09021545
0.2,63.85195092,1.50183321
0.3,29.6904451,0.65065228
0.4,-43.5045078,1.45081069
0.5,62.57170592,1.7661601
0.6,28.41559033,0.98052074
0.7,57.20206106,1.50508218
0.8,21.76754783,1.92892589
0.9,-93.37290208,0.5132303
1.0,-66.78585721,1.33865757
1.09391667,79.62121497,0.23870746
