segment,pitch,stretch
0.0,32.13948388,0.64921597
0.1,38.60075831,1.48742897
0.2,-79.61982729,0.28495491
0.3,-60.72840424,0.9139307
0.4,-37.10812529,1.2771469
0.5,20.23366157,0.5381413
0.6,-58.420194,0.14669297
0.7,10.40447232,0.11342134
0.8,-52.83849426,1.53208977
0.9,32.83340069,0.84107623
1.0,9.31901299,1.05202157
1.09391667,-17.41907809,1.86418674
