segment,pitch,stretch
0.0,64.77326428,1.10052187
0.1,83.01050603,1.05470968
0.2,-18.1066925,0.88696068
0.3,-62.75831505,1.38728313
0.4,9.04734604,0.6245758
0.5,-25.58838755,0.89042851
0.6,-72.0222926,1.00619957
0.7,-19.61477429,0.8429427
0.8,1.83164611,0.85928866
0.9,-34.17634966,1.55488052
1.0,30.56107889,1.59418996
1.09391667,-39.05107126,1.69142345
