segment,pitch,stretch
0.0,-5.86860432,0.02682789
0.1,38.42724969,1.50907573
0.2,83.51680292,1.17187714
0.3,-25.06032499,1.88473576
0.4,-17.48975264,0.3035603
0.5,95.06102198,1.35082964
0.6,0.80140457,0.63281948
0.7,-41.69263262,0.91375779
0.8,18.46045351,0.80486046
0.9,-7.88727361,0.18383046
1.0,-34.36872213,1.25307449
1.09391667,40.0906943,0.22905501
