segment,pitch,stretch
0.0,28.12480694,0.12118838
0.1,17.57040955,1.52191588
0.2,57.56255577,1.14331833
0.3,-3.0966162,0.60390633
0.4,6.39522781,0.27160458
0.5,16.02438064,0.17957329
0.6,-1.20192687,0.27771517
0.7,-8.08463242,0.60605354
0.8,-12.30429445,1.71812783
0.9,-0.5409395,0.55654772
1.0,25.97570406,1.53064605
1.09391667,75.76475536,1.32831885
