segment,pitch,stretch
0.0,-9.94709743,0.51311979
0.1,-83.40421168,1.13344135
0.2,-22.83191441,0.32488715
0.3,-83.42374119,1.83619002
0.4,-39.99792882,1.43136972
0.5,86.85199712,0.69456756
0.6,-4.78975396,1.06607271
0.7,-15.74997845,1.30605627
0.8,29.79511399,0.03221072
0.9,-25.05254908,1.44985225
1.0,-99.62886639,0.95503788
1.09391667,18.73159207,0.95128528
