segment,pitch,stretch
0.0,-25.97539799,0.34449626
0.1,-25.11108095,0.18549089
0.2,-67.4070828,1.10257375
0.3,14.34055957,0.39893493
0.4,10.27536217,1.8821087
0.5,2.68899624,1.33802983
0.6,5.43637058,1.93381979
0.7,84.96836729,1.3963609
0.8,0.15377924,0.58447079
0.9,-34.21093103,0.41716989
1.0,-94.05275706,1.25827867
1.09391667,-75.26058007,0.83944497
