segment,pitch,stretch
0.0,-90.13612519,0.91151007
0.1,-50.72556256,1.30362027
0.2,-79.00829797,0.25855126
0.3,-14.44339945,1.8078566
0.4,25.9456349,1.15063196
0.5,-28.76259068,1.03640346
0.6,-20.65873648,1.10712464
0.7,19.30633091,1.58948272
0.8,6.01129625,1.36569453
0.9,-10.90113074,0.84663536
1.0,-2.19154449,1.67108309
1.09391667,-66.85311594,1.79051546
