segment,pitch,stretch
0.0,84.7445928,1.85159723
0.1,-17.05936153,0.49913073
0.2,48.77629579,1.2524697
0.3,-37.18095977,1.90044367
0.4,49.63064657,0.54300229
0.5,-62.82111716,1.34279252
0.6,35.10101602,1.14641918
0.7,-40.08264695,0.66805918
0.8,35.78231672,1.02673009
0.9,-49.57858266,1.60161004
1.0,-49.37995814,1.69848543
1.09391667,20.96821744,0.40967928
