segment,pitch,stretch
0.0,82.43182744,0.48127721
0.1,53.03166004,0.55506125
0.2,97.51798843,1.10002465
0.3,29.41957171,0.46187328
0.4,-25.73379092,1.80124094
0.5,-41.53228359,1.29733702
0.6,-18.26850451,0.88634114
0.7,36.25947798,0.74571926
0.8,3.82481386,0.12319745
0.9,51.45810025,1.56017106
1.0,0.92473006,1.11470687
1.09391667,18.75162815,1.36917422
