segment,pitch,stretch
0.0,10.61627961,1.15184391
0.1,-8.0929012,1.50748819
0.2,4.29598946,0.49576218
0.3,-22.12858968,1.003898
0.4,-56.21885188,1.76624867
0.5,21.93376584,1.27574792
0.6,-68.32489038,0.1993111
0.7,-66.29674784,0.49400206
0.8,-74.72581258,0.32135859
0.9,14.86779264,1.63136948
1.0,61.56126855,1.32900666
1.09391667,-58.45933513,1.2934419
