segment,pitch,stretch
0.0,-87.78087501,0.23355411
0.1,-5.3712764,0.25625776
0.2,-32.01336506,0.23781871
0.3,-17.67932292,1.00270159
0.4,-24.3028662,1.45467938
0.5,-24.1832065,0.02272775
0.6,72.09597394,1.47665781
0.7,99.56545873,1.13119878
0.8,-38.26985921,1.70416673
0.9,46.8718891,1.96783156
1.0,23.13402485,0.77103282
1.09391667,-57.51825613,1.57872491
