segment,pitch,stretch
0.0,-6.10063938,0.03940385
0.1,-56.51028651,0.67979763
0.2,-40.09571675,0.90921071
0.3,61.97563687,0.53210088
0.4,-85.53288451,0.284195
0.5,6.67279942,0.75512393
0.6,48.92783255,0.67826493
0.7,-71.33031091,0.91947698
0.8,8.29148897,0.21678931
0.9,42.69425852,1.1378317
1.0,-32.82046223,1.58275183
1.09391667,-55.40353935,1.87399103
