segment,pitch,stretch
0.0,-32.70542045,0.92316539
0.1,62.91454888,0.37547917
0.2,-9.17678833,1.92598223
0.3,16.28624283,0.89010875
0.4,-33.51792534,0.38662098
0.5,88.01648813,1.17672662
0.6,62.37064714,0.21957896
0.7,-52.3683359,1.78953747
0.8,56.37360277,1.89812903
0.9,-54.86484941,1.43873799
1.0,91.23924333,1.51351367
1.09391667,-26.61223969,1.73327561
