segment,pitch,stretch
0.0,-57.56576196,0.04722973
0.1,-19.70677764,1.09555253
0.2,83.71549809,0.8122888
0.3,0.72860566,0.82350502
0.4,23.57010212,0.7141467
0.5,-90.6432868,0.19918411
0.6,3.97952781,0.04680372
0.7,47.87385022,0.22857445
0.8,-10.29099789,1.06043027
0.9,-55.37554035,1.28411096
1.0,-74.87108339,1.38807885
1.09391667,32.13407254,0.54998416
