segment,pitch,stretch
0.0,39.05735914,1.69654302
0.1,-30.77266737,0.48886043
0.2,-0.16224694,0.59241683
0.3,98.26599176,1.90770156
0.4,21.09962978,0.86143521
0.5,26.89873822,1.51049254
0.6,32.8700083,1.66869176
0.7,-50.37483781,0.44723996
0.8,-69.66232076,1.5722879
0.9,-62.2392655,1.69268341
1.0,-93.99204506,0.08078728
1.09391667,46.98946298,0.81015785
