segment,pitch,stretch
0.0,-38.33361484,0.25479749
0.1,-12.76602364,1.23857364
0.2,0.32729235,0.44881648
0.3,-29.2958396,1.47628631
0.4,-44.05321795,1.29960212
0.5,77.26891482,0.86625142
0.6,-80.80990528,1.18678323
0.7,-78.02585179,0.40341658
0.8,14.37560873,0.69236485
0.9,-41.68954869,0.99173078
1.0,-51.42719285,0.71091923
1.09391667,29.02505558,1.73837671
