segment,pitch,stretch
0.0,-21.98271396,1.11106838
0.1,1.0207487,1.44455779
0.2,23.02274493,1.42587556
0.3,85.32608832,1.47521249
0.4,-33.34189035,1.68905856
0.5,29.21421043,1.40181913
0.6,56.26543798,1.46869984
0.7,7.71467122,0.70433786
0.8,88.21567756,1.11015014
0.9,-50.54904275,0.72100932
1.0,-64.3056321,1.02681764
1.09391667,-64.41259803,0.869897
