segment,pitch,stretch
0.0,55.99370729,1.82256068
0.1,-13.74585555,1.69505517
0.2,-0.42640895,1.33791079
0.3,-47.34493384,0.12415078
0.4,1.27244399,1.40350832
0.5,-51.74565009,1.6134035
0.6,-77.25155481,1.12966524
0.7,69.19112944,0.02740784
0.8,-97.84143732,1.26777643
0.9,5.06490506,1.52431862
1.0,67.30450542,1.3588447
1.09391667,44.03847764,1.80453633
