segment,pitch,stretch
0.0,90.30305792,1.1938068
0.1,56.18894947,1.20808781
0.2,-58.19739478,0.13849828
0.3,79.028897,0.94138732
0.4,7.81343209,0.4665442
0.5,28.60271905,1.77893908
0.6,14.99037293,0.39545287
0.7,-0.25615484,1.77472074
0.8,86.53655438,1.9424725
0.9,-90.65230495,1.79603275
1.0,95.15657265,1.28685544
1.09391667,-56.87677847,0.36998726
