segment,pitch,stretch
0.0,79.90322555,1.59871196
0.1,-35.21263137,0.28479508
0.2,-45.3814443,1.09874794
0.3,27.76250809,0.00174433
0.4,88.9030614,0.67512833
0.5,-61.85553308,0.00194264
0.6,-81.1964681,0.8304753
0.7,5.34087676,1.28348369
0.8,54.78811936,0.55017108
0.9,-31.27071111,1.59638521
1.0,-53.95963771,1.63592826
1.09391667,80.48331988,1.14767612
