segment,pitch,stretch
0.0,-6.35392527,1.17195822
0.1,5.78092652,1.67817047
0.2,55.74149698,0.96512057
0.3,64.66054606,0.73760998
0.4,-20.37343055,0.24043414
0.5,97.55604333,0.0297902
0.6,-7.40313463,0.83835869
0.7,-9.7199121,0.36547932
0.8,-43.88557754,1.0786992
0.9,89.28129007,1.76340712
1.0,21.49927336,0.94339598
1.09391667,85.53999973,1.1220246
