segment,pitch,stretch
0.0,90.76839252,1.23453875
0.1,6.046272,1.03311149
0.2,-87.83071151,1.26397394
0.3,36.6509823,1.9126635
0.4,-32.18158433,1.72280276
0.5,-19.24802142,0.25348074
0.6,48.91730907,1.44743683
0.7,69.64943754,1.155997
0.8,-5.12989182,0.33674768
0.9,-9.26659316,0.68600318
1.0,-16.89337836,1.11619923
1.09391667,-23.27882447,0.1262035
