segment,pitch,stretch
0.0,43.22685975,1.16062379
0.1,-54.22036803,1.05074454
0.2,47.19502214,0.58565022
0.3,29.48399108,0.69010583
0.4,-37.13401682,1.10560462
0.5,-82.77781933,0.90912981
0.6,26.5489707,1.72329615
0.7,-82.12818914,1.29141175
0.8,0.43149331,0.15835131
0.9,36.27396929,0.77804924
1.0,-33.62939759,0.05373679
1.09391667,-60.08189446,0.92241163
