segment,pitch,stretch
0.0,-99.12855739,1.20636597
0.1,-89.51576504,0.87803278
0.2,-90.40464902,1.07282405
0.3,-70.32755561,1.36131617
0.4,78.03699917,0.62923097
0.5,8.07565508,1.02359746
0.6,38.18456427,0.86752629
0.7,-75.53493724,1.35404338
0.8,54.10683872,1.4732865
0.9,-40.64897969,0.47250575
1.0,-1.29434589,1.31829488
1.09391667,55.83604692,0.97831941
