segment,pitch,stretch
0.0,-39.7925546,0.13458958
0.1,-49.30113257,1.48324952
0.2,5.97243806,0.77423602
0.3,16.41276851,0.11110742
0.4,72.72751695,0.50050507
0.5,30.43059144,1.62800327
0.6,-50.61460993,0.52150538
0.7,27.35581245,1.33185555
0.8,-42.43293374,1.57744059
0.9,65.78948432,0.93033448
1.0,10.78660964,1.1520653
1.09391667,-21.51817703,1.84815249
