segment,pitch,stretch
0.0,50.47761392,1.72511711
0.1,-33.38487677,0.67409863
0.2,-6.35895817,0.85225266
0.3,58.81206484,1.03084546
0.4,2.00815972,0.30841411
0.5,-28.96305016,0.11116274
0.6,-44.65800209,0.82038961
0.7,-3.89112712,1.79901884
0.8,-49.09619099,1.01461121
0.9,-79.81092904,1.16161114
1.0,72.91556136,1.34038877
1.09391667,-8.48383865,1.19926856
