segment,pitch,stretch
0.0,-86.04728356,0.47614904
0.1,-65.88451303,0.55089812
0.2,-80.48711576,1.1167033
0.3,-14.20773903,1.47203435
0.4,8.14780759,1.34464479
0.5,-64.09571567,1.15432427
0.6,54.51757577,1.10816548
0.7,44.38602798,0.53599429
0.8,-1.2376907,1.13980754
0.9,77.13121924,0.89300384
1.0,-14.590686,0.5502855
1.09391667,68.41813951,1.59909439
