segment,pitch,stretch
0.0,-4.00375318,0.74823916
0.1,-37.57387138,0.9109632
0.2,-31.12595353,0.84755902
0.3,2.06341331,1.09662022
0.4,56.11576492,0.26254995
0.5,30.13214978,1.29967994
0.6,14.78197265,1.50452532
0.7,-18.38930177,1.51808924
0.8,-10.54396075,0.34439234
0.9,39.09773013,0.86790386
1.0,46.13111143,0.86784134
1.09391667,-64.44597459,0.57511998
