segment,pitch,stretch
0.0,-64.72276527,1.69014175
0.1,-64.60107944,0.93306192
0.2,43.10237597,1.51219836
0.3,3.97944271,1.83280239
0.4,53.93002911,0.32272679
0.5,-98.69413197,0.14451959
0.6,76.42202474,0.4727661
0.7,-50.14036669,0.90462805
0.8,61.5779926,1.98401372
0.9,-56.16895328,0.59081959
1.0,5.62439148,1.38184498
1.09391667,-39.06443994,0.44356806
