segment,pitch,stretch
0.0,73.54239792,1.39962355
0.1,-24.02007983,0.40719393
0.2,49.15082977,0.56009301
0.3,59.25187184,0.88526938
0.4,-38.45178026,0.20167751
0.5,4.75457438,0.49978963
0.6,46.25569394,1.58181975
0.7,-60.4256139,0.73201225
0.8,67.09047121,0.26938408
0.9,88.85676661,1.15195977
1.0,69.83029982,1.10937983
1.09391667,35.36852194,1.70850229
