segment,pitch,stretch
0.0,-81.79066312,1.40445152
0.1,82.04093637,1.3245448
0.2,-52.28001609,1.15771434
0.3,67.28232458,1.36671169
0.4,-93.82911819,1.65032622
0.5,-25.69923398,0.37873681
0.6,-22.63880376,0.51917639
0.7,28.9128231,1.1632187
0.8,-87.87621278,0.95022034
0.9,-32.99395829,1.57205129
1.0,67.88283241,0.61260001
1.09391667,-65.62849391,1.24421279
