segment,pitch,stretch
0.0,77.66249847,1.66443393
0.1,-66.26077856,1.37654428
0.2,-51.4922282,1.40712663
0.3,14.18659261,0.14412451
0.4,-48.84743407,0.91551293
0.5,19.47798934,0.32690142
0.6,30.92446632,1.55465622
0.7,-20.72955743,0.81533764
0.8,-84.03788896,1.36872512
0.9,1.19993411,0.61257248
1.0,-10.67189742,1.2492197
1.09391667,76.51495677,1.13872638
