segment,pitch,stretch
0.0,41.8259341,0.17533452
0.1,17.38671322,1.08757539
0.2,86.12532741,1.96334993
0.3,-33.72650973,1.47062591
0.4,-40.64508362,1.06368379
0.5,29.34700904,1.07766545
0.6,-10.62645481,1.32143854
0.7,-39.23364733,0.74682372
0.8,1.23936202,0.56607345
0.9,54.61023708,0.97558446
1.0,68.93146106,0.53847025
1.09391667,98.0100566,0.14439152
