segment,pitch,stretch
0.0,68.06436233,1.70360444
0.1,24.19088811,1.35006329
0.2,-65.11888028,0.62623632
0.3,32.33155843,0.74087673
0.4,-73.69082424,1.65268471
0.5,2.10243169,0.89116286
0.6,28.92667908,1.98709983
0.7,34.75610328,1.82073469
0.8,31.4188322,0.29012773
0.9,-96.94690026,0.16914855
1.0,53.11864997,1.64341156
1.09391667,-92.72540724,1.35295698
