segment,pitch,stretch
0.0,-9.55497422,1.40906913
0.1,49.93536879,1.01406047
0.2,-79.25579082,0.11711084
0.3,-36.23152563,0.60671403
0.4,-13.54411706,0.84673882
0.5,94.79003248,0.4711221
0.6,82.07262677,0.05184022
0.7,34.20482138,0.25033894
0.8,-57.39554956,0.57212798
0.9,74.8891327,0.83139931
1.0,25.67722271,0.9159615
1.09391667,39.70859054,1.32229157
