segment,pitch,stretch
0.0,7.35119233,1.43512774
0.1,7.30105906,1.7056904
0.2,-55.03587691,1.60882656
0.3,63.9361431,1.57397844
0.4,44.6049307,0.93377042
0.5,68.42668929,1.9481779
0.6,54.53895784,1.40688071
0.7,87.63954028,0.69376281
0.8,-0.41432999,1.28838791
0.9,24.60615905,0.52758228
1.0,-97.67130798,0.96519431
1.09391667,61.44027276,1.05566464
