segment,pitch,stretch
0.0,-27.52136512,0.59079915
0.1,0.61437998,0.59811004
0.2,-46.52235109,1.4163773
0.3,56.30661769,0.56713827
0.4,-49.73275242,0.30837561
0.5,-64.77410303,1.11419611
0.6,39.3074822,1.56193748
0.7,4.26725729,1.05262718
0.8,-30.51931044,1.54107674
0.9,-97.5081801,0.13935509
1.0,-12.98833839,1.48308864
1.09391667,84.00538191,0.68332207
