segment,pitch,stretch
0.0,13.87584617,1.27519345
0.1,17.53714881,0.4999323
0.2,70.72069662,1.20187255
0.3,14.49652428,0.99598265
0.4,-65.08259112,1.86186318
0.5,26.6308795,0.44944471
0.6,-80.57084842,0.60839379
0.7,-48.22210442,1.68983896
0.8,-90.5256354,1.90866012
0.9,39.07951266,0.50710565
1.0,-12.6282176,1.80732727
1.09391667,-11.67818775,0.54311362
