segment,pitch,stretch
0.0,-93.03805102,1.12342723
0.1,51.2655571,1.9149468
0.2,37.58283666,1.73876516
0.3,-55.53133441,1.01047504
0.4,98.21602679,0.87048418
0.5,-85.24256095,1.77281536
0.6,-76.0460332,1.29741372
0.7,26.51950349,0.41684213
0.8,-37.24987979,1.13690271
0.9,-60.42287441,1.00770315
1.0,31.01216571,0.51077747
1.09391667,74.35472995,0.89311028
