segment,pitch,stretch
0.0,54.27416022,0.37224575
0.1,37.10784124,1.19176423
0.2,-11.42343802,1.11602641
0.3,83.07683271,0.86319718
0.4,-41.86230003,1.45181299
0.5,-65.18909296,0.00810665
0.6,73.88921211,1.82551729
0.7,-78.27421644,0.97441054
0.8,-55.91875918,1.38456518
0.9,38.52779866,1.39025004
1.0,-63.00995407,0.73323837
1.09391667,-47.01105768,1.12337895
