segment,pitch,stretch
0.0,-34.16359775,0.79366522
0.1,95.89868764,0.73795008
0.2,-7.67474925,0.39139015
0.3,-21.77911834,0.47707552
0.4,31.17946122,0.09637783
0.5,0.48616436,1.58696559
0.6,56.04156449,1.87427133
0.7,79.12331334,0.57578157
0.8,58.34446187,1.11639403
0.9,51.02751352,1.98577552
1.0,59.10490512,0.22580189
1.09391667,60.06487251,1.66820152
