segment,pitch,stretch
0.0,34.67628328,1.75816844
0.1,-19.53122367,1.94712822
0.2,31.036007,0.76716396
0.3,-94.39309916,1.39701873
0.4,2.96716774,1.30823473
0.5,44.13973284,0.38912271
0.6,41.34226894,0.09265328
0.7,89.79294986,1.13224893
0.8,5.87570889,0.32682785
0.9,-94.07260309,0.08299448
1.0,56.55218839,0.76365709
1.09391667,-18.95393722,1.25330528
