segment,pitch,stretch
0.0,5.56697991,1.20296493
0.1,-24.51973587,1.05892315
0.2,14.74252879,0.52339911
0.3,62.90835999,1.255633
0.4,-30.148836,1.66876465
0.5,-90.0367138,0.2337908
0.6,23.29272454,0.4494252
0.7,51.00007107,1.6594433
0.8,-5.61877019,1.49925628
0.9,4.00444287,1.73015634
1.0,81.75034051,1.46308192
1.09391667,-78.99678836,1.6603821
