segment,pitch,stretch
0.0,30.10636139,0.62946654
0.1,3.0816021,1.50453007
0.2,66.18138618,0.98046708
0.3,48.30744502,0.69034505
0.4,76.92572471,0.92028911
0.5,-25.53426936,0.29314993
0.6,50.68511548,0.30848008
0.7,-55.42199264,0.91569305
0.8,-37.57822881,1.44666992
0.9,93.39435099,1.1812526
1.0,84.87822391,0.81790169
1.09391667,-75.5815668,1.06314532
