segment,pitch,stretch
0.0,-1.1896089,1.11058757
0.1,-96.26402249,0.1672209
0.2,35.13230964,1.95155766
0.3,16.47291022,0.04651437
0.4,-88.97016612,1.74859016
0.5,-18.26917978,1.4122656
0.6,-86.44611587,0.52281086
0.7,-23.18394533,1.29572944
0.8,-34.88810698,1.11115335
0.9,58.2484142,1.29146841
1.0,13.64122516,1.37847477
1.09391667,-13.61979163,0.12249008
