segment,pitch,stretch
0.0,34.87513384,0.04879029
0.1,-56.49709653,0.42206675
0.2,-69.32456338,1.77329015
0.3,53.20706346,0.48934341
0.4,66.8977185,1.53841919
0.5,47.95425842,1.90609151
0.6,18.45634507,1.04648426
0.7,-35.00488862,0.7592551
0.8,41.56892466,1.06956744
0.9,-9.61579481,0.57636466
1.0,-77.26438838,0.72315176
1.09391667,-34.81016687,0.99781533
