segment,pitch,stretch
0.0,68.17789045,1.17767563
0.1,-15.68019175,1.73120974
0.2,-58.3734313,0.68280186
0.3,17.37254381,0.04169824
0.4,-42.12881826,1.33393477
0.5,-81.23473424,0.50746231
0.6,58.88344317,1.51646587
0.7,35.29280148,1.66141374
0.8,90.96995236,0.44412198
0.9,60.0788655,1.20735386
1.0,-44.66291858,0.95955144
1.09391667,-39.15723424,1.16419205
