segment,pitch,stretch
0.0,-9.98510741,0.74460472
0.1,90.79697624,1.15408397
0.2,-13.66139315,1.79328536
0.3,-58.03832427,1.05093724
0.4,-14.2879771,0.44247057
0.5,-9.92334291,0.88826362
0.6,48.00852586,1.51515328
0.7,-7.96828411,1.78598668
0.8,3.91211897,0.80456615
0.9,9.32007469,0.44108586
1.0,-65.1483507,1.43639609
1.09391667,-31.85609608,1.915162
