segment,pitch,stretch
0.0,-76.31366774,1.15675845
0.1,-70.32577527,0.79511083
0.2,5.13466316,0.40451227
0.3,37.00830294,0.79487484
0.4,-11.73068973,0.44483697
0.5,91.45109603,0.84603206
0.6,11.9601718,0.8090615
0.7,-66.7573243,1.09438885
0.8,78.73702917,1.14041124
0.9,61.80688515,0.39248564
1.0,-73.85845523,1.77720472
1.09391667,-24.76259921,1.29259789
