segment,pitch,stretch
0.0,64.42168111,1.18257449
0.1,-75.32695158,0.45696721
0.2,-55.78357421,1.62263234
0.3,26.12850677,0.83346952
0.4,29.10012221,0.76465534
0.5,7.95357938,1.66892635
0.6,-42.71112843,1.28815297
0.7,-60.64092572,1.91632775
0.8,-45.42100425,1.00822189
0.9,59.9641991,0.39736855
1.0,50.66532668,0.09371369
1.09391667,-51.29146387,1.05932382
