segment,pitch,stretch
0.0,-34.14852999,1.21753296
0.1,-60.02804827,1.49982591
0.2,6.0299745,1.91679373
0.3,65.21163803,0.32322976
0.4,70.66724966,1.88516358
0.5,45.99109365,1.4437576
0.6,-19.50247914,1.34394651
0.7,-1.40871488,0.70865896
0.8,76.93262372,0.16374417
0.9,-6.89150381,0.04755869
1.0,-55.94090841,0.82149119
1.09391667,80.41347419,0.6378001
