segment,pitch,stretch
0.0,-79.9488622,1.91362605
0.1,0.24132163,0.6330552
0.2,-56.62295111,0.97728614
0.3,-72.03937353,0.96298019
0.4,-44.72303747,1.81673931
0.5,-96.08672425,0.35989287
0.6,63.06881346,1.43341205
0.7,7.33604436,1.78848637
0.8,76.47736911,1.05646412
0.9,-52.54898443,0.998868
1.0,33.73192618,1.38011588
1.09391667,31.05572927,1.5899218
