segment,pitch,stretch
0.0,-92.78340469,1.00518837
0.1,42.51344298,1.30114299
0.2,-42.63495555,1.27031636
0.3,52.58085474,1.12025144
0.4,-78.11848263,0.79798268
0.5,-34.20952238,0.6293022
0.6,-86.64412457,1.95773952
0.7,26.30632387,0.97092523
0.8,-34.45754989,1.38286632
0.9,-45.78416277,1.31952832
1.0,-16.65162857,1.84309931
1.09391667,7.21919156,1.34013439
