segment,pitch,stretch
0.0,11.20692079,0.86492625
0.1,55.75431015,0.88416452
0.2,-86.64282083,0.82005931
0.3,3.92544498,1.68274586
0.4,74.84193622,0.6310151
0.5,98.87033291,1.10285094
0.6,-27.05853929,1.62243403
0.7,28.57762927,0.88003843
0.8,43.21204816,0.80969405
0.9,-15.31404034,1.74854736
1.0,27.27632772,0.34135996
1.09391667,22.16706661,0.77981114
