segment,pitch,stretch
0.0,-78.57843069,1.03549732
0.1,18.46693427,1.37171195
0.2,97.99884289,0.49308363
0.3,62.25752433,1.45239523
0.4,52.39970151,1.75992902
0.5,-14.50018957,1.61112401
0.6,-27.56562213,0.55174203
0.7,45.71631019,1.83852108
0.8,-34.89121843,1.53242335
0.9,23.54778787,0.19128353
1.0,-69.46242817,0.08422805
1.09391667,95.32757353,0.55022533
