segment,pitch,stretch
0.0,10.71027544,0.31194576
0.1,-48.99679887,0.75562572
0.2,0.10936675,1.15361909
0.3,-9.5972352,1.70848665
0.4,41.63700809,1.17263968
0.5,-54.98653808,1.91472761
0.6,-79.93461055,0.74389201
0.7,-18.97053935,0.87039019
0.8,-79.95487678,0.69566776
0.9,48.57972969,0.96721203
1.0,81.75147214,1.53411622
1.09391667,-81.8755088,1.74360808
