segment,pitch,stretch
0.0,17.55747423,0.76835561
0.1,23.93305712,0.92260391
0.2,64.00076059,1.35078007
0.3,-94.30848537,0.66724341
0.4,6.99210774,0.90703794
0.5,85.90585052,0.64408178
0.6,87.05779363,0.93697695
0.7,-33.56142867,1.7663892
0.8,3.23139144,0.87547527
0.9,-81.40386669,1.67132801
1.0,-73.94182177,1.67691306
1.09391667,93.27821127,1.90511297
