segment,pitch,stretch
0.0,94.72265592,1.19967406
0.1,1.10845293,1.25035485
0.2,-1.90413972,1.85398204
0.3,-45.9655603,0.56259094
0.4,-6.89013944,1.07948955
0.5,3.45085104,0.7328114
0.6,-68.66949423,0.49197221
0.7,-22.56077648,1.14850602
0.8,-32.1394332,1.46654584
0.9,56.48595448,0.34163334
1.0,-33.08950479,0.52219351
1.09391667,55.58931482,1.18693331
