segment,pitch,stretch
0.0,-59.83926294,0.47046778
0.1,-55.07345908,0.3359419
0.2,23.01792414,0.47092449
0.3,79.95942336,0.24313159
0.4,-17.18079026,1.33138527
0.5,-63.61008443,0.70267187
0.6,89.30642255,1.06517667
0.7,-30.45736296,1.53858916
0.8,-34.22678019,0.26895536
0.9,-97.1214348,1.04309053
1.0,-70.92857542,1.24996871
1.09391667,48.94211635,1.20293368
