segment,pitch,stretch
0.0,37.80658654,0.89840931
0.1,90.1003789,1.2414915
0.2,-17.90602095,1.52855063
0.3,-31.44385996,0.60902156
0.4,44.9323419,1.0676513
0.5,-31.11774155,0.47732506
0.6,97.37077349,0.01117227
0.7,83.67731812,1.95948527
0.8,-92.96209535,1.72730216
0.9,-86.38679985,0.10005855
1.0,-15.69243899,1.31074677
1.09391667,-68.67808483,0.47077758
