segment,pitch,stretch
0.0,38.06728106,1.56553487
0.1,-1.4916867,1.31424407
0.2,43.23022726,1.86938367
0.3,70.52777392,0.10876999
0.4,-59.79939787,1.05429822
0.5,5.41678611,0.01998106
0.6,44.76349545,0.98555546
0.7,-14.25166989,1.99583415
0.8,-20.12101429,0.39293902
0.9,-43.3681134,0.55662411
1.0,-43.09833267,0.66082483
1.09391667,-43.67138872,0.74070611
