segment,pitch,stretch
0.0,-62.2179541,1.81174186
0.1,-68.5873809,1.83025058
0.2,-23.63984274,0.80354138
0.3,-33.31819394,1.41218614
0.4,73.10663902,0.69584773
0.5,-43.5142123,0.95321477
0.6,31.90774571,1.60478776
0.7,86.22472646,0.79586742
0.8,-71.54568586,1.11798483
0.9,72.93187179,1.7522781
1.0,29.12885345,0.47731109
1.09391667,-28.38876841,0.90269173
