segment,pitch,stretch
0.0,48.02478729,1.95808972
0.1,-63.01746301,0.59596382
0.2,99.88373943,1.52240022
0.3,-35.62748252,1.96915834
0.4,22.54548674,0.95314863
0.5,64.17300345,0.51463989
0.6,-98.43334374,0.71558666
0.7,-29.30341943,1.3085379
0.8,-86.78861614,0.72652205
0.9,-30.45625268,0.70559874
1.0,-71.34202466,1.16093561
1.09391667,-99.87345526,1.23446985
