segment,pitch,stretch
0.0,70.18292814,0.28551441
0.1,-80.96999494,0.4027703
0.2,-35.97807487,0.92085021
0.3,-50.77912628,0.28132548
0.4,45.67027718,1.60569992
0.5,93.75980346,1.16285663
0.6,-60.5710335,1.00744398
0.7,-35.42669747,0.58521518
0.8,84.37918603,0.90086295
0.9,-3.38291766,0.69217241
1.0,-36.07509244,1.456266
1.09391667,-43.05429972,0.26376925
