segment,pitch,stretch
0.0,-50.9933631,1.16123569
0.1,31.36220977,0.07564958
0.2,13.5680641,0.67264934
0.3,-18.75410864,0.76417436
0.4,-57.83772282,0.9716426
0.5,90.76203665,1.19685833
0.6,-98.97367079,0.6509574
0.7,53.61923561,1.78514313
0.8,-3.57099992,1.44408837
0.9,94.7090793,0.5179509
1.0,93.07088687,1.46519298
1.09391667,-71.18485827,0.55032839
