segment,pitch,stretch
0.0,-47.00443728,0.76495966
0.1,-34.82629788,0.39579578
0.2,24.7004615,0.94110956
0.3,58.84625328,1.03122295
0.4,35.91387632,0.44153341
0.5,-49.42977929,0.19802805
0.6,63.62799551,0.5127439
0.7,-20.10119494,1.41060294
0.8,-32.9417882,0.36769689
0.9,-76.94114545,0.44844399
1.0,55.52160425,0.43574826
1.09391667,-26.0703889,0.40615906
