segment,pitch,stretch
0.0,-6.91929945,1.49696204
0.1,-25.44932046,1.38956204
0.2,-43.70872046,0.8964952
0.3,-18.3101874,0.52852326
0.4,86.16338552,0.8625919
0.5,49.26346324,1.51743083
0.6,79.40576686,0.79009251
0.7,85.96397413,0.18987002
0.8,-82.16790218,1.11136212
0.9,53.88469083,1.69337287
1.0,30.1327539,0.62990301
1.09391667,-24.86364002,1.33770256
