segment,pitch,stretch
0.0,-98.49976842,0.43179997
0.1,97.00885889,1.41337894
0.2,54.87082892,1.17184634
0.3,-24.25113459,0.60534302
0.4,-19.41361559,1.24831976
0.5,38.63477703,1.39113252
0.6,-31.74740997,1.28562889
0.7,75.16156156,1.10433052
0.8,41.06057046,1.08053659
0.9,-30.65402234,1.52582563
1.0,-13.5987644,0.95244876
1.09391667,-10.25655958,1.39681887
