segment,pitch,stretch
0.0,44.40736288,0.6854481
0.1,-42.04416601,0.68064333
0.2,-20.29293086,0.81685259
0.3,92.4837764,1.64535042
0.4,-9.06614004,1.05789966
0.5,-13.57134894,0.50783684
0.6,-35.94091013,0.44879888
0.7,-16.77232099,1.56814335
0.8,-37.97296566,1.89886882
0.9,-82.27097072,0.04070617
1.0,58.44690016,0.64400746
1.09391667,80.21996359,0.77415838
