segment,pitch,stretch
0.0,96.43315713,1.4273089
0.1,95.93138412,1.40169358
0.2,65.83383482,1.37134036
0.3,84.09537744,0.09577365
0.4,-66.2474925,1.82897854
0.5,93.4095627,0.08231512
0.6,-1.11643,0.16260787
0.7,-9.86041812,1.3997004
0.8,-26.38054207,0.11489059
0.9,9.25483922,1.90722294
1.0,-76.37569973,1.30374267
1.09391667,-10.54226117,1.55839178
