segment,pitch,stretch
0.0,-86.93944466,0.1588986
0.1,-97.95669785,0.38183266
0.2,35.19908461,0.20642212
0.3,66.00378301,1.21146119
0.4,10.9229126,0.35502735
0.5,72.37678619,1.56586524
0.6,-57.08192974,1.83214489
0.7,-77.39915084,0.43697271
0.8,38.55710496,0.35169773
0.9,-27.16276528,1.49983702
1.0,46.25769813,0.51254386
1.09391667,-14.18587881,0.12379544
