segment,pitch,stretch
0.0,54.43926361,0.54407087
0.1,5.04553463,1.18746228
0.2,-29.92324173,0.24457514
0.3,9.31980191,1.5215713
0.4,57.19426259,0.23876892
0.5,-3.3094666,1.20093953
0.6,-34.99988775,0.71152841
0.7,-5.52128289,0.54974152
0.8,-2.72953426,1.54853357
0.9,44.40653175,1.01082543
1.0,-66.39952008,1.62323057
1.09391667,-68.48294466,0.91500447
