segment,pitch,stretch
0.0,-39.02011782,0.39436065
0.1,-63.30829774,0.19347001
0.2,-49.45230925,1.31632093
0.3,-7.37432437,0.74578151
0.4,13.5618111,1.17984814
0.5,-42.04372358,1.65194144
0.6,-23.05427732,1.69640587
0.7,-46.66498758,1.48589436
0.8,-43.23379064,0.66391529
0.9,45.29964787,0.69924952
1.0,-13.97031602,0.90104484
1.09391667,-69.96512508,0.7026329
