segment,pitch,stretch
0.0,-5.69961552,1.552338
0.1,-17.69328861,0.71654176
0.2,-45.6905252,1.07785173
0.3,-40.89378138,1.31161341
0.4,-36.19831956,0.28947894
0.5,13.76556606,0.6738955
0.6,51.91139139,1.18134596
0.7,22.36023261,0.36193456
0.8,-6.30606285,1.01055915
0.9,44.07295662,1.51598154
1.0,49.08865221,1.55420583
1.09391667,-15.23758706,0.88497418
