segment,pitch,stretch
0.0,-83.24919271,0.45698213
0.1,-61.40218693,1.0383787
0.2,75.6831096,1.83439409
0.3,-83.55103169,1.46493433
0.4,-76.60569971,0.92668276
0.5,93.43834668,1.27852145
0.6,46.86841289,1.04356397
0.7,11.38653049,1.03370788
0.8,5.98716874,0.43255879
0.9,6.47503028,0.84647211
1.0,53.75316558,1.92237121
1.09391667,-17.57703362,0.19853323
