segment,pitch,stretch
0.0,19.74255444,0.3319767
0.1,25.16855735,0.61048523
0.2,-45.10982673,0.21275179
0.3,-94.4237425,0.29825912
0.4,33.61318105,0.68673966
0.5,-32.11968845,0.56528685
0.6,-73.96198045,1.1523669
0.7,-70.65108678,1.56179354
0.8,-16.68054018,0.7478511
0.9,17.74464594,1.06303665
1.0,-17.13563894,1.69470448
1.09391667,85.44426077,1.53904315
