segment,pitch,stretch
0.0,-23.80747302,1.70362326
0.1,-67.70846726,1.95632733
0.2,27.78292916,1.63625516
0.3,-22.37709268,0.69364986
0.4,15.61755946,0.15498305
0.5,-59.82139972,1.72553948
0.6,-43.59424473,1.78198359
0.7,74.12043651,1.30006103
0.8,77.01624641,0.79426106
0.9,-47.03527172,0.29849321
1.0,2.38207477,1.71648204
1.09391667,-48.42317698,0.84883975
