segment,pitch,stretch
0.0,-54.51930087,0.8777304
0.1,-81.0495762,1.15782472
0.2,4.70470679,1.67617188
0.3,56.77475896,0.46785173
0.4,-45.19313698,1.34598798
0.5,-12.85220206,1.21107636
0.6,-3.64494866,0.33957231
0.7,-54.59560116,1.78675234
0.8,62.80587621,0.41874976
0.9,41.76195467,0.58154764
1.0,59.57414533,1.87307122
1.09391667,-81.82049826,0.91565949
