segment,pitch,stretch
0.0,-93.03864928,0.43845399
0.1,-77.75716604,1.6903579
0.2,0.69139929,1.16063432
0.3,26.0953238,1.86115796
0.4,98.53440651,1.84489406
0.5,92.94553081,1.48551441
0.6,-7.63804917,0.45444214
0.7,9.10874073,0.66005011
0.8,-89.79433239,1.73425962
0.9,-25.22506103,0.5346903
1.0,90.91634132,1.12098349
1.09391667,96.1258414,0.52486182
