segment,pitch,stretch
0.0,-5.34184308,0.18534223
0.1,29.86705528,1.00948066
0.2,-53.62087934,0.93104213
0.3,-59.16709203,1.19025309
0.4,69.60141357,1.48608178
0.5,-44.07046907,0.89447273
0.6,55.781826,0.18822797
0.7,-40.21183655,0.79732375
0.8,9.01550121,0.51650354
0.9,-15.28098321,0.06272522
1.0,-64.77079799,1.63736384
1.09391667,80.68199225,1.95600343
