segment,pitch,stretch
0.0,32.46103548,1.94101049
0.1,-84.4488561,1.51363242
0.2,-42.33494044,0.19481462
0.3,26.92548459,1.5781166
0.4,89.55231206,0.89814833
0.5,44.65598435,1.1373774
0.6,-71.41154839,0.86888784
0.7,-16.0355166,0.73017184
0.8,-87.56719183,1.43125884
0.9,-36.64318661,0.63988164
1.0,2.98595367,0.12358053
1.09391667,-73.96797181,1.01352385
