segment,pitch,stretch
0.0,-7.69614497,1.36395538
0.1,-50.79583923,0.55370317
0.2,-21.62085435,0.68433779
0.3,23.33346841,1.42277988
0.4,84.82731916,1.16991809
0.5,74.54936251,0.13065421
0.6,-86.24882643,1.74622352
0.7,18.19590059,0.87122315
0.8,86.70789686,1.52981879
0.9,67.00424782,1.42292715
1.0,91.10231962,0.07145037
1.09391667,23.49318924,0.54757178
