segment,pitch,stretch
0.0,76.37857638,1.79294701
0.1,-4.28991847,0.18306204
0.2,47.01039737,1.8440549
0.3,78.99599817,1.28830428
0.4,-74.44800797,0.92549922
0.5,-0.92525099,1.98803443
0.6,49.24834696,1.73109288
0.7,54.51821925,0.57923617
0.8,21.55646095,1.43675725
0.9,38.61141557,0.35677857
1.0,-51.21992239,0.21609993
1.09391667,-54.62741944,0.92594918
