segment,pitch,stretch
0.0,38.23438928,1.12401337
0.1,-58.10377529,0.61932379
0.2,91.68709635,1.42631679
0.3,43.08352003,1.23008562
0.4,89.28150272,1.74074376
0.5,-32.82905254,0.41912443
0.6,-27.89856156,1.78556309
0.7,-15.6368176,0.72255464
0.8,-47.50450916,1.47985237
0.9,-85.48225369,1.29316662
1.0,26.29289849,1.31994778
1.09391667,-34.49542083,1.97700851
