segment,pitch,stretch
0.0,90.33187361,1.64439586
0.1,-6.84069755,1.97409516
0.2,-57.72482016,1.83394357
0.3,-31.39067157,1.91918891
0.4,81.36101502,1.89552465
0.5,86.28648359,1.60591709
0.6,59.24078698,1.87570248
0.7,83.65694144,0.05909507
0.8,-5.88526163,0.13266254
0.9,-0.83528638,1.2446593
1.0,93.70431835,0.47044402
1.09391667,-9.99550439,1.70719202
