segment,pitch,stretch
0.0,85.56762679,1.30256716
0.1,-46.94203093,1.73510164
0.2,10.19407412,0.89036326
0.3,1.47506103,0.09950504
0.4,18.20902046,0.7123978
0.5,-9.07211541,0.78286675
0.6,68.24492246,1.57257447
0.7,-55.39194289,0.50906814
0.8,17.18108307,0.32905773
0.9,23.42877298,1.19492705
1.0,2.91525796,1.53585055
1.09391667,84.75217651,0.16869385
