segment,pitch,stretch
0.0,33.9885207,1.47964533
0.1,-71.14283381,1.57695323
0.2,-52.52906762,1.13707985
0.3,79.5756924,1.65073603
0.4,-13.30932063,0.47172054
0.5,25.54535415,1.37786003
0.6,8.02344494,1.58889604
0.7,-38.13543806,1.29683876
0.8,22.33599648,1.65514229
0.9,-26.77712134,1.18735968
1.0,-6.09351927,1.37962036
1.09391667,43.23579595,1.3791581
