segment,pitch,stretch
0.0,-3.78920548,0.70082268
0.1,-37.0955142,1.73685238
0.2,9.5461355,1.84078554
0.3,-0.00485474303,1.14784738
0.4,-49.0745054,1.31722545
0.5,-72.3722832,1.67134304
0.6,5.00416948,1.47221808
0.7,-4.87629727,1.69888672
0.8,-34.3659295,1.41102286
0.9,-54.6881611,1.6080508
1.0,-89.9071473,1.84899912
1.09391667,-27.8378106,1.28379088
