segment,pitch,stretch
0.0,56.78701541,1.42004802
0.1,-17.75053988,0.01035796
0.2,33.25886054,1.01435424
0.3,-36.30427417,0.10390295
0.4,87.2538064,0.79219746
0.5,-35.38798336,0.28919857
0.6,-16.86822867,1.14065301
0.7,3.74513195,1.55329947
0.8,-97.03953589,1.8735666
0.9,-34.95000954,1.68004219
1.0,41.79469937,0.7970796
1.09391667,-99.09961294,1.89727803
