segment,pitch,stretch
0.0,2.0569585,0.34651955
0.1,-79.1484241,1.84776357
0.2,30.9033229,1.82203066
0.3,12.05929197,1.56778111
0.4,-72.8204973,1.22252397
0.5,-89.96387514,1.78789861
0.6,-22.94210609,0.02218534
0.7,17.91925192,1.7744569
0.8,-62.01555508,1.27917124
0.9,-43.27412131,1.76665807
1.0,0.91553281,1.1189794
1.09391667,-32.68645572,0.68984214
