segment,pitch,stretch
0.0,-83.67346728,1.27391906
0.1,-68.43297462,0.75913393
0.2,47.84560439,1.02363825
0.3,71.43971258,1.78775676
0.4,-30.40941836,0.0961221
0.5,69.31214212,1.18933693
0.6,-95.04564508,1.9379163
0.7,-61.88405175,1.91389769
0.8,11.43915949,1.08895614
0.9,79.6365109,1.52042952
1.0,58.29305302,0.38016323
1.09391667,44.0288717,1.77799574
