segment,pitch,stretch
0.0,-35.97957433,1.40923676
0.1,-96.77259812,1.19920438
0.2,-92.07264472,1.05241403
0.3,-16.49421881,0.71571216
0.4,-35.51287809,1.54934791
0.5,40.31804664,1.46509975
0.6,-0.60755502,0.37894541
0.7,-79.63380358,1.07940095
0.8,41.85833645,1.81599169
0.9,47.12305504,1.82911987
1.0,28.29283857,1.58342339
1.09391667,39.2346499,1.63101791
