segment,pitch,stretch
0.0,-21.47810291,0.42494113
0.1,-84.13417806,0.85563352
0.2,-18.57483833,1.62435889
0.3,85.46223106,1.84520067
0.4,-47.12255135,0.16630065
0.5,55.13909294,1.66622477
0.6,-92.27868598,1.29440347
0.7,-98.65237277,1.30366
0.8,-73.59665384,0.95942882
0.9,99.75598896,0.41648042
1.0,22.46235737,0.55260475
1.09391667,-23.97281603,0.8655965
