segment,pitch,stretch
0.0,53.49151787,0.226364497
0.1,10.58129761,0.000721176289
0.2,10.53773661,0.875811779
0.3,41.27195991,1.25055456
0.4,-17.37234578,0.546896354
0.5,66.8871695,1.08222942
0.6,69.01436048,0.838599058
0.7,89.40824761,0.626338416
0.8,-98.42632437,1.27601453
0.9,27.58055205,1.32538862
1.0,-11.99004947,1.73191108
1.09391667,15.35572308,0.629016927
