segment,pitch,stretch
0.0,-71.05887053,0.69305634
0.1,-36.04846502,1.95331705
0.2,68.09307416,0.24939242
0.3,-71.61609357,1.30786136
0.4,-14.92970524,0.35721873
0.5,36.04461977,1.66367269
0.6,61.01603353,1.49043319
0.7,22.04787058,1.08702194
0.8,-76.70141108,0.32363826
0.9,72.36411847,0.22271442
1.0,-2.42248121,1.0907403
1.09391667,-45.78406478,0.00462457
