segment,pitch,stretch
0.0,-74.82582528,1.4013029
0.1,-96.79575006,0.13633554
0.2,95.14053513,0.85457449
0.3,-60.85445871,0.52689268
0.4,-53.61462939,1.15689505
0.5,36.4108286,1.15306908
0.6,-81.73904146,0.53780722
0.7,67.08505199,1.6251065
0.8,-51.49043615,0.93791245
0.9,-56.43319174,0.6672811
1.0,-26.03996305,0.48044762
1.09391667,9.12764333,1.83086337
