segment,pitch,stretch
0.0,6.72623194,0.10273963
0.1,-24.07867569,0.80237212
0.2,-75.26306383,1.8012582
0.3,85.43148154,0.87923376
0.4,-22.40483415,1.38500076
0.5,1.97440144,1.100674
0.6,75.70782388,0.97376952
0.7,95.57794207,0.98089121
0.8,65.41207774,0.54459863
0.9,20.80814343,0.87801334
1.0,82.13081789,1.51334628
1.09391667,8.11322976,1.26475282
