segment,pitch,stretch
0.0,-92.93238975,1.42780018
0.1,28.88119071,1.12059603
0.2,26.75659422,0.11228596
0.3,84.25033289,1.44253616
0.4,-63.52476529,0.8833185
0.5,17.24927989,1.19555363
0.6,51.24429763,1.82378504
0.7,-49.66599845,0.34338191
0.8,63.10207102,1.63020131
0.9,10.69932434,0.5370763
1.0,77.88197251,1.08980212
1.09391667,-71.28425317,0.35221603
