segment,pitch,stretch
0.0,-25.96524021,0.14393867
0.1,-11.44118441,1.79797632
0.2,-66.44014101,0.67919643
0.3,30.66990272,0.9819906
0.4,-49.39763787,1.78886462
0.5,71.82875968,1.83801705
0.6,50.32312506,1.16009946
0.7,83.58769319,0.83834581
0.8,-69.87735782,0.15042094
0.9,56.37127437,0.30059528
1.0,68.13119407,1.31059528
1.09391667,53.90803302,1.79436216
