segment,pitch,stretch
0.0,4.82438937,1.72214018
0.1,-25.96164734,0.88661189
0.2,69.41579929,0.13058188
0.3,-53.59443599,0.95728679
0.4,-3.65182133,1.79715226
0.5,-31.28869864,0.9981941
0.6,61.83683128,0.02786947
0.7,21.64373061,0.63001571
0.8,63.25865389,1.19147023
0.9,-40.06070135,0.58040848
1.0,68.22105394,1.03101423
1.09391667,-1.01243895,0.89107538
