segment,pitch,stretch
0.0,14.85901356,0.93801636
0.1,-14.38598058,1.78480039
0.2,-43.69728494,1.59819809
0.3,-19.24854373,0.89560743
0.4,4.73942442,0.68128783
0.5,6.08734895,1.19225119
0.6,2.07981921,1.49267812
0.7,-3.22152689,1.83354621
0.8,-81.97912938,0.65715704
0.9,9.14807536,1.29592629
1.0,-30.52937586,1.03409297
1.09391667,17.14336326,1.45456337
