segment,pitch,stretch
0.0,36.05043058,0.90588284
0.1,33.3197066,1.60760833
0.2,-89.01295916,1.45467369
0.3,98.52221139,0.4019209
0.4,-46.63657868,1.10920818
0.5,-65.65669191,1.04007942
0.6,76.90163594,0.20562094
0.7,36.98286823,0.26673383
0.8,58.54417199,0.17186704
0.9,37.91895182,1.28815156
1.0,-84.2401269,0.03412997
1.09391667,-3.10665722,1.51688145
