segment,pitch,stretch
0.0,-53.20573735,0.95670134
0.1,-90.4921868,0.5519459
0.2,-21.57127114,0.68228705
0.3,-29.49661343,0.40950451
0.4,-77.75712455,1.98655192
0.5,-23.65011592,0.22349442
0.6,-4.31853851,1.34559787
0.7,95.2447513,0.78513236
0.8,-64.13043019,1.81674813
0.9,20.09083708,1.85324621
1.0,47.07706549,1.9199937
1.09391667,-54.30871038,0.6097093
