segment,pitch,stretch
0.0,-43.10917618,0.92818159
0.1,51.71010142,0.32622589
0.2,-51.98898793,0.25183357
0.3,-88.25420689,0.15547956
0.4,-29.81917635,0.54551317
0.5,-40.02564907,0.579881
0.6,-80.61031076,0.72251342
0.7,27.73097561,1.44758164
0.8,86.25406042,1.07961509
0.9,-98.97965016,1.11677138
1.0,-32.16564668,0.90130016
1.09391667,-99.19861207,0.29135461
