segment,pitch,stretch
0.0,-41.0924044,1.71942116
0.1,-7.96280913,1.03534148
0.2,-87.23866402,1.90474628
0.3,-49.33627733,1.25465254
0.4,-9.049641,0.872658
0.5,-44.96771142,0.88442624
0.6,-40.79885207,0.90889779
0.7,40.82825876,0.65121567
0.8,-20.59710474,0.05436153
0.9,39.88878166,1.54961319
1.0,26.7856421,0.36194851
1.09391667,40.93095409,0.79464548
