segment,pitch,stretch
0.0,-82.48035623,0.71590115
0.1,79.46307131,0.88553055
0.2,-34.63501936,0.6127243
0.3,-36.11573217,1.30048752
0.4,28.60715933,0.96267967
0.5,-48.6136036,0.63406811
0.6,-7.2226969,1.30483529
0.7,-29.94263831,0.38784821
0.8,-84.37614436,0.63559187
0.9,6.08502503,0.26922563
1.0,89.45930015,0.19525475
1.09391667,-99.05808014,1.74947328
