segment,pitch,stretch
0.0,56.94082111,1.46471885
0.1,23.76823823,0.27157125
0.2,-72.77208824,0.89995591
0.3,-26.01651227,0.86595775
0.4,97.95217456,0.99665554
0.5,-88.35240054,1.5130978
0.6,8.20957713,0.89371921
0.7,-0.21457891,0.60499738
0.8,-22.50054627,0.6752389
0.9,-26.93782132,0.26345185
1.0,-9.93952746,0.41919446
1.09391667,16.7040789,0.61479122
