segment,pitch,stretch
0.0,44.23615519,0.18420553
0.1,98.76848798,0.33702749
0.2,-87.19170744,1.65487116
0.3,17.94684961,1.85046367
0.4,-12.45304931,1.41062797
0.5,-75.39454761,0.63278533
0.6,-53.40311478,0.41831459
0.7,-59.89405571,0.99199332
0.8,75.23070465,1.19341016
0.9,-2.56343276,1.12149102
1.0,-6.86096821,0.55698581
1.09391667,-15.16975803,1.3020905
