segment,pitch,stretch
0.0,80.76263908,0.91509798
0.1,-81.05122768,1.74478529
0.2,25.61500263,0.26644886
0.3,25.88663843,1.54651286
0.4,-95.94910221,0.7055337
0.5,-72.42601444,0.71467656
0.6,24.16177071,0.57693313
0.7,64.95279218,1.47925574
0.8,52.94859059,0.57583693
0.9,-62.75879423,1.82750547
1.0,30.29085573,0.4690012
1.09391667,95.60067697,1.32087167
