segment,pitch,stretch
0.0,51.59419639,1.60301685
0.1,28.26132642,0.83573739
0.2,-34.94147144,0.93704217
0.3,-31.96211967,0.88555826
0.4,27.55850985,0.5651105
0.5,97.12748538,1.50042712
0.6,-87.99836205,1.37940743
0.7,-54.93495001,1.56054558
0.8,-48.43567063,0.7980345
0.9,-35.77267917,1.82401387
1.0,16.39753123,0.17969474
1.09391667,10.18788165,1.97856764
