segment,pitch,stretch
0.0,-75.67975091,0.6706819
0.1,-0.67488573,0.70747017
0.2,8.83748606,1.043537
0.3,46.84016051,1.06639289
0.4,-13.00761781,1.65543462
0.5,14.23719318,1.13988087
0.6,42.52615101,0.88807521
0.7,65.43388412,1.6314593
0.8,-9.43344372,1.91739549
0.9,-30.43290339,1.30579352
1.0,-71.43466109,1.06179133
1.09391667,22.00910114,0.90887908
