segment,pitch,stretch
0.0,9.45595183,1.13403788
0.1,-66.91447075,1.18278708
0.2,5.01642616,1.11112331
0.3,-82.30049302,0.91283519
0.4,-10.29129966,0.71678122
0.5,99.14240741,1.64554748
0.6,34.85025227,0.99485251
0.7,43.44441895,0.12536515
0.8,-97.39694164,0.12044716
0.9,-31.97632868,0.33780284
1.0,-74.01115338,0.39284816
1.09391667,43.18570617,1.38494175
