segment,pitch,stretch
0.0,45.49166442,1.20258851
0.1,-2.30850056,0.03180812
0.2,43.64947202,1.4076024
0.3,-52.04143122,0.10204445
0.4,-8.91644013,1.90553817
0.5,-27.81632839,0.46641983
0.6,-9.72818952,0.6494667
0.7,95.1925327,0.71171086
0.8,72.04388461,0.45732561
0.9,23.33853222,1.18338442
1.0,59.86308522,1.65940409
1.09391667,13.07645506,1.80591064
