segment,pitch,stretch
0.0,84.73520447,0.80775308
0.1,88.96200227,0.60891261
0.2,72.63675829,1.71596765
0.3,-11.47164633,0.15084523
0.4,-15.99279105,1.25287304
0.5,-43.82437563,1.40086837
0.6,43.03099958,0.418933
0.7,-45.22330674,1.80339492
0.8,76.52363546,0.77008525
0.9,-64.57143565,1.13088524
1.0,-23.20829111,0.17124527
1.09391667,90.56201043,1.41524886
