segment,pitch,stretch
0.0,-98.04630788,1.00959277
0.1,-67.7388386,1.32906917
0.2,42.66102915,0.34524669
0.3,-47.4601568,1.53911224
0.4,19.12628611,0.37006092
0.5,-84.54204909,0.51745569
0.6,-71.85903786,0.24033901
0.7,83.31217322,0.56180337
0.8,-12.56030822,0.37273026
0.9,2.8176003,0.28626573
1.0,36.77486132,1.87627127
1.09391667,32.03385029,1.91315754
