segment,pitch,stretch
0.0,-96.91789055,1.23686614
0.1,-64.86850103,0.67188965
0.2,-43.92628472,0.33271907
0.3,-93.7136214,1.62713329
0.4,-57.14902712,1.49154652
0.5,-12.68506719,1.31520623
0.6,-15.43922669,0.20724492
0.7,24.10386484,0.13137995
0.8,3.35646026,1.15134967
0.9,88.24028536,0.75921019
1.0,-32.39213993,0.67670762
1.09391667,-1.72411588,1.22586656
