segment,pitch,stretch
0.0,-89.70690317,1.70012146
0.1,12.73288581,0.30558637
0.2,-28.85796661,1.20634899
0.3,26.94929279,0.03671801
0.4,88.17509723,1.89470366
0.5,-36.4551596,1.56676756
0.6,24.45140187,0.94993833
0.7,7.63765931,1.07658622
0.8,1.30228681,1.81741966
0.9,72.18985419,0.56710914
1.0,-56.35512761,0.45384515
1.09391667,-27.12026306,1.11287687
