segment,pitch,stretch
0.0,-25.02230777,0.48486425
0.1,49.22110948,0.13954262
0.2,-25.24422823,0.30114108
0.3,-67.45566663,0.1192849
0.4,-45.51948519,1.32093998
0.5,-18.6326315,1.53333364
0.6,39.79801231,1.63066866
0.7,-16.89099315,1.10413319
0.8,73.50338814,1.82884713
0.9,34.20665044,0.24999453
1.0,43.60884608,0.44753764
1.09391667,-63.62307837,1.09142561
