segment,pitch,stretch
0.0,91.12421142,0.39537222
0.1,-19.58540638,0.64754321
0.2,-79.28932671,1.33811004
0.3,84.41656944,0.79999887
0.4,-7.14437585,0.34341238
0.5,-65.427815,0.89137249
0.6,24.29112002,1.67993341
0.7,-96.64014953,1.65600172
0.8,-19.88619379,0.2664894
0.9,6.75538061,1.80740877
1.0,-9.4599271,0.27817675
1.09391667,37.64052975,0.07045036
