segment,pitch,stretch
0.0,44.6488214,0.31150518
0.1,9.68442182,0.4998365
0.2,-45.058789,0.24275602
0.3,9.29989294,1.63678411
0.4,-93.3818257,1.55347247
0.5,-18.6654658,0.93326504
0.6,-36.1937511,1.36007358
0.7,-0.0227796988,0.52423503
0.8,-81.9835579,1.47566928
0.9,66.7026535,1.32008624
1.0,-28.1669756,1.00236166
1.09391667,-31.1571246,1.13724252
