segment,pitch,stretch
0.0,8.34861985,0.818467978
0.1,4.68771873,1.47842566
0.2,53.60731048,1.2919312
0.3,59.31550311,3.6729241e-06
0.4,72.50237706,1.30202935
0.5,35.8849844,0.436504023
0.6,74.11215821,1.72509944
0.7,55.59683057,0.555064149
0.8,-27.47924079,0.322124551
0.9,6.32801867,0.203468589
1.0,17.73622103,0.814562372
1.09391667,57.44538819,1.24257204
