segment,pitch,stretch
0.0,65.27468838,0.72548384
0.1,28.38678538,1.78002716
0.2,-16.29491298,1.52601333
0.3,29.01072094,0.22704286
0.4,-47.32267929,1.00592853
0.5,-47.60418852,0.3740999
0.6,19.91194594,1.89933748
0.7,-28.9289623,0.62297075
0.8,5.6204603,1.26182982
0.9,55.47321842,0.11401837
1.0,12.03381774,0.27832104
1.09391667,-64.39892236,1.09838576
