segment,pitch,stretch
0.0,-27.81937338,1.32778062
0.1,33.35930373,0.48085638
0.2,-11.73917174,1.38663751
0.3,-1.18589974,1.87480355
0.4,27.16828493,0.88998166
0.5,53.71281756,0.85037115
0.6,81.56085765,0.88131869
0.7,89.56289447,1.45107232
0.8,-43.2108802,1.60608237
0.9,-23.23030719,1.10456267
1.0,88.86506339,0.94928651
1.09391667,-96.00200772,0.59566853
