segment,pitch,stretch
0.0,30.16253717,0.985146
0.1,-51.87995618,1.53182158
0.2,24.46456732,1.42910062
0.3,-94.35752884,0.82906666
0.4,64.35841576,1.00783528
0.5,-49.28362763,1.2732344
0.6,14.18269939,1.27248482
0.7,-50.86809752,0.5240718
0.8,53.84502892,0.53991613
0.9,-66.65469805,0.74966761
1.0,-86.96769925,0.29132247
1.09391667,-53.07810136,0.5179051
