segment,pitch,stretch
0.0,40.39415448,1.89273291
0.1,-3.9805302,1.81857991
0.2,-8.81191145,0.58180431
0.3,-8.61923754,0.82209232
0.4,25.51817053,1.26116311
0.5,37.95982404,1.9312982
0.6,-53.30444221,0.90792138
0.7,54.85383866,0.90655742
0.8,-9.4086646,0.85964648
0.9,8.91034325,0.3422022
1.0,-45.44598831,1.16277549
1.09391667,-71.60554132,1.39313179
