segment,pitch,stretch
0.0,-93.66149261,1.64508674
0.1,10.02332444,1.71116478
0.2,11.25111848,0.61520949
0.3,-37.6827397,1.11182829
0.4,25.48122538,1.39361431
0.5,26.75513861,1.84991074
0.6,-43.88017582,0.85920693
0.7,-42.20538159,1.85774447
0.8,82.41630332,1.4570352
0.9,57.33831385,0.98799717
1.0,-42.56353988,0.5544136
1.09391667,68.91357319,0.776674
