segment,pitch,stretch
0.0,-46.53041628,0.24046298
0.1,-50.60278258,1.09360201
0.2,-7.48188076,0.57764993
0.3,-4.61052544,0.55520632
0.4,69.78049639,0.44903327
0.5,-53.58575129,0.63867698
0.6,-46.38219648,0.56842849
0.7,78.75215399,1.28188815
0.8,95.47520091,0.91009427
0.9,26.22396157,0.76285115
1.0,3.12654745,1.19675799
1.09391667,-11.81611391,0.81915378
