segment,pitch,stretch
0.0,27.0849984,1.3280689
0.1,-76.77372335,0.56896387
0.2,-5.6974772,0.56746927
0.3,-27.04640621,0.40067671
0.4,10.67934685,1.88228275
0.5,-13.18628206,0.52168705
0.6,11.34372698,0.80905376
0.7,-64.2430687,1.41810717
0.8,46.35115049,1.8285697
0.9,44.69499683,0.3100636
1.0,-11.73136011,1.74790386
1.09391667,-77.04953993,1.8348397
