segment,pitch,stretch
0.0,34.76400378,1.78994994
0.1,-36.42076645,1.4795907
0.2,-52.38985079,1.80721514
0.3,98.14853718,1.70059719
0.4,97.5674754,0.69719837
0.5,-80.04687885,1.37290399
0.6,-8.81047571,1.53741575
0.7,-78.45129318,1.54350611
0.8,39.54454361,0.49170725
0.9,32.62160332,1.04663897
1.0,-98.98158135,0.63020253
1.09391667,19.08613563,0.96318783
