segment,pitch,stretch
0.0,63.84613738,0.68072363
0.1,-19.50774511,0.78322964
0.2,8.66527759,1.38231374
0.3,11.48698438,0.72244783
0.4,31.94885704,0.35985071
0.5,-38.92668569,0.73914497
0.6,-49.51123853,1.62389413
0.7,61.27640526,1.34969733
0.8,-26.83244911,0.03321173
0.9,49.29328507,0.74119752
1.0,88.72427416,0.40516815
1.09391667,44.23475018,1.39286308
