segment,pitch,stretch
0.0,88.4841053,1.0516167
0.1,44.0356076,0.93870726
0.2,36.7211438,0.35713104
0.3,0.0712842206,0.75335241
0.4,-60.510913,0.4836317
0.5,18.6261702,1.19329581
0.6,28.0848248,0.49505096
0.7,77.0757469,0.01443344
0.8,4.44763904,1.44754501
0.9,-78.5523864,1.7444195
1.0,-47.0846658,1.61305952
1.09391667,98.0288694,0.78368458
