segment,pitch,stretch
0.0,17.54140289,0.28643924
0.1,71.06846472,0.89310243
0.2,-58.0756972,0.19434283
0.3,21.96350357,1.40300385
0.4,8.51736718,0.22031138
0.5,54.10034556,1.10087032
0.6,-45.23490782,0.61239123
0.7,-47.50195247,0.50887139
0.8,90.23201078,1.93720132
0.9,-25.79699052,1.9219801
1.0,-46.49971987,0.58550327
1.09391667,53.98083149,0.44963146
