segment,pitch,stretch
0.0,11.88199512,1.7718025
0.1,-46.96504702,0.76735149
0.2,91.54002169,1.87614546
0.3,99.89394598,1.34343154
0.4,-50.70673656,1.06602126
0.5,3.76891672,0.62776747
0.6,96.91424304,1.16622983
0.7,-8.03082423,0.99062008
0.8,10.21194857,0.73939337
0.9,73.92851664,0.60539997
1.0,29.02383929,1.28070052
1.09391667,-91.13840346,0.2785568
