segment,pitch,stretch
0.0,81.83147696,1.4308336
0.1,-55.44397817,0.90947764
0.2,88.24181947,0.90243859
0.3,-15.15816006,0.46936311
0.4,-50.45638081,1.55927191
0.5,69.96256983,0.75129721
0.6,-17.06813057,1.46735594
0.7,73.47800457,1.92767727
0.8,-64.26564282,0.4665746
0.9,75.43502269,1.80828177
1.0,4.4137361,1.76060205
1.09391667,-27.6807027,1.95049148
