segment,pitch,stretch
0.0,-82.81265179,1.86592143
0.1,18.23831049,0.0388768
0.2,-76.96396075,1.09878478
0.3,86.02032489,0.28431894
0.4,57.7574695,0.60530487
0.5,-18.45048615,0.68867988
0.6,-3.56295596,0.07188907
0.7,30.63851894,1.28694892
0.8,-39.32138092,0.37107191
0.9,87.82943792,0.0101762
1.0,-83.54766347,1.03448412
1.09391667,-65.29737413,1.0808851
