segment,pitch,stretch
0.0,25.59746769,0.31530466
0.1,77.10112132,1.4723663
0.2,-44.89854527,0.76042634
0.3,-92.39491606,1.26765442
0.4,-7.21963548,0.4561299
0.5,-12.57418593,0.66006902
0.6,-91.58210139,0.52858229
0.7,-83.16364251,0.95307861
0.8,-99.35642135,1.25910316
0.9,39.42669245,1.31614459
1.0,2.14731946,0.23757066
1.09391667,-81.26968126,1.34705459
