segment,pitch,stretch
0.0,-10.61246008,0.04412775
0.1,-77.3112588,0.21847975
0.2,12.30562344,1.50294944
0.3,-36.70742639,1.12595953
0.4,41.04793924,1.62688255
0.5,-35.19832077,1.25280317
0.6,-67.76212828,1.61760302
0.7,-31.76962834,1.08014254
0.8,52.35478753,0.46218832
0.9,-75.48042215,1.57844793
1.0,62.21198268,0.42631449
1.09391667,-19.37131538,1.42176412
