segment,pitch,stretch
0.0,-33.2471352,0.63198815
0.1,-56.9991421,0.43394686
0.2,-53.141025,1.61809769
0.3,-97.470792,0.75167401
0.4,25.2422215,0.72143441
0.5,-39.0524292,1.49847169
0.6,-99.0462998,0.81761607
0.7,48.0059539,1.11392086
0.8,73.4220257,1.25690952
0.9,-41.814313,1.7324837
1.0,0.040670218,0.64426718
1.09391667,34.2858519,1.0286628
