segment,pitch,stretch
0.0,49.53215273,0.78528704
0.1,9.27522888,1.81748923
0.2,37.03122757,0.92030015
0.3,99.63155139,1.45290857
0.4,33.35011574,1.06621496
0.5,-7.70874078,1.14308429
0.6,46.33326353,0.43706451
0.7,41.12969148,0.56663738
0.8,-55.78540597,1.37256697
0.9,-84.4527127,0.4510475
1.0,13.84600332,1.31801048
1.09391667,82.55643163,0.64535043
