segment,pitch,stretch
0.0,-15.73952497,0.37404547
0.1,-72.53875874,0.74662783
0.2,-2.77448658,0.09869687
0.3,-34.13929652,0.4926167
0.4,98.89455917,0.88094357
0.5,92.17283268,1.74845503
0.6,57.90330337,0.56104095
0.7,42.86143517,1.17773509
0.8,-24.72366611,1.30676371
0.9,1.80991862,0.02013397
1.0,-3.52242486,1.86341361
1.09391667,-17.84344946,0.37928015
