segment,pitch,stretch
0.0,99.9242386,0.39669775
0.1,22.83023049,0.78709847
0.2,91.55037371,1.18432294
0.3,5.76311401,0.89768316
0.4,4.70890445,0.28448655
0.5,-99.6762273,1.11635531
0.6,-44.58037386,0.70262912
0.7,-30.18832908,1.50477642
0.8,69.47065737,1.93681172
0.9,-91.54025657,1.02826785
1.0,20.04839549,1.64700674
1.09391667,43.26134408,0.44264614
