segment,pitch,stretch
0.0,-71.39498579,1.26251394
0.1,62.98858744,1.60813214
0.2,41.27867713,0.77910004
0.3,-0.45014309,1.66768461
0.4,-62.23813069,1.66631965
0.5,81.69191529,0.96578831
0.6,-39.52630557,1.50022708
0.7,6.61232929,0.80807106
0.8,76.37120083,0.57035077
0.9,72.14080556,0.35036103
1.0,56.73337142,0.39594805
1.09391667,-44.63255829,1.14540291
