segment,pitch,stretch
0.0,-46.06630558,1.16002163
0.1,-10.41029295,1.31545425
0.2,46.47346809,0.89173565
0.3,-10.43860287,0.05427007
0.4,-38.16717219,1.4017057
0.5,44.56559314,0.47849772
0.6,43.70696978,1.59729287
0.7,-5.54884815,1.50901191
0.8,89.91059564,0.68083576
0.9,90.72111025,1.62669182
1.0,4.8020349,1.81653342
1.09391667,7.87463746,1.33572141
