segment,pitch,stretch
0.0,3.14313852,1.16629305
0.1,-23.21665248,0.07060829
0.2,94.57997372,0.73624632
0.3,-70.02674633,1.78608874
0.4,40.94796862,1.19353904
0.5,88.61836916,1.05800258
0.6,69.208784,1.13776513
0.7,77.12421504,0.42226269
0.8,-17.44873358,1.07561455
0.9,-87.01424673,0.7154793
1.0,-56.04990787,0.64178271
1.09391667,-48.10301357,1.63280959
