segment,pitch,stretch
0.0,60.85707462,0.2444237
0.1,13.03416057,1.53493401
0.2,-48.45411351,1.45787945
0.3,16.77450497,0.11915761
0.4,-7.6707259,0.99575033
0.5,-84.48187603,1.34203353
0.6,-5.50880589,0.42679286
0.7,-53.77002933,1.97733711
0.8,11.75325856,0.79534295
0.9,41.28277306,0.9990701
1.0,14.79272929,1.48802156
1.09391667,-15.59183139,0.74270144
