segment,pitch,stretch
0.0,-17.51935002,0.96351457
0.1,48.49295959,1.65140424
0.2,58.25436474,0.10129148
0.3,19.88257457,1.12009066
0.4,50.10507231,1.6763055
0.5,-56.4846044,1.91634806
0.6,-59.75963758,0.79788864
0.7,-99.92210917,1.02975972
0.8,-47.06603955,0.06596749
0.9,-51.36141327,0.92212705
1.0,-80.2024198,1.99068199
1.09391667,-23.03879421,0.00440735
