segment,pitch,stretch
0.0,-12.45233214,1.31283544
0.1,-33.20786902,0.09471032
0.2,-3.84628349,1.88233627
0.3,52.58812425,1.21028248
0.4,-82.78729146,0.9101705
0.5,-90.93928836,1.74264946
0.6,91.49342166,1.34024886
0.7,39.27925393,0.33883292
0.8,-0.66571259,1.35075989
0.9,50.1456693,1.4470152
1.0,-6.64277825,1.15231478
1.09391667,8.91074874,1.87164883
