segment,pitch,stretch
0.0,84.66208912,1.51830246
0.1,-96.9061077,0.02156416
0.2,56.17770157,1.9703834
0.3,-78.07946429,1.25545273
0.4,91.20181194,0.91568969
0.5,-30.87660198,1.83228794
0.6,27.3117693,1.04000857
0.7,-99.12692265,1.75318047
0.8,-51.46520236,0.69204702
0.9,-3.34321361,0.65368484
1.0,-7.25861447,0.00684889
1.09391667,-2.49487658,0.43470638
