segment,pitch,stretch
0.0,48.6835233,0.31659488
0.1,36.55238137,0.91966706
0.2,48.06121709,0.7088313
0.3,-53.21418968,0.61655079
0.4,-84.49986715,0.3504638
0.5,2.274647,0.15173733
0.6,65.76169241,0.65986716
0.7,-54.56461338,1.01542857
0.8,-9.60778265,0.43719066
0.9,20.85441667,1.38316606
1.0,-75.91935247,1.2339212
1.09391667,-89.16544197,1.84830476
