segment,pitch,stretch
0.0,56.78568271,0.30173789
0.1,-38.71611428,1.82600994
0.2,-64.59845133,0.49162542
0.3,1.39086409,0.66978122
0.4,26.86370756,1.86119765
0.5,-27.73552672,0.4187604
0.6,-81.13907874,0.96095639
0.7,43.5553465,0.3936239
0.8,-20.1583688,0.49545956
0.9,-25.05937779,1.76958981
1.0,27.91315488,1.1243255
1.09391667,-84.10219284,1.22358717
