segment,pitch,stretch
0.0,53.99142335,1.37901611
0.1,59.99308562,0.48516991
0.2,-83.77980644,1.93939228
0.3,5.55909075,1.80900702
0.4,23.79459539,0.81475575
0.5,-52.64546011,0.95195088
0.6,2.68270455,1.3919478
0.7,-52.61692888,0.70729183
0.8,-36.65533837,1.61794077
0.9,-75.69832194,0.1770134
1.0,1.92131533,0.51863844
1.09391667,-54.35087966,0.34478655
