segment,pitch,stretch
0.0,63.22786083,1.15410046
0.1,87.85722404,0.37024368
0.2,-11.67996756,1.81334
0.3,-61.23287213,1.04249546
0.4,31.74111168,0.8243923
0.5,33.84141617,1.89113742
0.6,19.96692936,0.69337223
0.7,-37.06015238,1.01307283
0.8,53.30817693,0.67908163
0.9,56.319569,0.07541053
1.0,38.79278484,1.95325555
1.09391667,-4.91911249,0.98387982
