segment,pitch,stretch
0.0,63.0600358,0.86275217
0.1,-51.01536648,0.66446023
0.2,-79.38394235,0.76617276
0.3,18.37962799,1.08107646
0.4,-93.10550864,0.88129698
0.5,-34.41615075,1.16389527
0.6,-59.60856077,1.73817265
0.7,-5.91904512,1.94089825
0.8,-91.08119021,0.88467755
0.9,-45.35675883,1.32628719
1.0,-19.89168543,0.31006302
1.09391667,49.76773146,0.42478041
