segment,pitch,stretch
0.0,28.49955807,0.25208372
0.1,-31.8275444,0.73448825
0.2,24.24217544,0.75780001
0.3,-66.09269444,1.1180686
0.4,-62.15798019,1.06816696
0.5,-49.72154406,0.60613643
0.6,-47.69762913,0.58276722
0.7,77.36626765,1.4653334
0.8,5.83013874,1.3937813
0.9,28.26329168,1.50157436
1.0,-41.71680011,1.14185861
1.09391667,67.89473062,1.59474316
