segment,pitch,stretch
0.0,75.82886559,1.22123306
0.1,-13.96041742,1.75348863
0.2,-35.92753512,0.4897572
0.3,40.25912686,1.96593999
0.4,50.45257654,1.18887939
0.5,85.69312188,0.25611648
0.6,13.47564488,0.63493032
0.7,-67.08587609,1.56113018
0.8,-13.59943795,0.9635469
0.9,48.64664173,1.37605444
1.0,12.19725268,1.05458302
1.09391667,29.4760152,1.34022417
