segment,pitch,stretch
0.0,49.45259009,1.41914206
0.1,26.00670844,1.08420532
0.2,-62.78053013,1.90864959
0.3,13.64858628,0.00296714
0.4,-46.53502922,0.2257171
0.5,55.2952107,1.98382605
0.6,-37.49134954,0.39764394
0.7,9.25181319,1.10443659
0.8,52.76907871,0.52917173
0.9,40.19984459,0.39475588
1.0,72.4009261,0.72882938
1.09391667,-65.62688247,0.87807842
