segment,pitch,stretch
0.0,29.91091742,1.28287681
0.1,29.9060619,1.09118729
0.2,-35.2299782,0.95294685
0.3,33.93454747,1.46022219
0.4,16.01664829,1.6252916
0.5,-18.70778189,1.19035327
0.6,-97.06291502,0.90275631
0.7,13.076942,0.534144
0.8,50.92498955,0.26255875
0.9,53.17318001,0.29008288
1.0,52.34619788,0.99016986
1.09391667,1.61294986,0.96989244
