segment,pitch,stretch
0.0,84.78119141,1.3229017
0.1,88.75454048,0.55829323
0.2,23.94901813,0.0402509
0.3,-18.90676095,0.61640233
0.4,60.06070111,0.96654272
0.5,62.40800149,0.92098566
0.6,3.12749593,1.84821975
0.7,56.86714317,0.23838951
0.8,-52.83270381,0.65493925
0.9,-40.5099806,1.28053314
1.0,-16.36538997,0.87321298
1.09391667,22.50184759,0.74058038
