segment,pitch,stretch
0.0,0.49465201,1.96185882
0.1,64.40982078,1.76039517
0.2,-93.96239431,1.34043253
0.3,54.29050788,0.77251354
0.4,-73.71749202,0.68573738
0.5,-94.88438502,1.47035372
0.6,49.75760882,1.55594088
0.7,-11.70467758,0.26425441
0.8,-44.05163422,0.00260426
0.9,34.33178767,0.41622396
1.0,-45.07278599,1.49433758
1.09391667,-7.38383513,1.90052724
