segment,pitch,stretch
0.0,48.31161741,0.20999663
0.1,94.31178096,0.73195695
0.2,43.82009927,0.70757327
0.3,34.87322119,0.54050489
0.4,62.02386853,0.53879588
0.5,-76.91099942,0.40459306
0.6,85.65284811,1.92541325
0.7,16.74886634,1.53445282
0.8,-83.35160832,0.38375611
0.9,99.3500254,0.09137971
1.0,-72.7605227,0.90026455
1.09391667,-40.54115445,0.89252671
