segment,pitch,stretch
0.0,-66.23189197,1.64024725
0.1,-7.28081394,1.33861833
0.2,-74.05426979,0.21996253
0.3,-2.17834407,0.9295354
0.4,-44.29553612,0.18867482
0.5,-21.93882769,0.17745141
0.6,-6.80381408,1.36415298
0.7,9.00050206,1.08571676
0.8,-19.58321875,1.38544941
0.9,-97.27632106,0.33380342
1.0,94.36582119,0.16971293
1.09391667,-77.55415354,0.89224977
