segment,pitch,stretch
0.0,-5.15788791,0.02044401
0.1,87.86739991,0.14748193
0.2,-74.96538965,1.08794539
0.3,51.5508712,1.90839795
0.4,55.84577921,0.11098659
0.5,-73.81356171,1.14044774
0.6,-70.33946252,0.24836029
0.7,-76.12910815,1.64559676
0.8,-38.0545779,1.57501427
0.9,-5.26509044,0.82338834
1.0,33.43231637,0.44386037
1.09391667,-37.46452433,0.70783957
