segment,pitch,stretch
0.0,51.10840748,1.50482446
0.1,-91.92289356,1.64118974
0.2,-79.84820622,1.27294553
0.3,77.1343998,1.68382972
0.4,-28.37542717,0.77725399
0.5,-45.23452982,0.19931522
0.6,-99.13090952,1.54066958
0.7,78.74968094,1.92796372
0.8,-29.18128543,1.53197117
0.9,2.6821327,0.33786537
1.0,72.60334223,0.41937099
1.09391667,-39.78930979,0.9246019
