segment,pitch,stretch
0.0,-22.58359419,0.41474403
0.1,-30.96921825,0.71205907
0.2,-86.1378048,1.69519751
0.3,29.82360498,1.01062692
0.4,38.1322139,1.05592913
0.5,58.32762061,0.6684902
0.6,22.70409536,0.92808907
0.7,-21.11680564,1.67728702
0.8,76.91113815,0.99155685
0.9,-79.88102102,1.28910569
1.0,83.63275499,1.70810559
1.09391667,-89.81944345,1.28508404
