segment,pitch,stretch
0.0,19.24000096,0.52175854
0.1,-57.56428934,1.45107426
0.2,-17.74165003,1.66296684
0.3,94.45114709,1.339528
0.4,58.80414928,1.45905309
0.5,15.95265091,0.95701688
0.6,-64.01744173,0.10004415
0.7,-39.81720589,1.33408917
0.8,48.58222908,0.26158276
0.9,79.1348353,0.78316965
1.0,66.03274921,0.77046412
1.09391667,-37.34721406,0.38567889
