segment,pitch,stretch
0.0,-47.42878523,1.11335627
0.1,-30.16645038,1.13740889
0.2,-86.67371718,0.31622189
0.3,8.55547349,1.41776127
0.4,-15.66190927,0.46326981
0.5,-49.49878386,1.61561224
0.6,45.53550585,1.82492297
0.7,40.09709087,1.16604802
0.8,68.69768753,1.08414078
0.9,-80.58352636,0.66393703
1.0,11.66542456,0.81001911
1.09391667,21.41487197,1.28611979
