segment,pitch,stretch
0.0,-41.72152619,1.04150919
0.1,16.10845718,1.44420011
0.2,56.96293644,1.65872581
0.3,-95.24889342,1.66380946
0.4,-92.06058204,1.25967223
0.5,-66.79451415,1.01005139
0.6,31.29945158,0.59386887
0.7,52.76870029,1.783647
0.8,-83.90415266,0.30560863
0.9,16.41554992,0.09885056
1.0,44.20651848,0.45485887
1.09391667,-53.31309565,1.06517725
