segment,pitch,stretch
0.0,-25.51056644,0.58140065
0.1,24.49853402,0.04023283
0.2,-56.61781422,0.26091541
0.3,-3.53667819,1.44138465
0.4,-52.83448461,1.89510699
0.5,-52.04613243,0.42289317
0.6,-48.85197311,0.07435824
0.7,60.10857272,0.40624812
0.8,21.00041812,0.68841403
0.9,-82.17328802,1.98707284
1.0,-22.08282028,1.23402261
1.09391667,-78.3378291,1.02333517
