segment,pitch,stretch
0.0,26.44907742,0.83287187
0.1,-73.42361147,1.40395819
0.2,92.83531317,1.51369756
0.3,82.36619494,0.99682619
0.4,-17.51087166,0.01124783
0.5,-26.28495986,0.02757377
0.6,0.94288036,0.89772739
0.7,-11.7082274,0.83950196
0.8,-66.16443059,0.91739043
0.9,-47.12237025,0.80980959
1.0,-81.68715,1.03797653
1.09391667,-22.18807282,0.63071559
