segment,pitch,stretch
0.0,-33.3305161,1.1805291
0.1,-23.37326796,0.77631495
0.2,-42.80660343,1.23796573
0.3,-85.97409915,0.59874379
0.4,51.28251826,0.69643725
0.5,20.44685701,0.26804311
0.6,23.55063394,0.13974856
0.7,-22.02944006,0.25652729
0.8,55.64002673,0.69877455
0.9,43.82412807,0.73036563
1.0,96.09742447,1.13065304
1.09391667,94.89276626,0.42036746
