segment,pitch,stretch
0.0,-36.53142902,1.24674602
0.1,-73.10175545,0.8370169
0.2,-61.08145671,0.06968434
0.3,69.19027309,1.30165484
0.4,55.45278414,1.73532031
0.5,-36.69311621,0.17519488
0.6,-29.14988511,1.19817313
0.7,23.18680587,1.29181432
0.8,-48.34223372,0.80606891
0.9,-66.3324226,1.29130062
1.0,-63.55688976,1.82784749
1.09391667,20.87434717,1.37227316
