segment,pitch,stretch
0.0,21.98586045,0.30932428
0.1,-67.99860163,0.09597304
0.2,25.17256123,1.83076822
0.3,21.36527348,0.0831707
0.4,35.76600766,1.62200671
0.5,-7.15376156,1.09615837
0.6,6.29513946,1.21666569
0.7,-54.12906392,0.44734549
0.8,17.42972017,0.42974841
0.9,4.25119531,0.69082029
1.0,-8.01806671,1.55074446
1.09391667,17.7867456,1.15912049
