segment,pitch,stretch
0.0,69.69423026,1.14751405
0.1,-61.65221054,0.70036193
0.2,12.06620713,1.7124885
0.3,68.31024972,0.98016869
0.4,74.12641094,0.11366006
0.5,6.77833978,0.43979592
0.6,-4.07072349,1.91776754
0.7,-75.18978196,0.49107068
0.8,-25.44315508,0.92055325
0.9,1.64473536,0.8410121
1.0,-82.34234751,0.34671239
1.09391667,-17.87879592,1.52659427
