segment,pitch,stretch
0.0,83.9506825,1.20569128
0.1,-73.0195282,0.75422979
0.2,98.61971221,0.70340278
0.3,66.30731889,1.25861502
0.4,22.93795287,1.76994668
0.5,-81.70494499,1.09959608
0.6,-70.3149209,1.93360086
0.7,-54.70127166,0.32077076
0.8,-60.23299302,0.62494976
0.9,90.25511794,1.062642
1.0,63.36569824,1.45529395
1.09391667,47.37946456,1.97435305
