segment,pitch,stretch
0.0,68.47046609,1.54763433
0.1,85.76832326,1.83635771
0.2,-75.98339762,0.3050113
0.3,74.12796235,0.70474203
0.4,11.46376172,0.8224078
0.5,-5.50560149,0.00526041
0.6,27.1504605,0.35213553
0.7,27.2911911,1.7713752
0.8,-20.36547399,1.08380037
0.9,-51.25849452,0.55113913
1.0,79.11844333,0.59854608
1.09391667,-53.98607147,1.65860026
