segment,pitch,stretch
0.0,-56.76875747,1.98134375
0.1,-86.21406354,1.3755847
0.2,60.18994207,0.59510503
0.3,-73.18576328,0.94085573
0.4,9.02898682,1.58537713
0.5,0.09152752,0.37644638
0.6,-45.20734969,0.99166811
0.7,41.14572905,0.69217337
0.8,-8.90641818,0.6776497
0.9,16.12067161,0.10142147
1.0,72.53679682,1.80502318
1.09391667,17.69672556,1.15790189
