segment,pitch,stretch
0.0,46.42556952,1.20625584
0.1,-10.73211581,1.19354043
0.2,69.82885696,0.39242201
0.3,4.24524637,0.77917962
0.4,-36.8873083,0.89936753
0.5,-92.07863162,0.59596787
0.6,49.43168018,1.27370599
0.7,4.89013703,0.02537615
0.8,-45.1799297,1.59706758
0.9,-6.48755942,0.94170477
1.0,23.68595226,0.18201558
1.09391667,-42.43454139,0.25023834
