segment,pitch,stretch
0.0,-1.27352161,1.81219165
0.1,-67.76486912,0.77028854
0.2,38.59821356,0.44136445
0.3,-68.30936474,1.01129338
0.4,-90.24428589,0.76518489
0.5,-78.84758788,1.51905633
0.6,82.67516556,0.9260744
0.7,27.65744762,1.48661059
0.8,82.5621195,0.13101211
0.9,22.03109017,0.66605082
1.0,97.22651297,0.90549752
1.09391667,6.30116613,1.52579229
