segment,pitch,stretch
0.0,24.53692124,0.00919351
0.1,4.74525032,1.89780668
0.2,-11.73085706,1.28424019
0.3,-67.51409973,0.97330389
0.4,18.72894419,1.57704982
0.5,-87.08655703,0.6100989
0.6,8.86378377,0.1303689
0.7,-88.70159666,1.07980698
0.8,-19.63742154,0.36042094
0.9,-28.01043875,1.46264173
1.0,-30.77636244,0.93716424
1.09391667,-23.02477644,0.27656628
