segment,pitch,stretch
0.0,35.18766114,1.46418541
0.1,3.82449325,0.62060775
0.2,-81.73229082,1.63148334
0.3,-1.54015563,0.52758496
0.4,-45.59201538,0.80943231
0.5,26.20010581,1.10411223
0.6,-19.9162202,0.62014779
0.7,41.69291663,0.65910672
0.8,-68.08590586,1.69273141
0.9,-52.35020304,1.22000106
1.0,55.76687311,0.67614262
1.09391667,26.15340501,1.44243981
