segment,pitch,stretch
0.0,66.99743889,1.15286604
0.1,-76.84252631,1.84100888
0.2,-45.49309493,0.29896559
0.3,55.46461894,0.47017465
0.4,81.99201124,0.15248902
0.5,1.34607331,1.13290225
0.6,50.45029952,0.34595451
0.7,74.64893983,0.44244875
0.8,26.00448077,0.8076701
0.9,-99.39894728,1.93347558
1.0,-16.71063882,1.69365872
1.09391667,53.60095231,1.16220812
