segment,pitch,stretch
0.0,10.36471628,0.01185683
0.1,-58.57729137,1.45020857
0.2,-27.93575021,0.19382892
0.3,33.78979174,0.71448768
0.4,-33.15491758,0.01801383
0.5,-5.38281254,0.74544811
0.6,-58.09969762,0.45979971
0.7,93.46336641,0.55925931
0.8,27.63578773,1.84211482
0.9,44.41136417,0.07395401
1.0,-2.08272126,0.05656785
1.09391667,72.82755357,1.60760225
