segment,pitch,stretch
0.0,-87.5022813,1.98466869
0.1,48.02010378,1.54311759
0.2,83.84572734,0.61016867
0.3,9.25847543,1.29361746
0.4,49.97347861,0.77747475
0.5,-60.69242488,1.18422754
0.6,-21.82497806,0.82850866
0.7,13.87798501,0.60760734
0.8,32.41479889,0.87727466
0.9,54.1006632,1.39371886
1.0,-56.48325956,1.23252422
1.09391667,96.27244158,0.39725777
