segment,pitch,stretch
0.0,-32.36494138,1.37054129
0.1,76.6244439,1.57215181
0.2,-16.62217643,1.07317842
0.3,63.40850527,0.82623857
0.4,68.81783594,0.72038729
0.5,-35.17384088,1.90936147
0.6,42.93688325,0.3744962
0.7,-82.21044816,0.69245834
0.8,-42.73245843,0.60585647
0.9,-3.13393134,1.24840552
1.0,-86.41078269,0.02488175
1.09391667,14.80187439,1.59728167
