segment,pitch,stretch
0.0,64.76464638,1.23145085
0.1,-51.3470416,0.79492421
0.2,9.90918002,0.48314333
0.3,63.24486906,0.28861919
0.4,-95.411726,1.05525194
0.5,17.77962704,1.51076591
0.6,23.26529379,1.04212622
0.7,37.62422032,0.64232838
0.8,-26.41359823,1.11700907
0.9,-38.32396509,1.02326758
1.0,63.21192295,0.3631898
1.09391667,-24.29267242,1.01931794
