segment,pitch,stretch
0.0,66.66952336,1.97934099
0.1,96.9530251,1.29460225
0.2,75.3477354,1.53421825
0.3,-56.79707668,1.45039514
0.4,68.50410973,0.98893675
0.5,5.80156778,1.73927101
0.6,-59.00857509,1.32684672
0.7,23.78788766,1.65077043
0.8,8.31255478,1.05904427
0.9,-23.40072537,0.79622744
1.0,36.6022418,1.94329627
1.09391667,-51.87443186,1.45912014
