segment,pitch,stretch
0.0,-23.39425143,1.25085973
0.1,35.85055319,1.0698884
0.2,67.19735569,1.90990051
0.3,-48.3142237,1.50553478
0.4,98.37530376,1.59397111
0.5,49.57162288,0.74863955
0.6,57.60699349,0.82823128
0.7,-63.06687642,0.17780137
0.8,66.62148397,0.09555814
0.9,25.13322135,1.59117444
1.0,-29.0922144,1.44799229
1.09391667,-22.18125143,1.21058423
