segment,pitch,stretch
0.0,81.96165797,0.75557645
0.1,-28.05483683,1.24238721
0.2,-21.59346314,1.29479034
0.3,1.08429848,1.78084003
0.4,21.43423257,0.20990132
0.5,75.67535371,0.69063729
0.6,-12.42326874,1.52523801
0.7,-43.03784954,1.69469222
0.8,-95.88108409,1.5231422
0.9,5.88501358,0.01978813
1.0,-74.23415878,0.32318558
1.09391667,-13.77398798,1.99092699
