segment,pitch,stretch
0.0,6.17101413,0.43334786
0.1,-73.16524248,0.17683142
0.2,75.95050712,0.19921398
0.3,18.00105888,1.00421484
0.4,-9.94456811,1.44070159
0.5,-40.2453021,0.92750762
0.6,-85.66564926,1.52273218
0.7,96.74750881,0.90944184
0.8,-81.535142,0.73937443
0.9,-37.96849285,0.85755882
1.0,-95.58506563,0.57947926
1.09391667,-59.97632547,0.18234787
