segment,pitch,stretch
0.0,-12.35235723,0.89110064
0.1,-31.30593397,0.38934259
0.2,93.22547931,1.45440232
0.3,3.55661221,0.25584691
0.4,-65.82574245,1.05295351
0.5,29.87364381,0.59087155
0.6,-76.70361056,0.12112438
0.7,-29.10356368,0.72116868
0.8,-52.57981462,0.07340316
0.9,3.2621499,1.9617885
1.0,-86.59512904,0.50342264
1.09391667,39.23696044,1.24684981
