segment,pitch,stretch
0.0,-36.42010561,0.75921607
0.1,47.73001377,0.95293974
0.2,93.59806646,0.22586708
0.3,-71.28004739,1.48750577
0.4,-73.37708676,0.17134927
0.5,74.57279085,1.2791033
0.6,93.06132311,0.73590712
0.7,53.53303026,1.42606803
0.8,-57.75366267,1.73700286
0.9,-26.4449428,1.39235574
1.0,-31.70641096,0.50787566
1.09391667,-10.08807531,1.19414628
