segment,pitch,stretch
0.0,-5.66534259,1.60513634
0.1,96.57780227,0.93762693
0.2,8.75498082,1.53396088
0.3,-62.00877197,1.61687943
0.4,55.64754403,0.81027283
0.5,60.40753337,0.96421289
0.6,28.13214645,0.44675755
0.7,80.12225937,1.7907484
0.8,96.25782192,1.63025461
0.9,-69.76671387,1.21594348
1.0,60.27804949,1.84929312
1.09391667,31.6619376,0.74880834
