segment,pitch,stretch
0.0,-35.67146007,0.39654392
0.1,77.48026741,0.30370297
0.2,60.67953513,0.91456869
0.3,7.03375586,1.67387039
0.4,93.94527477,0.48426399
0.5,32.23439221,1.86313592
0.6,63.65771061,0.46284335
0.7,-43.04880321,1.10565763
0.8,90.01770485,1.32411051
0.9,79.3607672,1.33992166
1.0,66.07005899,0.65624545
1.09391667,-60.54212183,1.79200877
