segment,pitch,stretch
0.0,48.62119612,1.78431697
0.1,-77.49487419,0.21017115
0.2,-92.74855632,0.90754364
0.3,-5.04409868,0.79299305
0.4,-37.04184738,0.73704045
0.5,93.82836291,1.49438795
0.6,46.80360504,1.8666859
0.7,99.71187558,1.28156013
0.8,70.29725425,0.27278766
0.9,2.68384344,1.64624
1.0,33.86757162,0.38779205
1.09391667,28.22402765,0.9971565
