segment,pitch,stretch
0.0,-47.9537983,1.262874
0.1,10.59664377,0.45595153
0.2,3.22121318,1.90154411
0.3,66.38489409,1.18935698
0.4,-85.62638025,0.53454894
0.5,53.0870989,0.07115633
0.6,37.88737288,0.91558947
0.7,-50.87104403,0.71993263
0.8,-30.17524051,0.93591694
0.9,42.29036925,0.99723137
1.0,6.95263715,0.85978939
1.09391667,-3.81320325,0.69941736
