segment,pitch,stretch
0.0,-17.33169853,1.81535326
0.1,46.34111356,1.35139774
0.2,-71.7209183,0.5699054
0.3,-52.63168455,1.64756314
0.4,-68.41292565,0.90731091
0.5,0.91746702,0.92295566
0.6,12.19475856,0.56476821
0.7,76.90509926,1.11964502
0.8,46.23586418,0.03868528
0.9,20.85455152,0.66706937
1.0,-48.8693925,1.91928995
1.09391667,-3.22971396,0.4347557
