segment,pitch,stretch
0.0,-95.01579597,1.84793029
0.1,-83.85694312,0.58680999
0.2,-85.29120752,1.7718572
0.3,39.64714204,1.16952376
0.4,57.5109199,0.26483397
0.5,17.84726357,0.70174807
0.6,72.49898727,1.00653378
0.7,-49.28489837,0.37312662
0.8,27.76319329,0.21661179
0.9,40.88732144,1.37557681
1.0,25.08094833,0.83851773
1.09391667,-11.2848797,1.10196179
