segment,pitch,stretch
0.0,-26.38999682,0.72895048
0.1,-22.99967347,1.8926075
0.2,3.73325412,0.72613161
0.3,4.96616557,1.865488
0.4,-29.93221986,1.93166142
0.5,37.07787093,0.25664039
0.6,-72.11553582,1.70761542
0.7,-26.01116497,0.9844932
0.8,28.09141519,0.79083126
0.9,-12.73315984,0.78849397
1.0,-2.02458529,1.83169014
1.09391667,-56.16856888,0.88953278
