segment,pitch,stretch
0.0,80.48782258,1.56514642
0.1,10.56122862,0.84129395
0.2,-8.93820662,0.06138073
0.3,-54.86681614,0.69727856
0.4,4.93462284,1.5884292
0.5,35.74757504,1.04892583
0.6,68.8469079,1.9689775
0.7,-14.27123589,0.88805601
0.8,-28.29587023,1.96809087
0.9,95.64907093,1.8332122
1.0,-72.41595419,0.12281215
1.09391667,67.53861485,0.22120187
