segment,pitch,stretch
0.0,93.59161919,1.32448893
0.1,-36.24487207,0.9079638
0.2,34.29182357,1.36589638
0.3,-43.77936624,1.17890341
0.4,69.60343368,0.38929886
0.5,56.68710737,0.99526671
0.6,-24.24220062,0.46581759
0.7,-78.58314977,0.29943683
0.8,-13.26257127,1.99375882
0.9,33.19824363,1.82666883
1.0,-40.08512875,1.5352094
1.09391667,22.89045037,1.53552889
