segment,pitch,stretch
0.0,-22.35255086,1.17037243
0.1,-38.39735659,0.80831945
0.2,81.84483339,1.07936497
0.3,89.66951187,1.80338122
0.4,78.72815519,1.1980111
0.5,-52.70100407,1.57414757
0.6,-16.77558941,1.54546577
0.7,74.67924026,0.86646901
0.8,58.06859333,1.76340154
0.9,62.1778936,1.16134605
1.0,-11.97095728,0.83068954
1.09391667,61.96058284,1.94365144
