segment,pitch,stretch
0.0,82.24324258,1.82058144
0.1,80.86962612,1.23603782
0.2,-72.80020936,0.454026
0.3,76.49424807,0.0052754
0.4,-64.96103848,1.08282214
0.5,-28.48200693,1.85144542
0.6,36.24392724,1.26196062
0.7,61.50604074,1.03215922
0.8,-15.49344292,0.62598284
0.9,94.8143858,0.44294081
1.0,-29.01167878,0.91164636
1.09391667,29.83149857,0.09783427
