segment,pitch,stretch
0.0,27.66535658,1.77982522
0.1,13.56694794,1.07162792
0.2,18.47033094,0.18234571
0.3,59.04276692,1.10955417
0.4,-91.09157625,1.72425302
0.5,-18.02658585,0.5579513
0.6,-35.60184109,1.93053319
0.7,54.26515106,1.77971636
0.8,-22.38727861,0.37301738
0.9,43.77933905,1.40160657
1.0,18.37090143,0.31959468
1.09391667,6.84824494,1.79655945
