segment,pitch,stretch
0.0,-2.50436392,0.54146841
0.1,0.0104378628,1.24688309
0.2,11.8772332,0.3557669
0.3,-6.76668863,0.8130148
0.4,48.0667468,0.53456903
0.5,47.82207,0.25808446
0.6,71.0515441,0.46779047
0.7,16.0380094,1.05295189
0.8,76.5389373,0.192545
0.9,33.7838449,0.76311718
1.0,-81.3464293,1.48955345
1.09391667,-3.89826037,1.4188577
