segment,pitch,stretch
0.0,79.20623471,0.68216584
0.1,15.95650002,0.42686819
0.2,-76.24687764,0.02909108
0.3,-99.60118401,1.3182061
0.4,78.05893195,0.10574875
0.5,-14.00699602,0.2853218
0.6,-89.17552829,1.14496721
0.7,-14.96184535,1.04613331
0.8,59.85859642,1.03396969
0.9,11.94153074,0.35198627
1.0,-11.03565413,0.4382774
1.09391667,35.54802425,1.08765543
