segment,pitch,stretch
0.0,-73.89717539,1.8490528
0.1,58.2279035,0.78071375
0.2,-6.95336522,0.52277753
0.3,-22.95480777,0.58053559
0.4,52.90135008,1.88784757
0.5,-46.75765643,0.24672534
0.6,30.49472427,0.03480907
0.7,-69.71037967,1.27028129
0.8,-58.62690345,0.5771855
0.9,-33.68489601,1.71334453
1.0,-73.6486263,0.92032767
1.09391667,-82.9712864,0.36606921
