segment,pitch,stretch
0.0,-12.70990623,1.14486928
0.1,-17.89686071,0.94187729
0.2,58.24027697,0.43978781
0.3,71.96751717,0.86816184
0.4,22.83880081,0.47286583
0.5,74.23310268,0.4719667
0.6,23.98451607,1.54190919
0.7,-29.568704,1.67539159
0.8,19.11592867,1.16448364
0.9,54.77477233,1.68418537
1.0,9.76021826,1.91621277
1.09391667,-30.35128441,1.40243908
