segment,pitch,stretch
0.0,35.99149225,1.15996834
0.1,-74.15243919,1.78612781
0.2,-66.98958389,1.07132938
0.3,-17.85195751,0.01687876
0.4,-73.89259621,0.18602523
0.5,79.15421071,1.63202806
0.6,-46.04257139,0.71186645
0.7,-20.15951385,1.59705108
0.8,-88.88014071,0.92556725
0.9,85.9209564,1.19440403
1.0,-45.56975308,1.44802402
1.09391667,-32.13799224,1.37788661
