segment,pitch,stretch
0.0,-53.3100291,1.09242223
0.1,4.68553811,1.36905488
0.2,30.1589282,0.80069783
0.3,11.7494605,1.02399961
0.4,14.6843787,1.6109915
0.5,0.0551600348,0.4113542
0.6,21.8487989,1.88718243
0.7,0.876146135,1.82050398
0.8,57.0084802,0.47994227
0.9,5.30429591,1.40201797
1.0,17.8166491,1.67172578
1.09391667,-29.3939822,0.75533172
