segment,pitch,stretch
0.0,64.38962342,1.00112645
0.1,-51.8551163,1.06925212
0.2,-2.17663011,1.94512736
0.3,58.1527086,1.38458927
0.4,-46.96650895,1.28889459
0.5,-16.57361125,1.54024857
0.6,75.93348377,1.09201657
0.7,19.1912547,0.41927036
0.8,-13.17481254,0.35094068
0.9,82.06501342,1.95646908
1.0,98.060651,0.64409889
1.09391667,-65.93265282,0.45282126
