segment,pitch,stretch
0.0,67.71914356,0.71351394
0.1,73.23750135,0.58810626
0.2,-94.77637622,0.12310704
0.3,41.8095849,0.24518537
0.4,44.54848263,1.96939905
0.5,-87.10854597,1.82615159
0.6,12.76932042,0.20211228
0.7,-15.47844842,0.69598299
0.8,-27.08826091,0.43499073
0.9,-8.55837042,1.83264506
1.0,62.11399846,0.36387194
1.09391667,1.57014334,0.65195864
