segment,pitch,stretch
0.0,82.38322646,1.52040058
0.1,32.52182657,0.22216464
0.2,30.87511863,0.78160064
0.3,67.9481844,0.58754621
0.4,-57.03879619,1.54090238
0.5,22.48665311,0.52042561
0.6,23.4373467,0.65328484
0.7,-61.78596911,0.2008644
0.8,75.30119174,1.88966983
0.9,6.10236792,1.34355427
1.0,23.20518155,0.09039365
1.09391667,-62.32548974,0.0245473
