segment,pitch,stretch
0.0,-29.53329055,1.81413682
0.1,-55.17737052,1.23507598
0.2,58.22185342,1.2508175
0.3,-43.06637085,0.42299618
0.4,76.59680907,0.12183449
0.5,52.74440756,0.93446119
0.6,-26.52378851,1.44820206
0.7,-16.86813106,0.73029459
0.8,7.65419617,0.16870505
0.9,2.97223231,1.17828847
1.0,-42.35584202,0.62674429
1.09391667,-84.52233477,0.94849203
