segment,pitch,stretch
0.0,54.13337143,0.90685718
0.1,51.13672213,0.97028986
0.2,-46.53747516,0.5338014
0.3,-5.04561857,1.37151822
0.4,-96.10296837,1.19898074
0.5,91.1633791,0.83288569
0.6,40.43734858,1.46195871
0.7,-6.34456649,0.52535218
0.8,-47.75781838,0.56197414
0.9,-30.94847666,1.41697717
1.0,-10.84084503,1.24330897
1.09391667,16.60657514,0.55891177
