segment,pitch,stretch
0.0,-48.93101302,1.76712635
0.1,29.34121658,1.41196845
0.2,23.36197279,0.60842774
0.3,-1.20403398,1.94277316
0.4,-47.67478064,1.4476438
0.5,18.83507041,1.13791246
0.6,-17.22460439,1.88825133
0.7,95.20697574,1.08026942
0.8,-6.20708562,0.16695357
0.9,-37.25970541,0.7312143
1.0,4.5592837,0.56031965
1.09391667,86.68415923,0.70419729
