segment,pitch,stretch
0.0,-13.2041621,1.43008508
0.1,72.11694132,0.66721453
0.2,72.29533823,0.92720226
0.3,27.12463377,1.5008618
0.4,-0.51668001,0.92612905
0.5,95.33803701,1.15889455
0.6,29.01440832,1.69874537
0.7,95.49757562,1.82400366
0.8,73.0572007,0.49276816
0.9,-51.56555772,1.24642372
1.0,75.9566984,1.81994123
1.09391667,-25.09105013,1.274738
