segment,pitch,stretch
0.0,-9.82911833,0.41898606
0.1,26.84576298,1.36279301
0.2,-28.2282446,1.58440298
0.3,66.90500865,0.74607222
0.4,-49.09073162,0.77124081
0.5,-87.4525088,1.83467454
0.6,32.13028208,0.88970779
0.7,-17.61981843,1.25647355
0.8,-38.32230825,1.59512471
0.9,65.65277193,0.88454985
1.0,-65.08326891,1.48034163
1.09391667,73.10934072,1.02393934
