segment,pitch,stretch
0.0,77.3413932,0.58709567
0.1,-67.39185751,0.0796985
0.2,89.18550357,1.00639024
0.3,12.33038367,0.81094575
0.4,70.68402371,0.57598842
0.5,25.06803156,0.93423984
0.6,56.81750659,1.53113092
0.7,-43.57912499,1.09738921
0.8,-51.88401647,1.34315846
0.9,-2.10023036,0.94720038
1.0,-47.35507429,1.69772014
1.09391667,20.07877732,1.14244601
