segment,pitch,stretch
0.0,27.33261944,0.57686104
0.1,29.78644266,1.32227847
0.2,-12.70237049,1.79912514
0.3,35.66782523,0.4564538
0.4,29.74626928,1.02600183
0.5,5.11664219,0.76890833
0.6,-48.64269717,1.34014461
0.7,63.16783742,1.21629987
0.8,60.29128931,1.77191932
0.9,23.99980286,0.26778131
1.0,21.04820857,1.59674642
1.09391667,-49.011882,0.1994287
