segment,pitch,stretch
0.0,-40.724684,1.6228839
0.1,68.37921334,0.13004392
0.2,-30.05855576,0.71367383
0.3,-38.49973025,0.85329946
0.4,20.79675368,1.21776669
0.5,97.95643376,0.59038082
0.6,60.86620442,0.28627533
0.7,79.81874649,1.2119593
0.8,3.83765836,0.67514721
0.9,67.59623448,0.51660642
1.0,-91.57077167,0.97010822
1.09391667,10.80867564,1.23476154
