segment,pitch,stretch
0.0,82.3150146,1.74351328
0.1,-62.65263441,1.01143167
0.2,35.24658043,1.89837562
0.3,-92.25963636,0.63714559
0.4,55.18355153,1.6894321
0.5,42.19734794,0.54282928
0.6,26.84517853,1.89183876
0.7,-96.44791366,0.53977312
0.8,-32.52364266,1.51379003
0.9,72.77745032,1.26846018
1.0,-8.5096212,0.77810192
1.09391667,-5.91345178,1.56024291
