segment,pitch,stretch
0.0,10.93227953,0.72387338
0.1,-59.2478864,1.78831672
0.2,-60.98157443,0.6179467
0.3,-98.20098641,0.63320585
0.4,-27.56878422,0.42531965
0.5,-16.62879698,1.05036122
0.6,-85.18504197,1.22550457
0.7,65.935133,0.87185678
0.8,-49.35852621,1.19822477
0.9,-79.82823856,0.11933649
1.0,-43.72382152,1.37889257
1.09391667,-81.76136352,0.25359551
