segment,pitch,stretch
0.0,96.8338791,1.90969426
0.1,37.68794022,1.00034929
0.2,13.97824571,1.17763903
0.3,18.96990702,0.35889427
0.4,63.2084655,0.91300026
0.5,-98.93629382,1.19226844
0.6,81.29612198,1.44163348
0.7,50.14728488,1.08588615
0.8,13.48666865,1.80200416
0.9,9.04770509,0.81736325
1.0,37.35188663,1.15050925
1.09391667,68.7171347,1.96049823
