segment,pitch,stretch
0.0,41.55644967,0.78446862
0.1,67.8619368,0.85565407
0.2,-84.54944787,1.8318275
0.3,-13.40526133,1.61118522
0.4,84.55980061,0.75274568
0.5,-73.66695786,0.63423277
0.6,32.1068808,1.74871382
0.7,96.14629479,0.40859241
0.8,55.28291813,1.57798181
0.9,35.51210396,1.87430569
1.0,29.41468439,1.15438502
1.09391667,39.84982535,1.30694685
