segment,pitch,stretch
0.0,-30.25985822,0.34793973
0.1,-25.72639464,1.18810863
0.2,-19.31311579,0.08692409
0.3,75.52996736,0.42169144
0.4,95.21234869,0.91790301
0.5,-71.1057772,1.60079155
0.6,-19.64273872,0.41126457
0.7,-1.31214815,0.20209882
0.8,64.64076703,1.03575809
0.9,-18.69724377,0.43486471
1.0,-40.5043492,0.51132712
1.09391667,-72.71091187,0.92380924
