segment,pitch,stretch
0.0,96.16486857,1.13651221
0.1,-86.51500024,1.49269335
0.2,-9.37257187,0.61460927
0.3,72.06266942,0.5407499
0.4,11.10798007,1.09788414
0.5,-81.04621106,1.18897069
0.6,-50.80034191,1.05502288
0.7,40.96771285,1.84226931
0.8,92.51105292,0.15122728
0.9,6.87694398,1.31717853
1.0,8.2337815,0.71137381
1.09391667,-26.51950547,0.47666491
