segment,pitch,stretch
0.0,0.14016308,1.85835187
0.1,-44.5758284,0.39450132
0.2,40.18240402,0.24238742
0.3,-39.07989996,0.56764068
0.4,67.80800806,1.20233096
0.5,17.65490848,0.74682504
0.6,58.57137806,1.26635068
0.7,-9.36157139,0.78955625
0.8,-59.59223338,0.64317534
0.9,-85.34182112,0.64803316
1.0,98.58496987,0.59787494
1.09391667,0.30898467,1.47452335
