segment,pitch,stretch
0.0,15.28166422,0.55667307
0.1,47.09879561,0.58592964
0.2,30.55065419,1.23790542
0.3,60.74459651,0.97364291
0.4,-80.73338373,0.01252312
0.5,-58.25545597,0.68334247
0.6,82.81118061,0.36908508
0.7,-61.4933419,0.9756346
0.8,15.22379089,1.72445689
0.9,-30.23460484,0.62749292
1.0,29.92994598,0.55530103
1.09391667,22.43308389,0.65235156
