segment,pitch,stretch
0.0,-6.48543923,0.68458474
0.1,52.42470042,1.23345655
0.2,27.22865134,1.03441451
0.3,-26.12053543,0.51926044
0.4,80.9200248,1.84993398
0.5,91.13618142,0.2782437
0.6,72.82749112,1.43037542
0.7,4.61309193,1.82353332
0.8,6.14992629,1.39771107
0.9,-73.40306534,0.81234613
1.0,-18.81910787,0.47215555
1.09391667,-70.65652208,1.77841719
