segment,pitch,stretch
0.0,98.43255035,0.1861089
0.1,23.16871923,1.79682409
0.2,-3.17590314,0.62264246
0.3,99.80077362,0.77697044
0.4,-24.84472991,0.40647993
0.5,-71.24957961,0.2976559
0.6,65.30269432,1.34176321
0.7,72.52720516,1.5087957
0.8,-90.19894531,1.69033096
0.9,11.74226894,0.35382167
1.0,-32.60755552,1.3177586
1.09391667,10.41380533,0.38575288
