segment,pitch,stretch
0.0,41.01121176,1.79508408
0.1,-57.00509923,0.91683768
0.2,-47.7423933,0.75632301
0.3,-45.09224268,0.50123111
0.4,-86.23747248,1.43218642
0.5,32.23270896,1.02417726
0.6,83.03664367,0.26646991
0.7,23.13228138,0.55372386
0.8,-80.96876175,1.25427564
0.9,85.87163391,1.46901823
1.0,65.98257536,1.62105321
1.09391667,8.92791605,1.15707193
