segment,pitch,stretch
0.0,13.762471,1.51429567
0.1,56.960538,1.68766969
0.2,31.61900178,1.34501255
0.3,-58.12329087,0.78143448
0.4,-92.10904416,0.95522192
0.5,-26.99116943,1.16323619
0.6,2.85267641,0.43497741
0.7,-21.2400385,1.84271931
0.8,47.25195685,1.28114522
0.9,86.30516809,0.9091169
1.0,-9.29622935,1.84546322
1.09391667,3.14612385,0.72114292
