segment,pitch,stretch
0.0,-84.31811629,1.00245815
0.1,-40.4937686,0.37362225
0.2,43.37920818,1.2771314
0.3,89.86748729,0.32946516
0.4,24.49320863,1.39441943
0.5,-46.40835892,1.30540336
0.6,35.9505397,0.00236394
0.7,62.43082011,1.39191992
0.8,85.56276985,0.22399256
0.9,52.49119502,0.98445346
1.0,-55.346187,1.43930771
1.09391667,-71.70758722,1.96006647
