segment,pitch,stretch
0.0,-44.27999606,0.47786392
0.1,87.16388753,0.26367192
0.2,51.76447156,0.808543
0.3,4.72890769,1.08355999
0.4,40.54029915,1.05186068
0.5,-2.52273407,0.0330936
0.6,-16.68397449,0.46793247
0.7,61.52515281,1.47386131
0.8,-9.09589247,0.59216285
0.9,-24.40260524,0.27707759
1.0,-74.87237933,1.34831193
1.09391667,-82.02950505,1.5447274
