segment,pitch,stretch
0.0,-7.77522682,0.84923144
0.1,-69.00488143,0.33119372
0.2,56.47558832,1.22070051
0.3,47.73828653,0.09401361
0.4,-58.74936134,0.13758585
0.5,-16.00930073,1.02104263
0.6,68.77090309,1.27727042
0.7,47.28501738,0.65680798
0.8,-26.83696642,1.41824482
0.9,16.45883289,0.73136625
1.0,-23.79769264,0.31271595
1.09391667,62.62161118,0.15435739
