segment,pitch,stretch
0.0,-26.51940276,0.21059611
0.1,80.97161113,0.68519171
0.2,-59.14883297,1.41170079
0.3,25.03200804,1.73443495
0.4,20.05380764,0.29201417
0.5,56.28196281,0.54790335
0.6,50.47197961,1.77444553
0.7,52.11037309,1.99008741
0.8,88.23327143,0.74569824
0.9,37.32869559,0.18993344
1.0,-23.53745861,0.72085595
1.09391667,93.83220457,1.92388819
