segment,pitch,stretch
0.0,-49.70124271,1.81391456
0.1,6.80747638,1.91818371
0.2,78.85711307,1.77045116
0.3,58.81086859,1.59965973
0.4,-4.36201374,1.21262432
0.5,-19.70745175,1.80283693
0.6,5.54500097,0.57888703
0.7,-73.03933833,0.47461482
0.8,-20.453142,0.56581151
0.9,9.14360097,0.85442376
1.0,-42.46591072,0.56057863
1.09391667,3.646082,1.46752368
