segment,pitch,stretch
0.0,47.64315726,0.95758586
0.1,43.78617601,0.16218947
0.2,-67.59598015,0.72860603
0.3,75.82681519,0.60627127
0.4,74.28596976,0.41876793
0.5,40.48744531,1.23414848
0.6,-65.90904049,1.54330327
0.7,90.52035497,1.06483437
0.8,-68.67205107,0.84380864
0.9,8.67982792,0.84626324
1.0,-64.09193989,1.29492524
1.09391667,11.5113113,0.37776928
