segment,pitch,stretch
0.0,17.23277349,0.07681875
0.1,-82.02564831,1.15308157
0.2,-89.77449202,0.24325653
0.3,-51.19975639,0.26308615
0.4,-15.70542785,1.15666053
0.5,-86.49178279,0.93452427
0.6,-63.9993416,1.80863716
0.7,15.94919888,1.09862854
0.8,14.83212149,1.20748097
0.9,89.46410037,1.44558157
1.0,-9.32479478,0.49090758
1.09391667,36.75071045,0.88504815
