segment,pitch,stretch
0.0,-83.9281143,1.69146892
0.1,27.49266296,0.58552036
0.2,-79.7114404,0.8081372
0.3,88.86514055,1.52853197
0.4,-83.57104811,1.32903065
0.5,64.75337821,0.44686923
0.6,-39.25229813,0.97314752
0.7,-20.80683656,1.28969147
0.8,-8.25263634,1.65843454
0.9,-69.80984132,1.6089276
1.0,12.24901577,1.8611166
1.09391667,84.4149929,1.61125361
