segment,pitch,stretch
0.0,5.37787975,1.11621025
0.1,9.32249591,0.69917502
0.2,4.19745407,0.1199413
0.3,-75.18613478,1.762579
0.4,87.02780947,1.43452798
0.5,-73.26225675,0.23094002
0.6,66.15406762,1.51181612
0.7,-9.80579818,1.4155143
0.8,17.20812603,1.82718341
0.9,21.88979452,1.93759588
1.0,-69.39969828,1.70606784
1.09391667,-64.03153918,0.09885652
