segment,pitch,stretch
0.0,22.66066479,1.33322286
0.1,84.39995443,0.79225642
0.2,19.72307996,0.78213906
0.3,-75.24605749,0.04755157
0.4,-67.45783177,1.8774159
0.5,-37.47794161,0.68932381
0.6,11.08818928,1.24235148
0.7,46.85817265,1.6524831
0.8,-2.92238114,0.95449466
0.9,58.48560552,1.23515898
1.0,-52.60786122,1.92684196
1.09391667,16.6492661,0.85611045
