segment,pitch,stretch
0.0,-97.22432216,1.35478851
0.1,-28.14905208,0.42795765
0.2,47.39910383,0.77593108
0.3,62.74698337,1.52084491
0.4,42.69629452,1.0423858
0.5,-28.86057988,0.26192027
0.6,47.37469517,1.65360196
0.7,19.60148675,1.3989631
0.8,25.28127543,0.94780347
0.9,-90.65530928,1.1797356
1.0,58.14244463,1.19530939
1.09391667,33.70088271,0.5415955
