segment,pitch,stretch
0.0,16.41054839,1.82011871
0.1,-23.44264217,1.5788444
0.2,67.00437835,0.98241909
0.3,32.24147439,1.73565394
0.4,-69.94095423,0.23880913
0.5,-75.95608649,1.64825439
0.6,26.64856795,1.51416343
0.7,28.46707033,0.23765412
0.8,8.57252797,0.78664096
0.9,-43.42045484,1.03412093
1.0,-38.23728815,1.06202892
1.09391667,-48.66780803,0.40663901
