segment,pitch,stretch
0.0,-75.52696483,0.21633828
0.1,-50.94410786,0.31603177
0.2,-38.29944429,1.04333718
0.3,-32.57127411,1.57763682
0.4,-30.55941116,0.14485533
0.5,-14.52407307,1.53043555
0.6,28.48601544,0.0734581
0.7,-14.30599007,1.19104414
0.8,38.98323909,0.4056819
0.9,-70.97720427,1.30823112
1.0,-31.77991107,1.63835528
1.09391667,-57.22342155,1.03131117
