segment,pitch,stretch
0.0,-64.82277941,1.74799884
0.1,67.50018906,1.7328265
0.2,83.11599323,1.53243167
0.3,-40.68058334,0.93226309
0.4,-20.66274727,0.97994595
0.5,57.39601347,1.11050562
0.6,26.65395964,0.07038292
0.7,-1.22309803,0.34804353
0.8,91.87113136,1.43252604
0.9,59.67411659,0.49156131
1.0,9.25675614,0.83882448
1.09391667,-85.2659012,1.33145629
