segment,pitch,stretch
0.0,-21.16656573,0.86887876
0.1,29.76214341,1.37629655
0.2,61.45359844,0.63499907
0.3,6.67004895,0.11279763
0.4,26.70370751,0.87092561
0.5,-40.62935301,1.90700704
0.6,99.09256776,0.52454597
0.7,79.82257267,0.72073711
0.8,42.46181289,0.80064374
0.9,2.20427108,1.04408214
1.0,64.59275416,0.45079877
1.09391667,-21.96543836,1.2652147
