segment,pitch,stretch
0.0,-12.90091121,0.5789399
0.1,42.27249946,1.95381107
0.2,5.12381798,1.0168321
0.3,1.7675065,0.61202955
0.4,-21.55461961,0.89680875
0.5,-31.65586282,1.15056599
0.6,20.15160145,0.34242076
0.7,82.41987013,1.76180701
0.8,59.09454669,0.95604839
0.9,36.30583869,1.86733505
1.0,-40.78038553,1.17388738
1.09391667,39.65520312,1.73016304
