segment,pitch,stretch
0.0,84.72208984,1.44671944
0.1,-25.46570276,0.96213955
0.2,-14.49877792,0.60880641
0.3,92.39693734,0.82954369
0.4,-32.47071196,0.31003161
0.5,57.90191837,1.04774221
0.6,-80.89557153,1.35433017
0.7,-42.41945014,0.91007785
0.8,-93.95714217,1.66906144
0.9,72.90615392,0.82431
1.0,69.05005157,0.70002504
1.09391667,82.64627583,0.57122533
