segment,pitch,stretch
0.0,3.75482412,0.48204307
0.1,-10.12746206,1.57422829
0.2,-71.88310124,1.46180987
0.3,57.69353131,0.36455809
0.4,-7.46282971,1.50137994
0.5,-4.62449416,0.81971787
0.6,37.75223181,0.40602656
0.7,14.07580733,1.29724475
0.8,7.873186,0.55564049
0.9,-15.37742922,1.88260367
1.0,25.72603899,0.5343602
1.09391667,58.91699651,1.60309461
