segment,pitch,stretch
0.0,44.864421,1.86077693
0.1,-39.26462371,1.12524403
0.2,28.2122741,1.12796265
0.3,-41.98853637,1.49970504
0.4,60.80708212,1.13312462
0.5,-87.67731195,1.89229122
0.6,16.44282049,1.4551088
0.7,-17.08970644,0.20295498
0.8,-27.18118405,0.3241588
0.9,-79.6171435,1.16747207
1.0,-16.26211535,1.56894598
1.09391667,89.36610691,0.99768517
