segment,pitch,stretch
0.0,86.77777259,1.86280309
0.1,88.68008012,0.36705596
0.2,40.87598241,1.32338867
0.3,-9.9272537,0.04586245
0.4,-53.77098496,1.95113809
0.5,-25.91846693,0.12780271
0.6,53.05484082,1.4683855
0.7,46.24971749,0.39810348
0.8,50.02749475,0.0385797
0.9,-19.53463888,0.83824927
1.0,-43.93805989,1.6446619
1.09391667,-81.85773857,0.66244145
