segment,pitch,stretch
0.0,-75.00897619,0.74810011
0.1,-99.92599168,1.6653295
0.2,-41.97852884,0.86958953
0.3,-44.5286304,1.82114948
0.4,33.7471246,1.20682151
0.5,-20.55369632,0.95346463
0.6,80.47589593,1.35013789
0.7,-14.97727246,1.4182331
0.8,-21.44814327,1.48872207
0.9,-62.07774638,0.52217737
1.0,-99.81693505,1.9830309
1.09391667,-93.56727968,1.11565266
