segment,pitch,stretch
0.0,87.83799753,0.80622544
0.1,93.07880912,0.71131531
0.2,-21.43792859,0.52490717
0.3,54.61607152,0.79105774
0.4,63.53186125,0.74894626
0.5,69.57332079,0.96341942
0.6,-98.283012,0.12490453
0.7,3.96514961,1.772086
0.8,-68.49765079,1.2138043
0.9,22.71561052,1.03968333
1.0,62.92065682,1.01702127
1.09391667,7.64063367,1.88905221
