segment,pitch,stretch
0.0,-3.02796188,0.22157338
0.1,-18.39329507,1.5970131
0.2,27.99408469,0.93366249
0.3,61.38529345,1.16388988
0.4,72.06706498,1.82522819
0.5,-49.20369567,0.19075337
0.6,-60.60556526,1.29752633
0.7,4.80843339,0.8825569
0.8,-95.20794281,0.57273421
0.9,-29.95436641,1.14765765
1.0,-33.21264223,0.82478891
1.09391667,-31.67625375,1.98926818
