segment,pitch,stretch
0.0,87.02540196,1.45120071
0.1,-87.16855408,1.99718195
0.2,13.6128173,0.6126104
0.3,25.59592298,0.97530447
0.4,3.06661623,1.74861281
0.5,-6.41872275,1.95931784
0.6,-40.97922684,1.44262054
0.7,-51.74632522,0.76385193
0.8,-35.50720635,0.83123806
0.9,-52.46041148,1.0121191
1.0,-5.55255579,1.39124165
1.09391667,92.65490635,1.37791309
