segment,pitch,stretch
0.0,-78.42073653,1.26555168
0.1,-24.61205512,0.89640123
0.2,-11.84314917,0.55951574
0.3,-70.6403769,0.41074213
0.4,-46.85191634,0.16739124
0.5,-71.06093943,0.840879
0.6,30.63391912,1.64487685
0.7,-74.22566174,0.4477739
0.8,7.48787405,0.39629761
0.9,-46.20513682,1.07902243
1.0,49.04599402,1.30068101
1.09391667,-4.00470975,1.72481408
