segment,pitch,stretch
0.0,-71.72833513,0.37077237
0.1,-14.74031919,0.56990881
0.2,-21.83541147,1.59729725
0.3,-67.51881517,1.97035771
0.4,-91.38875442,0.52850963
0.5,6.74447183,1.74112616
0.6,26.61618155,0.02543003
0.7,72.29706337,0.19739553
0.8,58.26898218,0.10712319
0.9,30.44634512,0.63352141
1.0,-17.84842899,1.44239476
1.09391667,-24.00080187,0.76601062
