segment,pitch,stretch
0.0,14.09044268,1.6475495
0.1,28.13825665,1.6255176
0.2,-40.21559781,1.99682212
0.3,9.13288013,0.39670369
0.4,89.32859242,1.34395023
0.5,-17.87642912,0.55691658
0.6,80.16824269,1.45409657
0.7,40.51786148,1.8204099
0.8,-19.91774538,0.51861004
0.9,-8.63425979,0.91268117
1.0,-22.84814304,1.67784611
1.09391667,36.71518597,0.60064436
