segment,pitch,stretch
0.0,10.59611368,0.70098124
0.1,-58.33970814,0.81482125
0.2,48.21332553,0.85809581
0.3,8.01473442,1.28695487
0.4,1.23446692,0.84694823
0.5,75.4888235,0.86088631
0.6,-71.96113636,0.91068844
0.7,-73.39552856,1.800813
0.8,-33.53378549,0.14082097
0.9,1.07873632,0.95279098
1.0,58.06405964,0.96841151
1.09391667,15.92112733,0.90966091
