segment,pitch,stretch
0.0,12.53874901,1.58204947
0.1,-9.84524601,0.30197463
0.2,-28.69081604,1.36929082
0.3,-3.98654711,1.57950224
0.4,-31.85582808,1.64821008
0.5,-60.66158974,1.40708
0.6,37.08553698,0.90705567
0.7,-55.30747295,0.62618862
0.8,79.95944373,0.10659235
0.9,16.93049167,0.31824417
1.0,2.57902723,0.18714767
1.09391667,9.37320396,0.57978015
