segment,pitch,stretch
0.0,-91.34539462,1.93962683
0.1,-1.38504973,0.25281252
0.2,2.05125073,0.90917451
0.3,-5.20837211,0.6157456
0.4,30.89438942,0.48487698
0.5,-28.36589971,1.14423933
0.6,-42.97374851,0.91557091
0.7,-56.55365324,1.50856564
0.8,3.73861638,0.47177544
0.9,-2.43332653,0.09479279
1.0,-73.16332477,0.24018528
1.09391667,61.30377091,0.24667973
