segment,pitch,stretch
0.0,64.72558427,1.10878065
0.1,89.90901107,0.64399172
0.2,81.42978407,1.22080944
0.3,-10.43897534,0.11214204
0.4,43.00975077,0.83352272
0.5,-54.25678595,0.01534265
0.6,62.84702282,0.46262621
0.7,-6.57558609,1.34444527
0.8,14.82558761,1.35254429
0.9,-96.64026407,1.9141104
1.0,-32.22519468,1.83780596
1.09391667,15.06988784,1.20703097
