segment,pitch,stretch
0.0,17.48179392,1.16767435
0.1,-20.93259057,1.12895723
0.2,38.48191575,0.3034601
0.3,-43.04758346,1.48058882
0.4,-27.49631219,0.85133692
0.5,-43.30662093,1.76317004
0.6,-11.80067145,0.40561242
0.7,-65.69750473,0.69119528
0.8,36.09713106,0.70403422
0.9,-89.16917769,0.50785509
1.0,-11.53730863,0.15277714
1.09391667,91.60971419,0.42464397
