segment,pitch,stretch
0.0,-58.66306645,1.71561025
0.1,-48.85456955,1.69080607
0.2,29.24978703,1.36521175
0.3,-4.57987844,0.87715483
0.4,17.09511918,0.38991217
0.5,-36.28101864,0.94074697
0.6,16.68992844,0.21735662
0.7,41.08024696,0.2928344
0.8,84.11774755,1.75349185
0.9,37.20407844,0.5790335
1.0,-6.74453613,0.77029309
1.09391667,8.90716527,0.55391499
