segment,pitch,stretch
0.0,-79.04304689,0.75524208
0.1,-33.27907889,1.36191913
0.2,-48.38559405,0.27826927
0.3,-41.35801628,1.07720363
0.4,-26.02502446,1.01002639
0.5,13.55019155,0.44849721
0.6,18.26415136,0.65469054
0.7,-44.56995302,0.24060095
0.8,9.70532855,1.46400581
0.9,-87.31769778,0.19595273
1.0,71.16611241,1.05591567
1.09391667,-73.56487105,1.79159402
