segment,pitch,stretch
0.0,90.15852298,1.09879686
0.1,54.46178194,1.93033732
0.2,92.29787974,1.35119606
0.3,56.79856413,1.49147937
0.4,6.80655331,1.75081802
0.5,85.98039627,0.26277184
0.6,79.54748497,1.06227003
0.7,-50.26158779,0.06438964
0.8,46.33910856,0.88741243
0.9,-52.2237302,0.12141514
1.0,14.53688649,1.07853955
1.09391667,26.74527789,0.24561082
