segment,pitch,stretch
0.0,-8.49945262,0.18632105
0.1,78.59318703,0.57386106
0.2,5.51226276,1.08904108
0.3,-57.71623977,1.06659478
0.4,-16.40155513,1.07197466
0.5,65.3464243,0.99856442
0.6,75.43847502,1.20108487
0.7,-23.5169708,0.82408686
0.8,90.90480097,1.4403859
0.9,2.3218264,1.38639998
1.0,-54.16543883,0.92793051
1.09391667,-30.94766284,1.95794577
