segment,pitch,stretch
0.0,-2.1507045,1.65815165
0.1,-59.20535761,0.73684424
0.2,33.81892305,0.78053485
0.3,43.78107199,1.26996131
0.4,-58.56253377,1.90489744
0.5,-73.24110126,0.31125788
0.6,77.97062328,0.73718841
0.7,-37.56549364,0.04729413
0.8,57.43189813,1.70152056
0.9,46.17345888,0.07204925
1.0,59.28871843,1.91615732
1.09391667,54.90140723,1.08139277
