segment,pitch,stretch
0.0,49.34223169,0.13389709
0.1,-45.57503338,0.25174437
0.2,-15.08492624,0.82402432
0.3,-19.8979669,0.82208583
0.4,-25.53796799,1.38135822
0.5,88.30993321,0.76093903
0.6,-64.76962788,0.57981415
0.7,-39.71315935,1.62636068
0.8,92.87896843,1.17795772
0.9,-52.99965121,0.06230935
1.0,37.25809924,0.54036795
1.09391667,83.50306975,1.72343759
