segment,pitch,stretch
0.0,-19.52342601,1.87136497
0.1,12.51870084,1.2884713
0.2,39.37532447,0.99035372
0.3,-27.49424213,1.4593324
0.4,2.74242911,1.12443884
0.5,15.14964773,0.10576994
0.6,45.71194496,1.21238053
0.7,28.98960809,0.05301684
0.8,-39.83484556,0.73550617
0.9,33.1587893,1.02363056
1.0,24.37786674,0.31570088
1.09391667,-21.81878644,0.61715616
