segment,pitch,stretch
0.0,31.44625075,1.15032127
0.1,-90.32825643,0.20043056
0.2,-64.7017166,0.4631213
0.3,15.62340259,1.29891642
0.4,-79.4752192,0.6480645
0.5,74.79009283,0.81505597
0.6,-57.91380652,1.23579114
0.7,92.43048613,0.16251602
0.8,-1.35432996,0.74439657
0.9,-1.4007117,1.69626999
1.0,-22.8275935,0.07593713
1.09391667,-34.82288483,0.22950927
