segment,pitch,stretch
0.0,44.11369928,1.39445147
0.1,-49.72421876,1.98393148
0.2,37.81687243,1.85807547
0.3,-52.5290051,0.71490172
0.4,42.12087864,0.37809407
0.5,-3.66730799,0.12826759
0.6,34.46605835,0.32776618
0.7,92.87725089,0.64947081
0.8,-80.85076749,1.06355304
0.9,-9.36766275,1.32938803
1.0,76.24737873,1.22597552
1.09391667,-13.80306297,1.00606008
