segment,pitch,stretch
0.0,67.80075556,0.00122772109
0.1,2.91528807,1.63436641
0.2,-96.71759945,0.942533102
0.3,0.93195301,0.658001898
0.4,64.10102677,1.5746929
0.5,50.38025389,0.711925794
0.6,73.00593199,1.61187408
0.7,18.93402178,1.34608703
0.8,35.76134207,1.4554979
0.9,32.66910334,0.118157589
1.0,89.60787906,0.929482496
1.09391667,4.26061553,1.40897442
