segment,pitch,stretch
0.0,-33.83596368,1.91287282
0.1,-59.15381013,1.28041444
0.2,-64.86299243,0.04095899
0.3,-73.6430977,0.41914446
0.4,-91.05214173,1.08223978
0.5,-45.40797518,0.2529754
0.6,13.66964743,1.11197698
0.7,95.37065991,0.98751557
0.8,26.41264332,0.20616642
0.9,48.24832417,0.07234113
1.0,52.4867675,0.75683712
1.09391667,-11.31996214,0.73246581
