segment,pitch,stretch
0.0,3.17682923,0.87887046
0.1,6.35877152,0.507187
0.2,-9.02165969,0.30654511
0.3,-36.47269085,0.61695793
0.4,-72.32699921,1.67577575
0.5,-28.69942826,0.30689604
0.6,68.422362,1.73923813
0.7,-32.97741766,1.33940979
0.8,-98.50350873,1.86246524
0.9,4.47546112,0.68629119
1.0,-70.93750026,1.82050493
1.09391667,36.42764636,1.04858085
