segment,pitch,stretch
0.0,98.57605275,0.1031314
0.1,48.19569196,0.53372727
0.2,96.20670949,1.31286157
0.3,-19.19200662,0.99072858
0.4,52.83768905,0.59990508
0.5,1.85412636,1.80726182
0.6,37.01820811,1.09281433
0.7,29.79521621,0.09331625
0.8,-57.64713834,0.67056306
0.9,35.78201522,1.21362775
1.0,49.99655896,0.49048318
1.09391667,7.1972062,0.07431613
