segment,pitch,stretch
0.0,47.27372451,1.90030816
0.1,46.53530355,0.64747902
0.2,-24.42746322,1.68645788
0.3,-83.25481365,0.7717333
0.4,-76.36732845,0.72158444
0.5,49.65509994,1.63248564
0.6,-0.21531061,0.67358777
0.7,97.69744282,1.75458052
0.8,-79.50455281,0.7766848
0.9,-8.48709935,0.96559376
1.0,-57.2440405,1.44704785
1.09391667,-52.62348211,0.65092854
