segment,pitch,stretch
0.0,19.13786367,0.71756401
0.1,78.7613355,1.21129656
0.2,-10.99930376,0.86820307
0.3,-4.24203719,0.23513199
0.4,-18.22969313,1.96127331
0.5,-1.97438764,1.02094295
0.6,58.65018523,0.44586948
0.7,-44.17944685,0.67070074
0.8,-19.76307931,0.92528927
0.9,51.42512852,0.89913532
1.0,29.86121545,1.8576014
1.09391667,94.6134288,1.03800996
