segment,pitch,stretch
0.0,38.7876064,0.43642058
0.1,-21.79427352,1.59194207
0.2,-78.67296896,1.92489987
0.3,-75.97471041,1.73224365
0.4,-9.72862999,0.83130124
0.5,-62.72542351,0.05776376
0.6,-92.46329741,0.22257067
0.7,9.68208163,0.82578939
0.8,-31.34266524,1.91233014
0.9,-62.50555476,1.41810173
1.0,-53.48833614,1.61286395
1.09391667,21.65178302,1.48005452
