segment,pitch,stretch
0.0,26.0154679,0.86626914
0.1,-81.78316815,1.8292062
0.2,24.8129191,0.11166618
0.3,-92.40862689,1.6321581
0.4,75.32531846,1.47340274
0.5,-66.35281637,0.8022413
0.6,-7.38230753,0.64841019
0.7,87.06226271,0.78666377
0.8,39.69275954,0.73828249
0.9,-78.28701329,1.08245488
1.0,-77.31255291,1.44296588
1.09391667,70.90825389,0.56236939
