segment,pitch,stretch
0.0,80.79953087,1.86526645
0.1,-1.75275742,1.92589165
0.2,12.73700345,1.47472052
0.3,-58.06023579,1.92992484
0.4,-93.68141032,1.20356957
0.5,-35.69500064,0.92496825
0.6,23.08040277,1.84550356
0.7,-73.54652945,0.83429079
0.8,43.65281286,0.04489088
0.9,99.54987208,1.24125202
1.0,85.80896401,1.39190792
1.09391667,7.78107645,0.20374713
