segment,pitch,stretch
0.0,38.44646754,1.34207659
0.1,-23.00340035,1.41404042
0.2,-30.61543139,1.49080674
0.3,99.83965835,0.72740359
0.4,-46.63956487,1.0197188
0.5,-59.37007197,0.62236458
0.6,82.40355982,1.36261766
0.7,-46.17826166,0.8547614
0.8,9.80730277,0.21399821
0.9,74.64832737,1.05176786
1.0,-39.17791416,0.6104539
1.09391667,-90.85337976,1.60893412
