segment,pitch,stretch
0.0,-32.38117679,1.9386571
0.1,-64.71485254,0.09408227
0.2,-18.01291226,0.88874753
0.3,-79.77518117,1.32217329
0.4,-61.15753939,0.99742331
0.5,5.43029515,0.11774982
0.6,-66.97873388,0.31317678
0.7,5.34490813,0.67167814
0.8,4.4190052,1.13014618
0.9,-81.7992949,1.16110431
1.0,16.85173502,1.02455086
1.09391667,68.10720927,1.2246775
