segment,pitch,stretch
0.0,-94.32956865,0.17232345
0.1,-54.44529308,0.63768668
0.2,41.27752313,0.54334699
0.3,-24.41011935,0.41814183
0.4,-17.86009113,0.83205575
0.5,70.96620098,1.38587001
0.6,-6.92588192,0.50257762
0.7,1.86567935,1.6396819
0.8,85.29780195,1.19491374
0.9,66.99714839,0.22376499
1.0,34.72052642,0.81945326
1.09391667,18.1862992,1.51337696
