segment,pitch,stretch
0.0,-13.52894965,0.65332196
0.1,-34.99957873,1.87717108
0.2,-21.40265814,1.13451342
0.3,-42.34898027,1.30632551
0.4,-7.21242164,1.3432327
0.5,17.61734953,1.54006945
0.6,-1.66241966,1.50501088
0.7,-36.07690291,1.48209283
0.8,-3.81325634,1.76315724
0.9,-34.91223396,1.8569822
1.0,-67.0356687,1.47066105
1.09391667,69.36414719,1.7499067
