segment,pitch,stretch
0.0,-98.30964243,0.81771725
0.1,-5.62970232,0.80248144
0.2,20.69990793,1.65272957
0.3,-4.68954038,0.79587507
0.4,-82.80499964,0.51843323
0.5,68.80297029,1.06630495
0.6,-24.62615081,0.85921764
0.7,-86.27878454,1.30572182
0.8,-88.66663155,0.67243508
0.9,8.97030431,0.68958588
1.0,-94.86018334,0.23451131
1.09391667,10.00961885,1.91010728
