segment,pitch,stretch
0.0,-36.48023157,0.55176247
0.1,-17.61338817,1.65861302
0.2,-51.57524938,0.62782429
0.3,-57.67169634,1.15733197
0.4,-45.04246972,0.58074534
0.5,86.8588591,1.30969463
0.6,-19.62051646,1.74894393
0.7,60.7133964,1.23441546
0.8,52.81660848,1.13072786
0.9,-71.2236391,0.61655986
1.0,-61.78017138,0.77540725
1.09391667,-60.86782653,0.19180019
