segment,pitch,stretch
0.0,-44.06496916,1.38059828
0.1,-1.73373059,0.79242211
0.2,-29.10510113,0.7213484
0.3,71.54582207,1.27323666
0.4,47.17920128,0.22557274
0.5,46.36925649,1.52280769
0.6,34.98575102,0.97358447
0.7,51.8668686,0.90127966
0.8,-35.42178409,0.86874685
0.9,-56.11776415,1.58446024
1.0,-44.79305263,1.51736237
1.09391667,37.72006641,0.71870831
