segment,pitch,stretch
0.0,-79.19298438,1.8278475
0.1,83.18398782,1.66141822
0.2,41.62817707,0.29384933
0.3,-63.57509965,0.14342966
0.4,84.76628996,1.0428664
0.5,10.12738943,1.69229155
0.6,-37.32432508,0.16574738
0.7,4.93485207,1.7490427
0.8,34.87911105,0.62073431
0.9,-39.85363935,0.72815791
1.0,34.81523129,1.27219327
1.09391667,72.77087749,1.22929628
