segment,pitch,stretch
0.0,-22.0137653,0.27160884
0.1,21.87420495,0.44150389
0.2,78.88032694,1.08191418
0.3,68.02596654,0.18142841
0.4,52.06150723,0.17455202
0.5,-15.64198183,1.88425449
0.6,-55.92218577,1.64687285
0.7,45.74926524,1.52678411
0.8,13.43145428,1.81629534
0.9,-40.59369693,0.8186826
1.0,14.2660924,0.36511419
1.09391667,62.05558257,1.38161287
