segment,pitch,stretch
0.0,72.77252021,1.14271188
0.1,22.60713343,1.41897374
0.2,30.91882808,1.73372854
0.3,-48.84223864,1.07065865
0.4,-29.82386042,0.5542197
0.5,82.48397831,0.65978179
0.6,-18.49396427,0.64487358
0.7,26.88567381,1.50533402
0.8,-18.34346668,1.51615031
0.9,10.06544583,0.11673085
1.0,-89.88083722,0.60775024
1.09391667,66.64968825,0.13627416
