segment,pitch,stretch
0.0,81.60451099,1.42215493
0.1,69.46138455,0.98392103
0.2,-58.94741441,0.41352977
0.3,47.06127128,1.65086881
0.4,65.59970746,1.1422101
0.5,-54.81254387,0.90438236
0.6,-23.99846478,1.18287515
0.7,58.62113859,1.34589403
0.8,-30.26167425,1.10757311
0.9,-80.60582802,1.70569805
1.0,81.56591992,0.16869321
1.09391667,1.5485392,0.32839145
