segment,pitch,stretch
0.0,0.27599318,1.85195662
0.1,61.54655284,0.01211705
0.2,-45.68438061,1.01527113
0.3,-56.50831868,0.58104245
0.4,15.2577286,0.36467608
0.5,-52.12017374,0.76758339
0.6,97.83272545,1.21313057
0.7,7.21834566,1.69539972
0.8,8.71902974,0.38171646
0.9,84.51998902,1.4848349
1.0,-21.50673836,0.84163241
1.09391667,68.90809966,0.34247873
