segment,pitch,stretch
0.0,54.56080353,0.32515428
0.1,-83.87228419,1.52115417
0.2,-61.53925714,0.25420302
0.3,-23.71141184,0.57547438
0.4,85.16808592,1.45332803
0.5,-4.98332447,0.76503735
0.6,10.34089151,0.14014492
0.7,-78.53726298,1.07694112
0.8,50.83234719,0.6442665
0.9,-4.0093207,0.01049254
1.0,-9.65462756,0.40097789
1.09391667,58.44851678,0.23650396
