segment,pitch,stretch
0.0,68.55754102,0.43315889
0.1,-7.26037981,0.25693118
0.2,92.88050494,0.63718224
0.3,-30.01198602,0.72589136
0.4,-12.83448782,1.41268703
0.5,95.18827309,1.68026213
0.6,76.69886181,1.35988865
0.7,-88.96581396,1.48925284
0.8,6.31748227,0.8159251
0.9,-93.23103284,0.71703188
1.0,52.23538248,0.37366583
1.09391667,80.6723105,0.06283904
