segment,pitch,stretch
0.0,-95.51114939,1.63535186
0.1,-44.73326339,1.6177623
0.2,86.94238373,0.65497932
0.3,62.89198917,1.58469953
0.4,61.79447234,1.31412999
0.5,-17.85583206,0.01127437
0.6,46.68097598,1.28486064
0.7,11.14385485,1.18855794
0.8,14.54716464,1.11974397
0.9,20.67291456,0.2762628
1.0,-77.15406541,1.27890635
1.09391667,25.21504883,0.35112304
