segment,pitch,stretch
0.0,26.56026625,0.58802825
0.1,-45.76742425,0.34012551
0.2,58.26038182,1.59409568
0.3,-41.91368618,1.45145116
0.4,51.82879955,1.12346348
0.5,-58.1814991,0.72614378
0.6,-6.21480863,0.0561304
0.7,-38.35463557,1.05027211
0.8,62.53471627,0.63772174
0.9,-5.88618506,0.79180252
1.0,-22.96620486,0.08952915
1.09391667,38.90401131,0.46969462
