segment,pitch,stretch
0.0,-44.33616139,0.73788807
0.1,44.35260019,1.74394891
0.2,-49.49233779,0.42488183
0.3,-85.34810724,1.67106469
0.4,28.63854814,1.81238123
0.5,67.28491477,1.08162705
0.6,56.85897208,1.34108587
0.7,-23.80647194,0.83894526
0.8,-34.73638316,0.08057135
0.9,-44.12670418,0.78361609
1.0,-49.9038669,1.89078492
1.09391667,-45.21232541,1.1409546
