segment,pitch,stretch
0.0,-0.71105911,1.19698802
0.1,-4.76372759,0.64302423
0.2,66.89870616,0.88986983
0.3,43.91062915,0.33391225
0.4,-57.8545691,0.78562285
0.5,-82.5179259,1.92178158
0.6,80.42837684,0.82903442
0.7,96.180933,0.59414127
0.8,17.6398549,1.2399684
0.9,-72.53927607,0.09321319
1.0,-51.27052229,0.68716523
1.09391667,16.38241645,1.81410855
