segment,pitch,stretch
0.0,-24.88703549,1.59716139
0.1,-32.78735509,1.94339053
0.2,11.78475046,0.07176258
0.3,-49.38675094,1.26590086
0.4,87.03858762,0.74193634
0.5,60.30502824,1.61552542
0.6,10.13311967,0.16579471
0.7,67.86345644,1.42366471
0.8,-60.17677271,1.14167702
0.9,12.98417217,1.59651853
1.0,49.25042129,1.95090435
1.09391667,-82.97566862,0.60671916
