segment,pitch,stretch
0.0,-51.94899703,0.42846165
0.1,-40.85786471,0.93876637
0.2,-13.56091334,1.78643125
0.3,13.09065144,1.47761109
0.4,-0.86453478,1.66653353
0.5,31.90721085,1.63856449
0.6,-27.60460343,1.17540335
0.7,85.79516825,1.60236138
0.8,83.05957198,0.96737739
0.9,-61.83196055,1.42758327
1.0,-69.67221927,0.19704513
1.09391667,4.62166255,0.91556812
