segment,pitch,stretch
0.0,-72.12984017,0.26945128
0.1,8.19812644,1.01925784
0.2,78.6546888,1.32918217
0.3,-30.04278384,0.63536527
0.4,-12.36369755,1.19436668
0.5,70.67382026,0.3289366
0.6,-56.34929952,1.40732185
0.7,-58.84895788,0.91014899
0.8,-57.8473435,0.89824174
0.9,74.00200547,0.75928312
1.0,14.31080133,1.3591553
1.09391667,52.36561827,1.12113776
