segment,pitch,stretch
0.0,25.58821978,1.29707378
0.1,7.03087627,0.49566701
0.2,-15.91116386,0.43385518
0.3,-10.18288773,0.30166849
0.4,-1.03622481,0.40418484
0.5,7.08237834,0.97614875
0.6,-65.85616389,0.50782257
0.7,61.11432003,1.26334363
0.8,62.35570806,1.6928405
0.9,64.93681849,1.97714506
1.0,-37.74920533,1.10059348
1.09391667,-81.90690998,1.23409369
