segment,pitch,stretch
0.0,-8.91567992,0.90906845
0.1,-2.81052192,1.82277729
0.2,0.93987988,1.85575617
0.3,-44.0664777,0.198144
0.4,12.64172921,0.31833397
0.5,38.10396852,0.16370317
0.6,51.1275002,0.48830507
0.7,-51.72089694,0.59724282
0.8,-22.89469136,0.45798431
0.9,55.14015253,1.24461858
1.0,69.89984763,1.33195334
1.09391667,7.83521283,1.92068406
