segment,pitch,stretch
0.0,38.31421616,0.40317625
0.1,-0.24395343,1.41770308
0.2,-30.85408012,0.82154239
0.3,73.34311783,1.53285595
0.4,-91.5837752,0.89318017
0.5,57.97712299,1.16313419
0.6,6.73272041,0.62969855
0.7,-3.5280389,1.12563056
0.8,-53.89604604,0.39704544
0.9,42.44442799,0.50354627
1.0,-51.31943535,0.66246368
1.09391667,-10.15737525,0.25441039
