segment,pitch,stretch
0.0,78.22774345,0.75991229
0.1,-96.8523275,0.99773413
0.2,-34.50555451,0.56874377
0.3,-68.33010748,0.94740887
0.4,1.3176975,0.15689837
0.5,-22.85405384,0.63882757
0.6,31.97819163,1.98432361
0.7,-68.8879522,1.01055426
0.8,-81.63258435,1.54899678
0.9,27.36842189,1.56798589
1.0,-14.86787672,0.94191973
1.09391667,-20.30845266,1.60145533
