segment,pitch,stretch
0.0,91.86272704,0.9386026
0.1,-44.43630423,0.33540843
0.2,72.37874658,1.56241731
0.3,-59.64407805,1.95211947
0.4,3.98283537,1.78538666
0.5,-96.02756859,1.14694298
0.6,-93.99408703,0.91873994
0.7,-23.90252883,0.98699904
0.8,-21.6037345,0.66470347
0.9,5.15930496,0.74579671
1.0,-88.86892037,1.08133319
1.09391667,6.8489947,0.0772073
