segment,pitch,stretch
0.0,50.65373777,1.66186365
0.1,90.51346558,0.51528757
0.2,-3.41025776,1.39494677
0.3,79.17419675,0.6474703
0.4,-50.25718644,0.6204281
0.5,46.55817424,0.42566736
0.6,-17.22874602,0.08592081
0.7,33.77400964,0.74713982
0.8,27.87922438,1.1744845
0.9,-62.41006325,0.06945236
1.0,-38.19594807,1.4856768
1.09391667,-79.50097589,1.99616285
