segment,pitch,stretch
0.0,33.66524903,1.53800397
0.1,97.98351088,1.15872761
0.2,11.9794117,0.81425559
0.3,29.55885348,0.88028101
0.4,24.59728939,1.88326834
0.5,59.2279724,1.09723956
0.6,3.25949038,0.83602582
0.7,-26.79620766,0.3704665
0.8,98.3282455,0.87153578
0.9,-78.7239126,1.50300547
1.0,20.12137035,0.75356499
1.09391667,-43.42156432,1.92538482
