segment,pitch,stretch
0.0,85.08589672,0.35806768
0.1,-31.38715876,1.30312729
0.2,12.76761621,0.13135106
0.3,-84.09112809,1.10001243
0.4,-35.65738205,0.09400181
0.5,-1.3575127,1.62804367
0.6,28.50579554,0.86420495
0.7,-64.0196403,0.86051542
0.8,-12.66471897,1.59602975
0.9,33.09789324,1.84870637
1.0,96.55876506,1.74532524
1.09391667,86.66414538,1.19425471
