segment,pitch,stretch
0.0,-83.93501444,0.85151873
0.1,88.09879619,0.93284173
0.2,-88.94573115,0.56585091
0.3,-19.78587184,1.66708848
0.4,69.53650184,0.92160414
0.5,-12.80260332,0.96478354
0.6,37.86483682,0.12392918
0.7,20.748183,0.94784748
0.8,68.31338511,0.83939678
0.9,-95.26136032,1.67634699
1.0,60.98745535,1.66934281
1.09391667,-4.34526385,1.1076262
