segment,pitch,stretch
0.0,-76.85094523,0.20458554
0.1,94.91365435,0.06228827
0.2,32.9651173,1.08516977
0.3,97.44139815,1.03608724
0.4,-92.85161712,1.39749402
0.5,-28.41231643,0.64758682
0.6,19.38479245,0.95032341
0.7,49.58285772,1.2742538
0.8,92.79445105,1.48392176
0.9,-51.23747257,0.56445321
1.0,-16.84554087,1.53283339
1.09391667,-72.32540524,1.57768455
