segment,pitch,stretch
0.0,-72.77248659,0.8900907
0.1,-16.3777023,0.59416925
0.2,-54.89367252,1.27689755
0.3,-94.61910998,0.70275331
0.4,-16.43986335,1.42732001
0.5,22.95549902,0.51357734
0.6,-38.50046808,1.78706659
0.7,94.4546569,0.51196802
0.8,-37.64043119,0.29950004
0.9,48.39030237,0.69158189
1.0,-45.26638295,0.28421865
1.09391667,-45.55554074,1.42591163
