segment,pitch,stretch
0.0,91.23085556,0.82413934
0.1,-15.55826488,0.35004659
0.2,12.35940028,1.21560266
0.3,-0.93203898,1.75278196
0.4,98.55638555,1.03675584
0.5,89.84667018,1.84604412
0.6,61.88853531,0.6105869
0.7,19.66566337,1.77513514
0.8,-99.77897317,0.3232423
0.9,-24.29755532,0.91185212
1.0,67.47807651,1.75020631
1.09391667,13.49034132,1.09867425
