segment,pitch,stretch
0.0,-29.9472328,1.28534899
0.1,35.33010824,1.03908978
0.2,-3.45968041,1.26033893
0.3,59.06456756,0.39463808
0.4,98.23949624,0.21276087
0.5,-1.48270349,0.25205409
0.6,-1.72219507,0.58596557
0.7,12.69106909,1.49088879
0.8,-21.74180351,1.5225112
0.9,-33.92370757,0.13189423
1.0,37.93162517,0.89918189
1.09391667,-90.75179354,1.07142866
