segment,pitch,stretch
0.0,2.24171654,0.54683967
0.1,-47.25901686,1.92392168
0.2,-45.6229367,0.88546949
0.3,-66.26500136,1.41106585
0.4,13.126007,1.87683818
0.5,-55.3162329,1.08870848
0.6,-44.94887053,0.98346159
0.7,21.08483531,0.45031197
0.8,-37.88434209,1.40044514
0.9,4.20371748,0.75112893
1.0,80.65582765,0.77181744
1.09391667,87.33082059,0.38922024
