segment,pitch,stretch
0.0,-58.43899918,1.31887323
0.1,91.54551443,1.19326366
0.2,-72.76331238,1.15507306
0.3,98.66983591,1.15408068
0.4,30.89695447,1.80966351
0.5,95.21036015,0.8568389
0.6,38.34251154,0.52507159
0.7,53.37022057,1.38987598
0.8,64.27718414,1.91003383
0.9,-47.15745764,1.62420327
1.0,61.31789033,1.95831122
1.09391667,-28.29544228,0.95794745
