segment,pitch,stretch
0.0,37.48457567,1.4207367
0.1,-37.02244062,1.31079647
0.2,-24.69283161,0.99381913
0.3,-46.06023598,1.92885953
0.4,-42.84074597,1.90853779
0.5,74.27862476,0.2569717
0.6,-8.30998961,0.19374483
0.7,58.9564601,1.09057025
0.8,-5.32034309,1.33389295
0.9,26.74044499,0.56327367
1.0,-18.64517926,0.75332902
1.09391667,58.46936922,0.45071064
