segment,pitch,stretch
0.0,-60.45158089,1.67384998
0.1,9.53392367,1.95158047
0.2,75.34484554,0.15197486
0.3,-77.95617505,1.81249974
0.4,45.13912589,1.69970503
0.5,-50.515313,0.99652043
0.6,9.32431964,0.79094839
0.7,-34.09762813,1.33338821
0.8,-21.66012002,1.37263534
0.9,-34.25563526,0.62767279
1.0,63.7959229,1.72608881
1.09391667,-58.04833316,0.85441877
