segment,pitch,stretch
0.0,51.0629149,0.92872816
0.1,-20.11660717,1.09197178
0.2,-24.08850376,1.28516423
0.3,-31.42467522,0.67196706
0.4,53.01415625,0.26298551
0.5,-45.18749729,0.832552
0.6,75.22262363,0.94238773
0.7,53.71694776,0.97166455
0.8,-31.94049291,0.24504
0.9,64.49384663,1.54934709
1.0,-87.57862232,0.71675997
1.09391667,-93.26487386,1.21108184
