segment,pitch,stretch
0.0,-41.6388758,1.40170403
0.1,-11.25355895,0.13720713
0.2,29.06457521,0.8768091
0.3,33.43535693,0.4792802
0.4,-80.91767575,1.34026296
0.5,27.23293816,0.71042457
0.6,37.31603404,1.12917353
0.7,-20.25902841,1.54130177
0.8,91.76121844,1.57938519
0.9,18.10072646,1.51480287
1.0,-34.91216452,1.85110037
1.09391667,73.01340773,0.29889363
