segment,pitch,stretch
0.0,78.46017663,1.67482732
0.1,78.89990628,0.94697422
0.2,1.22121352,1.07367108
0.3,-13.66512032,0.83871506
0.4,59.78772349,1.95413199
0.5,33.72988184,1.09413462
0.6,-23.35963014,0.42330202
0.7,8.84013909,1.69590524
0.8,-91.65457131,0.02701352
0.9,-19.77683044,1.37794046
1.0,93.0408658,1.99856472
1.09391667,-46.92339825,0.84923666
