segment,pitch,stretch
0.0,-3.64613535,1.37294904
0.1,86.84394447,1.4753173
0.2,48.90447279,1.11933896
0.3,81.52724945,0.74342717
0.4,38.37028175,1.29789975
0.5,-1.05640966,0.71005602
0.6,92.75218552,1.1127111
0.7,25.6384544,0.88036435
0.8,39.31857394,0.01207507
0.9,-39.8545052,1.55647861
1.0,-46.14237673,1.32252767
1.09391667,4.92972848,1.12126405
