segment,pitch,stretch
0.0,20.93448877,0.48820712
0.1,74.90549066,0.80562581
0.2,79.35216778,1.19822254
0.3,-10.62506754,1.60128914
0.4,6.33564747,0.01319764
0.5,90.41443979,1.72553046
0.6,-60.57880503,1.2547609
0.7,9.86229071,0.74830712
0.8,-45.57695026,0.71080767
0.9,4.80419962,0.83933205
1.0,49.35310044,0.24394342
1.09391667,82.63345718,0.9569793
