segment,pitch,stretch
0.0,-44.55388373,1.29710548
0.1,-6.72313799,1.06558485
0.2,79.06263513,1.64594706
0.3,-55.67409496,0.52101608
0.4,-98.00845055,1.47445199
0.5,11.95490186,0.94544277
0.6,61.24554038,1.90306494
0.7,22.84997393,1.15810732
0.8,-43.41021729,0.26889852
0.9,-0.66438627,1.02983536
1.0,97.92538247,1.13790703
1.09391667,-73.561514,0.97073961
