segment,pitch,stretch
0.0,54.89445194,0.75029311
0.1,-13.90675493,1.75887389
0.2,17.54151592,1.84695168
0.3,-21.79257769,0.96071145
0.4,55.10787635,1.22566663
0.5,-57.13962404,1.94059393
0.6,-5.37289715,0.52219194
0.7,27.40236622,0.9142424
0.8,12.19670027,1.75067757
0.9,91.20271112,0.7385059
1.0,89.17036871,1.92412986
1.09391667,50.36439179,0.79240238
