segment,pitch,stretch
0.0,71.09666265,1.09569192
0.1,-38.93956525,1.65684188
0.2,-48.61950395,0.44216952
0.3,33.39514041,1.72758961
0.4,18.24180048,1.46257927
0.5,-45.85953695,1.53730542
0.6,-0.32699599,1.28818555
0.7,-32.78716597,1.19414744
0.8,-37.9267269,1.01923165
0.9,24.21331247,1.67441048
1.0,-31.33871225,1.88948336
1.09391667,-77.74283174,1.81428343
