segment,pitch,stretch
0.0,-42.73609053,0.70277484
0.1,-54.26462218,1.15657561
0.2,4.14591437,0.91169634
0.3,27.62308209,0.71232504
0.4,38.57198708,1.23589102
0.5,80.21422515,0.15679007
0.6,73.99870372,0.18969614
0.7,-75.83334389,0.50055959
0.8,62.20160473,1.57461742
0.9,4.13787027,1.20431491
1.0,54.01825885,1.24355935
1.09391667,93.31828501,1.36043281
