segment,pitch,stretch
0.0,61.20375749,0.85142229
0.1,-16.1857947,0.85767155
0.2,6.11258798,0.88844778
0.3,95.92721012,1.39275841
0.4,93.14129024,1.52098415
0.5,-89.55913941,1.55322116
0.6,57.55264462,0.8538103
0.7,31.50273718,0.01301989
0.8,14.91560265,1.48414579
0.9,73.92386032,0.86811695
1.0,71.81694375,1.48550262
1.09391667,86.11531977,1.24176268
