segment,pitch,stretch
0.0,-1.3381573,0.84142087
0.1,58.15701777,0.45178491
0.2,8.11788849,1.20075359
0.3,44.39731413,0.65328865
0.4,-87.54788147,0.96835908
0.5,-93.25195843,0.53512631
0.6,93.45473079,1.66257619
0.7,47.10175622,1.10602602
0.8,40.24548325,0.88440787
0.9,26.99431972,1.16792169
1.0,23.18417948,1.44045273
1.09391667,1.05655255,0.83626501
