segment,pitch,stretch
0.0,92.28677649,0.81523353
0.1,-12.9582866,0.40862617
0.2,-98.82534689,0.64915378
0.3,-63.08847482,1.66113288
0.4,92.88960715,0.52783471
0.5,40.59705886,0.06151942
0.6,-76.45051274,0.90334042
0.7,-92.98382241,0.974558
0.8,-79.17872568,1.86712718
0.9,63.6003007,1.75794987
1.0,-21.46486279,1.76155667
1.09391667,94.02075741,1.61274026
