segment,pitch,stretch
0.0,43.54674573,1.38359874
0.1,-68.74197722,1.64152579
0.2,-23.84581235,1.16928597
0.3,-72.86002473,0.86357206
0.4,-35.27978776,0.73652759
0.5,-2.08559415,0.11615926
0.6,-68.55515823,0.96374449
0.7,-32.41040243,1.00194659
0.8,43.35004903,0.5470064
0.9,-2.04848196,0.25999945
1.0,6.21691759,0.37115798
1.09391667,-62.57800707,1.34941772
