segment,pitch,stretch
0.0,-33.4332198,0.62790478
0.1,-18.78825339,1.4036751
0.2,20.20417282,0.86896148
0.3,-7.9077668,1.06787362
0.4,36.31992416,1.90188001
0.5,37.81237311,1.25658589
0.6,32.61553446,1.46381777
0.7,-19.47769131,1.6099544
0.8,27.26473458,0.97421346
0.9,-27.81368084,1.81429346
1.0,-84.08642127,0.55055727
1.09391667,-61.91167259,0.88239537
