segment,pitch,stretch
0.0,81.48477159,0.74240463
0.1,-89.60480044,0.55858717
0.2,34.01203533,0.25858635
0.3,-53.73578063,0.09361457
0.4,84.54249603,1.33981299
0.5,-37.49389681,0.4736205
0.6,15.30386948,0.19064795
0.7,-61.92265371,0.85022642
0.8,-8.76713856,0.89668703
0.9,-10.35003035,0.92354333
1.0,30.44811047,0.32093747
1.09391667,58.404663,0.85640019
