segment,pitch,stretch
0.0,-10.19485028,1.28314202
0.1,-62.4912138,1.44892478
0.2,56.79130636,0.62092799
0.3,3.41179192,1.28353317
0.4,-80.2215644,1.45288086
0.5,-90.45848629,1.10334306
0.6,6.2395523,0.6890166
0.7,44.03110365,0.08579582
0.8,32.75346015,1.94514676
0.9,-87.8039942,1.1771082
1.0,-97.59106416,1.63352455
1.09391667,-59.44446254,1.47532635
