segment,pitch,stretch
0.0,15.97763116,1.94177241
0.1,-13.3847134,0.74015027
0.2,-29.63675022,0.26772348
0.3,-94.12252117,0.24482628
0.4,37.44404644,0.73676391
0.5,-13.47562993,0.3869803
0.6,28.72077468,0.62582606
0.7,-25.31213713,0.50244213
0.8,12.33791488,0.1260874
0.9,1.56732473,0.8031848
1.0,-29.87361041,1.5387452
1.09391667,9.56042619,0.69389389
