segment,pitch,stretch
0.0,76.42112213,1.57802926
0.1,-97.95203426,1.29835175
0.2,-59.82746333,0.53636504
0.3,-13.48573522,1.2021667
0.4,81.29973607,1.41426839
0.5,41.3671656,1.60295296
0.6,-85.98514438,0.58159358
0.7,57.90232239,0.76199649
0.8,-95.60547231,0.54097795
0.9,17.13362758,0.00538706
1.0,46.54539843,0.3060589
1.09391667,43.78720367,1.39576853
