segment,pitch,stretch
0.0,85.23778605,0.25362511
0.1,-65.052425,0.70835512
0.2,94.1080223,1.56739435
0.3,60.75067227,0.57882882
0.4,82.36087021,1.03820214
0.5,-1.2973795,0.49027556
0.6,-58.39763813,0.28856178
0.7,58.2192584,1.06997695
0.8,-34.88970136,1.42411309
0.9,58.73036873,1.57990687
1.0,-83.0394786,0.97655658
1.09391667,11.79606421,1.49131796
