segment,pitch,stretch
0.0,-10.64404417,0.39733036
0.1,-35.40818129,1.17761209
0.2,83.59292759,0.75132377
0.3,-40.30907773,0.9903314
0.4,-61.47705422,1.4462142
0.5,73.77462927,1.48079401
0.6,-33.57926845,1.0256948
0.7,4.64440908,1.03411727
0.8,-17.22893219,1.52402725
0.9,7.65230973,0.08305717
1.0,91.77034013,1.30692687
1.09391667,29.53486649,1.30233828
