segment,pitch,stretch
0.0,-24.42637315,0.62540921
0.1,47.77288594,1.22625666
0.2,-50.36782497,1.26348183
0.3,2.2842979,0.25528387
0.4,-15.6809061,0.91288523
0.5,12.92206519,1.75475855
0.6,58.2816769,1.62969237
0.7,48.23099815,0.00541247
0.8,-72.65138159,0.94746335
0.9,22.56578389,0.25544392
1.0,5.8175855,1.63729526
1.09391667,54.85953581,1.97415754
