segment,pitch,stretch
0.0,62.7654015,0.64461989
0.1,72.90081021,0.87486851
0.2,-27.13813981,0.76068215
0.3,46.15025154,1.07697628
0.4,82.82691944,1.41242613
0.5,-11.77094526,0.34527471
0.6,7.10565833,1.49976623
0.7,95.94707331,0.60499577
0.8,45.63799677,1.54166411
0.9,-92.00814549,0.43181907
1.0,63.89035204,1.01946416
1.09391667,2.5390803,1.42183406
