segment,pitch,stretch
0.0,57.16640714,0.48953769
0.1,74.54839728,1.15474794
0.2,95.75678202,1.06369724
0.3,39.99051632,0.94070076
0.4,-6.66803256,0.05995963
0.5,-11.42556478,0.94038212
0.6,-61.08204703,1.30766084
0.7,-47.00718825,1.96472455
0.8,-62.88052724,0.35350446
0.9,-55.43761186,0.65278216
1.0,-25.22707532,1.06452254
1.09391667,72.94956576,0.49293676
