segment,pitch,stretch
0.0,-76.54232622,1.69452202
0.1,23.75797542,0.94155674
0.2,-82.53055468,0.70353207
0.3,19.65476927,1.42331271
0.4,-55.81107988,1.11334266
0.5,73.24574297,1.34927457
0.6,-22.29926161,0.26375751
0.7,-11.91242057,0.63100518
0.8,-33.99896833,0.22145521
0.9,32.30473406,0.69052847
1.0,68.10745133,1.32352728
1.09391667,-22.82824608,0.79605757
