segment,pitch,stretch
0.0,-1.5072561,0.91946401
0.1,39.79014661,1.39592101
0.2,58.76846959,0.5487596
0.3,28.54889901,1.20778852
0.4,-74.34288484,0.05870568
0.5,7.94862856,1.40576818
0.6,75.96899765,0.56511458
0.7,20.32286843,0.44257477
0.8,6.51139675,0.97037601
0.9,95.873103,1.4916368
1.0,76.48547212,1.12595485
1.09391667,42.88935731,1.31879984
