segment,pitch,stretch
0.0,94.92487397,1.16173124
0.1,46.60086456,0.28146868
0.2,-85.09682287,1.34805144
0.3,61.23591388,0.20054267
0.4,-87.76590316,1.28124808
0.5,-26.78505593,0.75335144
0.6,79.97771783,0.06187073
0.7,-52.5823066,0.9449402
0.8,-50.02012697,0.10878198
0.9,92.54545653,1.66426768
1.0,-31.99180963,1.44792205
1.09391667,16.04001658,0.58420497
