segment,pitch,stretch
0.0,-96.58356516,1.19663116
0.1,53.33507439,0.02049529
0.2,23.26881474,0.86701839
0.3,89.03249778,0.68926078
0.4,-38.82793041,0.60287098
0.5,-36.66004779,1.21623164
0.6,67.28889671,0.80619928
0.7,-0.40239481,0.32656555
0.8,-91.46427785,1.24233336
0.9,42.06624713,0.88095947
1.0,-44.58654352,1.51580141
1.09391667,65.09222406,0.37134413
