segment,pitch,stretch
0.0,42.39797886,1.50616235
0.1,-36.07857938,0.54303847
0.2,-66.49689514,0.95347503
0.3,52.41013344,1.62003629
0.4,60.05478812,1.61647939
0.5,-4.62250103,0.17410512
0.6,-80.28349147,0.43268803
0.7,83.57222547,0.08104601
0.8,7.4922518,1.61489209
0.9,-18.57317231,0.08012208
1.0,-60.66079691,0.76901301
1.09391667,37.22949989,1.86046092
