segment,pitch,stretch
0.0,-23.72821767,0.96911452
0.1,7.29471696,0.40121138
0.2,-58.55005371,1.15410482
0.3,77.0504256,1.91400861
0.4,87.29275565,0.05830067
0.5,-70.9646192,0.87176087
0.6,72.82743185,0.23371631
0.7,-40.27439915,1.66198616
0.8,-15.91396931,0.22492459
0.9,27.40014094,0.55757982
1.0,-13.69917785,1.15387827
1.09391667,26.78237701,1.85526867
