segment,pitch,stretch
0.0,-6.98483794,0.74998418
0.1,-19.91361353,1.44180771
0.2,78.11411012,1.86148363
0.3,31.9686312,0.29878934
0.4,59.3000475,0.70934132
0.5,-70.43888588,1.90119169
0.6,-20.07366552,0.76680768
0.7,-55.63699673,0.42211173
0.8,-98.18697012,0.44483448
0.9,13.89215317,1.66618929
1.0,-7.40212614,0.443528
1.09391667,28.56237553,1.27514236
