segment,pitch,stretch
0.0,34.23496856,1.52890361
0.1,81.31064479,1.93705935
0.2,-60.40458615,0.69433094
0.3,-62.54980461,1.53772514
0.4,-12.36553538,1.78596087
0.5,-34.77582481,1.63079743
0.6,-96.13838061,0.34418859
0.7,-24.06724676,0.7060728
0.8,-21.80988158,1.36877557
0.9,25.64503309,0.99980175
1.0,-38.18547527,1.47729865
1.09391667,-68.93519132,0.6697003
