segment,pitch,stretch
0.0,68.40782596,0.52957209
0.1,41.58379148,1.67320718
0.2,63.04378759,1.31144487
0.3,12.39470235,1.11254506
0.4,-38.69600303,0.57972705
0.5,-51.98957982,0.30651039
0.6,90.7945682,0.45858619
0.7,40.67115675,1.55641423
0.8,34.01498334,1.01642962
0.9,-88.26662934,0.95850402
1.0,-41.35685221,0.70833558
1.09391667,-27.43470179,0.55678167
