segment,pitch,stretch
0.0,60.63219511,0.54338949
0.1,-12.18568345,0.21495144
0.2,23.58983997,0.44775719
0.3,-59.19633042,1.56952392
0.4,-43.20945626,0.76217709
0.5,-32.55639825,1.99954478
0.6,-3.49407884,0.09545273
0.7,91.66463762,1.65140919
0.8,-80.14131412,1.37862303
0.9,86.26968254,1.5118574
1.0,-20.69851377,0.21342111
1.09391667,-11.06601383,1.19470184
