segment,pitch,stretch
0.0,-16.89000739,1.36645613
0.1,13.88621899,0.22689892
0.2,19.5320734,0.7498897
0.3,77.5555311,0.5439009
0.4,-1.54182751,1.43453656
0.5,-50.64945855,1.75844179
0.6,-35.36321005,1.54599597
0.7,-43.62157267,0.6923522
0.8,3.96205992,0.7002794
0.9,54.24324678,1.06972568
1.0,76.68152807,1.30720641
1.09391667,-97.15661366,0.50703606
