segment,pitch,stretch
0.0,-30.80596233,1.80753385
0.1,81.43519329,0.97833747
0.2,0.15400576,1.3926845
0.3,-28.81783402,1.42545381
0.4,-61.37671682,0.1849233
0.5,91.85520167,1.35548931
0.6,-31.54320731,1.15661389
0.7,-13.97670537,1.66148537
0.8,70.42044267,1.4780344
0.9,-90.04203145,1.37692841
1.0,-39.83004077,0.38948234
1.09391667,-14.25442636,1.25473686
