segment,pitch,stretch
0.0,-28.55246959,0.34827421
0.1,-59.77879939,1.97158185
0.2,2.26003832,1.72673863
0.3,-92.4918711,1.89863573
0.4,9.61640334,0.88005593
0.5,41.99109137,0.43110597
0.6,-61.89931175,0.53238875
0.7,-44.26761436,1.80705755
0.8,64.04805114,0.17311477
0.9,-1.378942,0.39040882
1.0,15.99079472,1.45544499
1.09391667,-36.72459502,0.54722728
