segment,pitch,stretch
0.0,-79.4269128,0.17316108
0.1,-42.40916555,0.86989438
0.2,84.72383025,1.02258728
0.3,-35.54848219,0.92677034
0.4,-35.20052766,0.70533019
0.5,57.63879902,1.77292228
0.6,-50.34738089,1.28323574
0.7,35.50935182,1.91968405
0.8,-13.54053645,1.52549813
0.9,38.29355396,1.27055267
1.0,-90.75099287,0.7500836
1.09391667,11.78460722,0.69644161
