segment,pitch,stretch
0.0,-39.30636168,1.80624949
0.1,-97.6674904,0.47182227
0.2,64.09122161,0.70971527
0.3,75.88571101,0.05116828
0.4,-88.52762731,1.76085876
0.5,82.62720899,0.52858011
0.6,-76.34366579,0.11108823
0.7,-8.69440278,1.51710045
0.8,-70.02409217,1.27546604
0.9,57.25294742,0.25600017
1.0,-12.57900879,0.70194387
1.09391667,58.69693709,0.08256398
