segment,pitch,stretch
0.0,19.45977217,0.84483281
0.1,-80.07863209,1.28415243
0.2,45.52554026,0.42013726
0.3,15.52716044,0.73216184
0.4,-83.05812581,0.68838287
0.5,-71.84540183,1.12855875
0.6,-43.21972941,1.19871165
0.7,24.79128716,1.34030412
0.8,-16.02759849,0.99943393
0.9,5.32070927,1.01667004
1.0,41.16408732,1.52152501
1.09391667,45.49028899,0.12802686
