segment,pitch,stretch
0.0,34.16652782,1.17233757
0.1,-54.30241254,0.18073836
0.2,68.49127604,0.50191646
0.3,-13.36842793,1.67378041
0.4,44.07944523,1.50905301
0.5,-89.72603501,0.15702334
0.6,-81.86028748,1.34472247
0.7,-91.3095106,1.62088857
0.8,98.81807411,0.94454058
0.9,-68.88676759,0.56012654
1.0,72.77796498,0.62880925
1.09391667,55.96804174,1.11353678
