segment,pitch,stretch
0.0,-0.56370029,1.601019
0.1,-99.91896683,1.02479774
0.2,71.91666298,1.56428022
0.3,5.93440056,1.41456241
0.4,30.6659702,1.90457562
0.5,50.2345252,1.04545234
0.6,26.80081253,1.05575336
0.7,57.01154581,1.40636518
0.8,-79.56021694,1.56161819
0.9,19.7734095,0.61190755
1.0,24.01737707,0.77515613
1.09391667,-71.48633622,1.93548934
