segment,pitch,stretch
0.0,22.01202895,1.18568215
0.1,84.85911905,1.27730104
0.2,6.76803646,1.88343212
0.3,-12.31334731,1.70516568
0.4,-5.3812793,1.21188584
0.5,-39.12372131,1.55365309
0.6,-19.59187687,1.67380265
0.7,30.09174406,1.67954719
0.8,12.21299005,1.45293932
0.9,-30.98849923,1.42118442
1.0,-66.88783357,1.84946345
1.09391667,-47.66173225,1.44146986
