segment,pitch,stretch
0.0,34.32682043,0.82312646
0.1,-35.22347769,0.84965345
0.2,15.69043139,0.84607348
0.3,-71.83777825,0.55995079
0.4,-96.81426106,0.51635348
0.5,-51.15803827,1.6072313
0.6,-12.70248505,1.25349503
0.7,-30.75730157,1.4731344
0.8,-5.0022938,0.28621328
0.9,41.07030003,0.95942448
1.0,-5.319412,0.2847469
1.09391667,43.01251996,0.4938404
