segment,pitch,stretch
0.0,-41.6717185,1.35571263
0.1,80.2291893,0.51147984
0.2,-71.0140068,0.41951934
0.3,-90.64066123,0.6442562
0.4,-6.53332233,0.98522539
0.5,-9.32979117,0.92132945
0.6,53.89735235,1.4753131
0.7,-63.4364313,0.11499708
0.8,-96.19547901,1.03841664
0.9,-36.41686224,1.94583411
1.0,99.46412477,0.65545153
1.09391667,17.36040502,1.59979165
