segment,pitch,stretch
0.0,-75.11512177,0.5802678
0.1,-76.73255409,0.63510207
0.2,-22.8093588,1.68265606
0.3,52.97738113,1.3480606
0.4,-48.45234216,1.82238625
0.5,-73.13735188,1.51063726
0.6,-46.97684059,1.0243353
0.7,-71.08749695,1.81300466
0.8,63.11648415,1.10665048
0.9,33.70639775,0.26575263
1.0,39.70734852,1.65404894
1.09391667,-93.86026271,1.66618104
