segment,pitch,stretch
0.0,-40.74145274,1.68424793
0.1,73.1709151,1.15723577
0.2,-76.97322172,0.16061562
0.3,-33.73958817,0.71161921
0.4,-60.0926115,0.40520901
0.5,17.46588089,1.58164625
0.6,74.1182297,0.61549977
0.7,96.50181715,1.28562209
0.8,72.92112675,0.3725745
0.9,-4.13482892,0.83114042
1.0,68.85388576,1.94100595
1.09391667,-59.51051487,0.22020615
