segment,pitch,stretch
0.0,77.25836123,0.87207269
0.1,4.96687677,0.90240888
0.2,-69.63893361,0.25644456
0.3,36.13476154,0.86696527
0.4,29.93419476,1.70387716
0.5,-71.22267205,1.80144796
0.6,-30.36103617,0.29401729
0.7,-14.05066862,1.14442321
0.8,21.39979207,1.80586802
0.9,0.74742826,1.77494895
1.0,44.77375782,0.36146727
1.09391667,-66.5594785,1.85294654
