segment,pitch,stretch
0.0,-0.52164664,0.76048058
0.1,-87.40194418,1.46601293
0.2,-52.79027246,1.17311431
0.3,-48.86802506,0.52190861
0.4,81.82701326,0.75360033
0.5,-49.36038243,0.57280926
0.6,60.40718162,1.08660509
0.7,23.14241749,1.00122778
0.8,6.00272562,0.93136252
0.9,-33.15203134,1.24898943
1.0,87.44378179,1.94648397
1.09391667,-36.11997575,0.88926449
