segment,pitch,stretch
0.0,41.17268037,0.12012262
0.1,39.43055099,1.02753784
0.2,18.17307199,1.36643436
0.3,2.1288608,1.78617089
0.4,14.16848378,0.39713516
0.5,-31.43837624,1.5313636
0.6,46.37345031,1.20655285
0.7,58.75582509,0.16880901
0.8,23.78862253,0.30409425
0.9,-4.2911947,1.28329421
1.0,-43.40891041,0.17704904
1.09391667,16.25522825,0.66899263
