segment,pitch,stretch
0.0,49.57787404,1.32411669
0.1,18.07857637,1.28938823
0.2,-4.95603362,1.776944
0.3,-9.7553448,0.84910797
0.4,61.69368854,1.3085087
0.5,50.12830069,1.88982163
0.6,61.18653055,1.48457271
0.7,14.45494157,1.24491043
0.8,-10.6333814,0.24786477
0.9,-91.12009128,0.10794868
1.0,-92.0599703,0.66722176
1.09391667,65.42121395,1.367479
