segment,pitch,stretch
0.0,-89.46926799,1.93205848
0.1,-21.95760647,0.52539253
0.2,51.54638902,0.25359823
0.3,-19.59460838,0.46642282
0.4,-80.65157181,0.25879931
0.5,13.46564549,0.54774352
0.6,-1.99224774,1.89783447
0.7,96.26030273,0.46572744
0.8,-75.70856073,0.69184565
0.9,40.78035579,1.20488206
1.0,3.65984432,1.22997803
1.09391667,-26.98513255,1.99403249
