segment,pitch,stretch
0.0,-77.74446326,0.58310938
0.1,-2.03843579,1.55300385
0.2,-96.88873428,1.96337639
0.3,-65.26537264,1.90170473
0.4,20.10074667,1.92179136
0.5,61.35543997,1.23988027
0.6,65.65951244,0.8779329
0.7,78.35949412,1.06874401
0.8,39.47708972,1.24831936
0.9,-39.43243223,0.13883645
1.0,-6.34452472,0.71986461
1.09391667,-41.95684031,1.1315232
