segment,pitch,stretch
0.0,-37.70671017,1.74884561
0.1,-51.92629572,0.91942072
0.2,93.98068105,1.59964549
0.3,-51.39932121,1.12825203
0.4,95.80116655,1.21219761
0.5,54.2507311,1.26026343
0.6,20.30160244,1.5757537
0.7,55.46646904,0.16664365
0.8,-44.46613041,1.11726469
0.9,32.26226525,1.53816652
1.0,94.05472838,0.62126972
1.09391667,42.98878145,0.46411799
