segment,pitch,stretch
0.0,-22.3598959,0.75499894
0.1,82.81767229,1.61294131
0.2,64.75592146,0.96857287
0.3,38.64105246,1.31710082
0.4,-56.81269148,0.48607374
0.5,55.50536216,0.56849668
0.6,-90.16901587,0.68954785
0.7,-5.65019453,1.61518036
0.8,-52.20950635,0.58148747
0.9,2.11037441,1.45053329
1.0,-72.63173863,1.53157276
1.09391667,-28.48995406,1.31948045
