segment,pitch,stretch
0.0,-77.37875109,0.40906671
0.1,21.68470971,0.10764534
0.2,25.95594031,0.09890733
0.3,-54.56850785,1.06704705
0.4,24.0018444,0.2085299
0.5,-47.82681182,0.29426066
0.6,-46.58707105,1.5200041
0.7,77.25272005,0.50765671
0.8,77.76425926,0.03381604
0.9,25.41801762,1.11402173
1.0,38.43952496,1.16253286
1.09391667,67.75811728,1.4554509
