segment,pitch,stretch
0.0,-85.30144906,1.21891661
0.1,40.69478692,0.63566771
0.2,27.58167259,1.09185932
0.3,-9.65414258,1.3630453
0.4,-92.26214691,0.47547332
0.5,1.87368715,0.98334241
0.6,84.67723439,1.24273573
0.7,-37.99334031,1.29787156
0.8,91.90351479,1.39013402
0.9,51.5107545,0.19016555
1.0,-23.16743883,0.57102757
1.09391667,-40.96893152,0.41777753
