segment,pitch,stretch
0.0,-67.05425971,1.70124543
0.1,-39.97086024,0.46826984
0.2,-95.68334926,0.38007699
0.3,95.25173903,1.75748907
0.4,-32.8311948,0.73728226
0.5,-48.95766653,0.66391126
0.6,1.46673541,0.49234924
0.7,2.82521342,1.58569933
0.8,-50.40490355,0.73602174
0.9,-13.31081272,0.69160948
1.0,86.45331077,1.60918627
1.09391667,27.45785802,0.82158227
