segment,pitch,stretch
0.0,-38.9822336,0.73560369
0.1,-50.03499546,1.14426311
0.2,-63.75664225,0.04637744
0.3,20.28138285,1.01450827
0.4,93.33922424,1.77013863
0.5,1.26373227,1.59303793
0.6,19.48332465,1.12600277
0.7,67.63688751,0.62325076
0.8,55.68273017,1.46299944
0.9,-9.55904988,0.28620123
1.0,75.63174295,0.87688791
1.09391667,68.02721405,0.93516031
