segment,pitch,stretch
0.0,-68.00198949,0.4596857
0.1,-51.96003104,1.9086695
0.2,-27.5678987,1.58013593
0.3,1.37769692,1.02012083
0.4,-19.54713895,0.3764367
0.5,32.4870356,0.56957954
0.6,73.95431589,0.55471434
0.7,-60.0683904,1.19362941
0.8,-32.74215808,1.07008524
0.9,-18.7791301,0.94538114
1.0,4.0520504,0.21197649
1.09391667,54.70777064,1.70514148
