segment,pitch,stretch
0.0,69.60358053,1.2976065
0.1,-65.76586915,1.47951187
0.2,50.74096111,1.3485394
0.3,-96.7673569,0.54528982
0.4,-26.86757353,1.27804734
0.5,-10.06885571,1.28037388
0.6,63.05343757,0.75540581
0.7,-63.30132259,0.89000931
0.8,-47.99442538,0.42595149
0.9,57.19971628,1.49547586
1.0,-48.99247717,0.17298639
1.09391667,-67.69648975,0.58048161
