segment,pitch,stretch
0.0,-8.22406931,0.7296211
0.1,-46.19784604,1.54205881
0.2,-49.45533056,0.56573239
0.3,69.56374807,1.53704253
0.4,-92.74652317,0.47977854
0.5,52.31402986,0.1278397
0.6,35.98181846,1.442132
0.7,29.79563749,0.12498308
0.8,49.53175238,0.29427441
0.9,-69.91203253,1.27290514
1.0,-91.34062215,0.87034484
1.09391667,39.19432379,1.40202541
