segment,pitch,stretch
0.0,21.92702064,0.459047
0.1,-53.27203396,0.06454192
0.2,16.04080675,1.47088252
0.3,-93.72897718,0.63214126
0.4,76.75922717,0.53041825
0.5,2.23154985,0.36671068
0.6,57.16774736,0.84112941
0.7,-66.3096603,0.93270713
0.8,-54.36784686,0.0064824
0.9,31.74688825,0.04508119
1.0,-41.88838509,1.17781348
1.09391667,-46.11178706,0.19249934
