segment,pitch,stretch
0.0,37.27554733,0.5612227
0.1,24.29830201,1.75747345
0.2,-43.3040728,1.33602667
0.3,32.63559677,0.25379983
0.4,65.75819377,0.46765889
0.5,93.24268126,0.0945868
0.6,-15.30697981,1.31767057
0.7,92.42760244,0.46721292
0.8,43.95412796,1.38944415
0.9,15.32237433,1.70361777
1.0,-94.44407427,0.93528665
1.09391667,87.09346239,1.20335548
