segment,pitch,stretch
0.0,87.97989278,1.59591128
0.1,-23.39853739,1.94488646
0.2,85.15897758,0.62481037
0.3,30.45214085,0.56488466
0.4,25.21841082,0.81270144
0.5,36.10678603,1.54003491
0.6,61.48762219,1.21959161
0.7,14.5754085,0.84714061
0.8,-57.54329739,1.28928587
0.9,-73.09117399,1.61523869
1.0,77.49994784,1.68827262
1.09391667,89.63116882,1.85702814
