segment,pitch,stretch
0.0,31.31886637,0.51844492
0.1,-45.58012984,1.26337535
0.2,-36.67335117,1.47948125
0.3,91.68908931,1.54973702
0.4,99.42890358,1.40573319
0.5,-75.06867948,0.46765036
0.6,-53.3060983,1.29577772
0.7,66.7707286,1.28176027
0.8,69.18702853,1.79426909
0.9,-16.72052533,0.76623174
1.0,16.50634939,1.90203541
1.09391667,79.32738685,1.85204165
