segment,pitch,stretch
0.0,54.02401202,1.74963926
0.1,52.55241108,1.86361288
0.2,-17.52140944,1.08718427
0.3,-39.51158997,1.33817406
0.4,-76.99480414,0.48398336
0.5,-69.00053843,0.58536734
0.6,69.67412094,1.17578893
0.7,42.48437255,1.61345559
0.8,-15.33622164,1.78194792
0.9,-55.53099045,0.88901516
1.0,-56.79297969,1.65574545
1.09391667,25.01258484,1.81372246
