segment,pitch,stretch
0.0,-6.47134423,1.78340321
0.1,15.08810971,1.37348527
0.2,98.29631383,0.90438715
0.3,30.58339985,0.90448146
0.4,-6.30529528,0.6194213
0.5,-44.5601624,1.03986034
0.6,4.47931007,0.52762796
0.7,-52.28319513,0.92865907
0.8,17.6405793,1.28477406
0.9,2.7192508,1.34724363
1.0,-8.76412426,1.76490877
1.09391667,53.37366327,1.20575877
