segment,pitch,stretch
0.0,-79.1757247,0.87513374
0.1,-82.91562438,0.12656435
0.2,91.50346008,0.63589246
0.3,-40.10375406,1.28419635
0.4,90.70869954,0.88499041
0.5,-20.97681685,1.10973129
0.6,17.21215857,0.84354096
0.7,-53.91144795,1.20925869
0.8,37.0057153,0.06654022
0.9,34.22730219,1.12491035
1.0,10.55146488,1.41050889
1.09391667,-24.71915283,1.38366211
