segment,pitch,stretch
0.0,38.978205,0.35912604
0.1,87.18341185,1.3669236
0.2,15.47005822,0.84210071
0.3,29.25641776,0.05134094
0.4,-96.55134364,1.13395744
0.5,-89.29155074,0.79197201
0.6,-61.94858481,0.91379793
0.7,-73.41037345,1.19795288
0.8,-99.30720203,1.39899474
0.9,81.02685233,0.56128817
1.0,-61.71265148,1.38071697
1.09391667,-35.17076378,1.53641314
