segment,pitch,stretch
0.0,-89.57602713,1.01899078
0.1,-12.21163012,0.44650383
0.2,45.69375155,0.86051042
0.3,47.44411802,0.62803932
0.4,-64.39909361,0.05404575
0.5,38.07531124,0.80477493
0.6,-37.11559242,0.4743624
0.7,61.76350432,1.24039456
0.8,87.30183414,0.77622698
0.9,42.92339498,1.15579273
1.0,99.17764885,1.67569325
1.09391667,27.2352495,0.37956578
