segment,pitch,stretch
0.0,20.77635957,0.46109058
0.1,84.18412802,0.36744314
0.2,81.7824789,0.41976503
0.3,-65.01001067,1.53863135
0.4,-69.73335491,0.40642155
0.5,-48.20566779,0.50454488
0.6,-56.64571388,1.75271769
0.7,87.2772128,1.86297038
0.8,79.54307519,0.65261885
0.9,-76.46594653,0.02035456
1.0,9.80024824,0.89946845
1.09391667,72.4068819,0.70615835
