segment,pitch,stretch
0.0,-65.02634732,0.97232816
0.1,26.89498136,0.38357595
0.2,43.91987782,1.32659615
0.3,-59.57375142,1.36640746
0.4,-60.38364834,1.49535362
0.5,44.26176545,0.82408653
0.6,-64.04538638,0.04141002
0.7,-45.23049702,0.9269043
0.8,-76.14418672,1.44350466
0.9,28.81354354,0.19413347
1.0,56.5836812,0.94594394
1.09391667,88.01492367,1.65487259
