segment,pitch,stretch
0.0,-81.72100022,1.05096469
0.1,18.84637506,0.68369723
0.2,-80.18621681,1.52749806
0.3,38.99509662,0.81526033
0.4,24.76840986,1.70702662
0.5,-19.71585535,1.05576458
0.6,69.03077802,0.15620837
0.7,35.91349986,1.43624924
0.8,-27.17447615,0.34293919
0.9,-26.64790606,1.32305508
1.0,27.41987323,1.04384127
1.09391667,30.72990316,1.55933633
