segment,pitch,stretch
0.0,-16.60048673,0.55938727
0.1,86.97119881,1.40731286
0.2,60.43507778,0.29415182
0.3,34.28838618,0.53536257
0.4,-3.8203387,0.38742579
0.5,82.49891636,0.91323434
0.6,22.18578672,0.69102333
0.7,20.13766391,0.47321431
0.8,74.50191695,1.91525386
0.9,68.04596391,0.05569164
1.0,-41.45827676,1.5038001
1.09391667,-81.40338911,1.11433977
