segment,pitch,stretch
0.0,-69.97643607,1.01752059
0.1,-88.52393114,0.50741315
0.2,-92.64381406,1.61277815
0.3,-12.19607679,1.4872908
0.4,51.51628924,0.5793757
0.5,-0.64468501,0.52779709
0.6,71.59302863,0.0231703
0.7,-9.81029184,1.34840208
0.8,-24.63818078,0.66467052
0.9,-3.20105403,0.39411628
1.0,34.64482647,0.07463584
1.09391667,-96.73374827,1.52336413
