segment,pitch,stretch
0.0,-15.37505572,0.64393049
0.1,47.09921101,1.19859165
0.2,-76.0790668,1.93258785
0.3,-80.27517843,0.51921333
0.4,-25.73472899,0.72976133
0.5,-3.51621139,1.3656743
0.6,-42.58463449,1.33625445
0.7,-98.39604525,1.13554824
0.8,89.96106068,1.47590746
0.9,77.78135143,1.4256977
1.0,-48.66962061,0.99815363
1.09391667,-42.55835381,1.06699265
