segment,pitch,stretch
0.0,45.88171242,1.49952965
0.1,19.65275358,1.27857126
0.2,-52.5669285,1.16755208
0.3,50.69142125,1.53878992
0.4,62.87836258,1.32526566
0.5,39.63979386,1.5325195
0.6,-26.37670891,0.18426731
0.7,-93.2202358,1.63742876
0.8,-56.06410486,1.91360144
0.9,-55.01568925,1.5607569
1.0,78.10124913,0.22178097
1.09391667,16.50451183,0.02570083
