segment,pitch,stretch
0.0,20.00084454,0.51149801
0.1,-52.8514029,1.39891418
0.2,18.35573453,1.20064295
0.3,20.24530443,1.16262284
0.4,-31.13596974,0.89189618
0.5,-57.63348461,0.05591257
0.6,-75.64185581,1.65560528
0.7,11.75816268,0.92096294
0.8,94.20607314,0.41490279
0.9,-85.03664705,1.73145538
1.0,-35.05020918,1.60276464
1.09391667,79.38839228,1.26188471
