segment,pitch,stretch
0.0,-86.56228458,1.19165513
0.1,33.36869343,0.83777852
0.2,9.6331017,0.11846308
0.3,-0.10370099,1.66137382
0.4,37.9043983,0.58882923
0.5,3.6685029,0.46184707
0.6,70.42333637,1.82009688
0.7,-15.16907184,1.46902062
0.8,55.24698517,1.68658026
0.9,2.94553427,1.05395717
1.0,-22.42195587,1.93905679
1.09391667,45.66016172,0.09684568
