segment,pitch,stretch
0.0,50.07590523,1.91490825
0.1,54.36539589,1.49511577
0.2,-33.00647988,0.88521845
0.3,-21.71222975,1.92896632
0.4,-59.72627018,1.65018162
0.5,-65.27928089,0.16844772
0.6,25.37742378,1.26574184
0.7,7.20174616,1.59894503
0.8,-20.24283456,1.83170987
0.9,-23.90559996,1.31030459
1.0,71.61106984,0.51427228
1.09391667,25.6022542,1.19971073
