segment,pitch,stretch
0.0,-22.28605272,0.86114571
0.1,88.07210504,1.97575965
0.2,-49.70957844,0.63948783
0.3,-15.12998944,0.79524936
0.4,-15.93875253,1.19082012
0.5,-25.52637737,0.64746998
0.6,-20.7469083,0.40627419
0.7,38.24982305,0.95615642
0.8,85.21823118,1.23938009
0.9,2.48963564,0.97530307
1.0,33.93764026,0.65277391
1.09391667,1.12823357,0.77957787
