segment,pitch,stretch
0.0,-26.7986483,0.93358525
0.1,-20.57946037,0.61599081
0.2,-14.61918651,1.88488325
0.3,-54.80261731,0.21075836
0.4,32.41231837,0.52073008
0.5,22.58711785,1.07474078
0.6,-23.74471885,1.54114542
0.7,0.47861234,0.96193885
0.8,-1.79385185,0.3951249
0.9,-17.00071045,1.98003937
1.0,12.5163052,0.39843766
1.09391667,-96.33383281,1.06218732
