segment,pitch,stretch
0.0,-18.59828841,1.29674848
0.1,17.62467533,1.04037111
0.2,-32.04245358,0.06692701
0.3,-59.68997275,0.01228106
0.4,-88.86740026,1.17857321
0.5,20.33601639,0.64258097
0.6,88.8364898,0.45138919
0.7,-63.14338412,0.65752297
0.8,-30.16182588,0.08455698
0.9,58.36718538,1.13304912
1.0,-51.79248442,1.89686489
1.09391667,-57.45505408,1.14298605
