segment,pitch,stretch
0.0,-29.79812822,0.43469721
0.1,-16.19961317,0.8905279
0.2,13.51202418,1.36195462
0.3,10.74594974,0.86537329
0.4,-52.94473426,0.61396379
0.5,52.13031176,0.71790783
0.6,75.74839712,1.10097826
0.7,62.6882876,1.68067326
0.8,-12.46472889,1.35151853
0.9,74.66747541,0.28756574
1.0,-22.48226553,0.36668304
1.09391667,-36.55733652,1.35894928
