segment,pitch,stretch
0.0,-58.05020857,1.72720005
0.1,0.75359215,0.87170151
0.2,-63.0427696,1.11137899
0.3,-80.65695741,1.61210877
0.4,30.22073259,0.77402776
0.5,78.65082856,1.41240522
0.6,-21.87019315,1.5310865
0.7,-81.08775569,0.91259008
0.8,-85.95097006,0.61355253
0.9,55.61706947,0.53974683
1.0,78.8186599,1.30815579
1.09391667,-38.99290187,1.62027104
