segment,pitch,stretch
0.0,45.32437977,1.51258306
0.1,31.46444726,1.62107879
0.2,7.78815071,0.80620837
0.3,-38.46709342,1.66578012
0.4,-43.12628929,0.5028638
0.5,-60.3999411,1.57064844
0.6,38.30873417,1.43046029
0.7,-32.30937365,0.97320454
0.8,-13.91730907,0.87874216
0.9,-81.54845422,1.41826341
1.0,29.31026278,0.04715706
1.09391667,34.6707146,1.45727151
