segment,pitch,stretch
0.0,-39.58082457,0.53160826
0.1,30.52342894,0.02130102
0.2,23.47265499,1.79968549
0.3,35.06724548,1.77904441
0.4,68.41384456,0.50678762
0.5,91.35527089,1.72631603
0.6,45.24436298,0.90579128
0.7,-95.9941639,1.42335886
0.8,52.18884155,1.10708789
0.9,-59.5821221,1.04407415
1.0,-35.64274737,1.58844638
1.09391667,-73.32122587,0.94640907
