segment,pitch,stretch
0.0,73.80957671,0.26230627
0.1,37.61319896,1.27859335
0.2,66.36541624,1.90614201
0.3,52.83840981,1.77793473
0.4,-44.13201993,1.82128224
0.5,78.92983873,0.37682562
0.6,81.37511439,0.77805764
0.7,-17.4677503,1.13496325
0.8,-1.76399053,0.96839897
0.9,46.72276769,1.53181919
1.0,-99.76046779,0.67948754
1.09391667,-16.24419339,1.26605171
