segment,pitch,stretch
0.0,-75.50139917,0.33116573
0.1,87.74693423,0.79085074
0.2,31.07453941,1.46577933
0.3,-54.74808786,0.46369868
0.4,22.76610273,1.13985244
0.5,11.00268218,0.7460079
0.6,51.91753819,0.81938326
0.7,14.6363884,1.36585166
0.8,81.83938772,0.74190137
0.9,-6.69300519,1.01772596
1.0,48.70423214,1.52043816
1.09391667,-75.62542255,1.80998289
