segment,pitch,stretch
0.0,-56.85728998,1.17346596
0.1,16.43364259,0.59297783
0.2,47.77326739,0.67016687
0.3,94.05967356,1.98266891
0.4,-76.48908754,0.86932432
0.5,-47.71848611,0.89103479
0.6,-17.07884838,1.65910536
0.7,50.2599466,1.27682187
0.8,83.04934383,0.051565
0.9,-14.53932226,0.45965995
1.0,-40.28373024,1.12972823
1.09391667,82.58821892,1.51179451
