segment,pitch,stretch
0.0,58.43536872,0.19891774
0.1,-82.57908231,0.03529734
0.2,-3.40439415,1.69592316
0.3,-83.74176257,0.07086845
0.4,38.89596711,0.77458748
0.5,63.49142751,1.25980126
0.6,64.24765223,1.54445807
0.7,24.37031282,0.23015685
0.8,18.2651004,0.80693823
0.9,-3.768449,0.61010049
1.0,55.48069175,0.09811637
1.09391667,-2.34176887,1.22967895
