segment,pitch,stretch
0.0,18.44381796,0.62620118
0.1,46.92875809,1.02677372
0.2,-3.83763253,0.887778
0.3,-48.73372346,0.9749461
0.4,-14.92000294,0.21389959
0.5,80.1348202,0.5331643
0.6,-86.26167397,0.89101651
0.7,-1.56579515,1.30262719
0.8,-19.43568929,1.62880583
0.9,7.94105636,1.73371658
1.0,85.15006258,0.16404372
1.09391667,-33.12026838,1.85143865
