segment,pitch,stretch
0.0,65.19555702,1.04626937
0.1,-88.31116696,1.63597079
0.2,-87.15645837,1.95419498
0.3,57.84934166,0.56872665
0.4,-76.45557784,0.40309221
0.5,66.32688278,1.93282921
0.6,93.44738027,1.28213971
0.7,54.7923908,1.70127241
0.8,-1.38437059,0.15014799
0.9,5.22264847,1.21649106
1.0,-11.85909484,1.48942771
1.09391667,65.00290812,0.35768018
