segment,pitch,stretch
0.0,22.32512828,1.43751276
0.1,-34.68493306,1.04855025
0.2,-60.33048789,0.11748708
0.3,-66.33131812,1.014131
0.4,61.16500984,1.52698955
0.5,49.23692814,1.28665313
0.6,18.80850389,1.64816454
0.7,91.26807024,0.26189179
0.8,51.0661189,1.3962077
0.9,-89.83945555,0.53648677
1.0,-75.19546708,1.41713481
1.09391667,-66.5337051,0.68271313
