segment,pitch,stretch
0.0,-33.98482441,0.57866671
0.1,-89.17430955,0.900261
0.2,-37.97345474,1.71108651
0.3,79.55409604,0.87209051
0.4,80.35845891,1.24315258
0.5,57.74967943,1.96157144
0.6,95.331824,0.09903489
0.7,-67.43467621,1.02492766
0.8,77.22109969,0.39705746
0.9,-97.02318178,0.35581275
1.0,-34.43908678,0.10216324
1.09391667,23.56960938,1.85713461
