segment,pitch,stretch
0.0,-7.75302897,0.29368166
0.1,23.88086762,1.58141682
0.2,-0.54854112,0.68322719
0.3,11.38417001,1.0607803
0.4,76.48373601,0.5459371
0.5,34.68075028,1.82829661
0.6,-14.34298834,1.23009433
0.7,26.82043511,1.38131853
0.8,60.32593039,0.45099226
0.9,-38.40765739,1.79672484
1.0,7.55243951,0.11050545
1.09391667,-96.29085545,0.98124995
