segment,pitch,stretch
0.0,-53.22260556,0.39279529
0.1,86.77650228,0.89629602
0.2,9.77253821,1.02748966
0.3,11.03493207,0.21487606
0.4,-49.40991028,0.85817313
0.5,40.78961249,0.23854774
0.6,0.17613347,1.76515504
0.7,-59.60480948,0.66287763
0.8,-70.7429322,0.73367901
0.9,73.80660993,0.47936557
1.0,20.51556505,1.06722754
1.09391667,45.26798103,1.8777792
