segment,pitch,stretch
0.0,82.81450313,0.83149822
0.1,87.05662754,1.91463783
0.2,42.99051807,0.15190796
0.3,23.32883613,1.60754129
0.4,48.50951883,0.81229928
0.5,-47.47339199,1.3748652
0.6,-9.99119765,1.71927888
0.7,68.86997334,0.8455295
0.8,-44.22385081,0.49975448
0.9,14.75546466,0.2402037
1.0,-47.31135976,1.02101903
1.09391667,-18.86254353,1.59376689
