segment,pitch,stretch
0.0,-80.97330145,0.75841869
0.1,-87.8498671,0.93275546
0.2,-46.50669934,1.71329225
0.3,59.20965722,1.0347089
0.4,-35.71104214,1.01687932
0.5,-52.81542402,0.41101951
0.6,31.64937697,0.68065775
0.7,29.30310565,1.83101612
0.8,-83.11546178,0.13402502
0.9,4.4057425,1.22130523
1.0,40.14606476,0.44607754
1.09391667,-16.15452459,1.73687105
