segment,pitch,stretch
0.0,11.31108637,1.92205207
0.1,68.41269988,0.65302474
0.2,-5.85446567,1.94520229
0.3,-56.17314857,1.28044043
0.4,-61.8847044,0.6978833
0.5,11.37598658,1.39245958
0.6,19.4709674,1.41686082
0.7,-11.82404326,0.26269969
0.8,-12.10341162,0.56613425
0.9,2.74595363,0.73944091
1.0,41.36202449,1.55048139
1.09391667,-69.11430068,1.16346143
