segment,pitch,stretch
0.0,80.86242067,1.33421849
0.1,-36.85440805,1.5057291
0.2,55.48604093,1.7838276
0.3,-32.48832212,0.34502948
0.4,34.47022209,1.33242051
0.5,23.79827115,0.68239412
0.6,-29.60411728,1.41145095
0.7,-3.34902879,0.70703372
0.8,-24.14207397,0.57539158
0.9,49.40170215,1.31553206
1.0,34.30113072,0.57675215
1.09391667,-89.06013863,1.91555697
