segment,pitch,stretch
0.0,33.55993848,1.07053388
0.1,99.2710896,1.13266277
0.2,-32.57477065,1.9895336
0.3,-17.79752124,1.49721118
0.4,7.76381485,1.18690415
0.5,-50.05370097,1.89119188
0.6,5.06874502,0.49511118
0.7,1.99558214,1.27007291
0.8,43.8272749,1.66092274
0.9,98.27063476,0.51492766
1.0,18.74881687,0.04140418
1.09391667,-57.70401561,0.6117047
