segment,pitch,stretch
0.0,-67.89328127,0.87390127
0.1,-98.24711177,0.45073311
0.2,49.39394348,1.74616009
0.3,76.5993294,0.92964788
0.4,-22.3707882,0.40511794
0.5,-81.77647202,1.07981793
0.6,14.32482273,0.29673002
0.7,-55.4844165,1.5346781
0.8,3.0799131,0.29263687
0.9,-69.51196042,0.8048794
1.0,75.4726198,0.86167059
1.09391667,0.51193247,0.22289692
