segment,pitch,stretch
0.0,60.63460718,0.33804588
0.1,-63.25879977,1.53774441
0.2,72.16287223,0.96691945
0.3,56.56802271,1.67994136
0.4,90.70764649,1.00040305
0.5,-36.31712893,1.89041629
0.6,25.72223985,0.11424734
0.7,-14.91989637,0.3528252
0.8,-17.95558792,0.85742963
0.9,-5.44719263,0.59657969
1.0,-94.92564537,0.30631529
1.09391667,-13.08808473,1.45053444
