segment,pitch,stretch
0.0,38.46441577,1.95638345
0.1,47.75423334,0.16897746
0.2,-46.19223392,1.34564415
0.3,-68.42543964,0.45551636
0.4,-27.52590553,1.56941674
0.5,-32.76649905,1.12500756
0.6,-20.83706487,0.26907816
0.7,-65.74236322,0.81160179
0.8,-64.07813761,1.2830087
0.9,35.09593454,0.14193499
1.0,-66.65072178,1.05446727
1.09391667,68.83445299,0.54560652
