segment,pitch,stretch
0.0,-34.60753541,1.00141785
0.1,34.71275865,0.68250136
0.2,-91.22234158,1.72992933
0.3,-30.94174796,1.35002318
0.4,19.1605329,0.6468883
0.5,25.6799548,0.91261052
0.6,47.93259791,0.25016516
0.7,-92.40390398,0.90996222
0.8,-11.90261917,0.18937367
0.9,-40.66911236,1.89272817
1.0,-26.45898955,0.47725067
1.09391667,-54.09791647,0.84194262
