segment,pitch,stretch
0.0,76.35427363,0.61802324
0.1,-50.0846889,0.37453971
0.2,79.70250944,0.85876035
0.3,81.01080403,1.8566793
0.4,83.79560208,1.28706844
0.5,50.36804925,1.04354471
0.6,40.56025904,1.21986253
0.7,61.04999163,0.6187735
0.8,30.26013895,1.74062644
0.9,-2.00132525,0.86694999
1.0,61.28738914,1.26165824
1.09391667,-32.08611222,0.66731925
