segment,pitch,stretch
0.0,-96.61203468,1.48407489
0.1,27.77418146,0.71089129
0.2,-42.79973111,1.02276586
0.3,52.67007286,0.94605025
0.4,-77.37689486,1.64255066
0.5,22.33265825,1.1767353
0.6,-21.53246611,1.24238606
0.7,11.78226484,0.92864334
0.8,-45.34236124,1.13602565
0.9,55.83053399,1.46898539
1.0,-0.17077069,1.30855548
1.09391667,-99.58545301,1.24881599
