segment,pitch,stretch
0.0,25.59053478,1.78737857
0.1,-58.99857374,1.42240818
0.2,-5.24989333,1.3064588
0.3,-69.09303088,0.70237579
0.4,-45.4002244,1.46111329
0.5,-34.03427643,0.83880831
0.6,-19.18804463,1.08172691
0.7,-64.51254164,1.55901958
0.8,54.38008437,0.76271714
0.9,-75.85045717,1.07438518
1.0,38.1526186,1.50748802
1.09391667,60.1980267,1.3123631
