segment,pitch,stretch
0.0,93.2289474,1.70020423
0.1,-90.20705496,1.01222006
0.2,-39.60180218,0.78975297
0.3,80.82184167,0.55346402
0.4,-9.151808,0.82944294
0.5,26.58775585,1.08031611
0.6,6.23734234,0.85830077
0.7,72.65407882,1.16981472
0.8,-19.39856568,1.72430236
0.9,-78.04150402,0.87754791
1.0,32.81309653,1.2494211
1.09391667,90.62685446,1.97603122
