segment,pitch,stretch
0.0,34.12444542,1.40815308
0.1,74.48031141,0.59085662
0.2,-19.43129602,1.62308244
0.3,-92.54731656,0.88278885
0.4,-58.49891228,1.88399598
0.5,94.39851276,0.89763536
0.6,89.36062337,0.99460468
0.7,-34.72831932,0.78525958
0.8,-41.3084128,1.26727053
0.9,-12.31772149,0.55653785
1.0,-54.36940291,1.19130102
1.09391667,25.60798008,1.74925418
