segment,pitch,stretch
0.0,-22.52600132,1.13600224
0.1,29.36992487,0.82385101
0.2,26.35975313,0.21812262
0.3,22.46882007,1.22545345
0.4,-26.33536786,0.68217052
0.5,-27.32741376,1.80813558
0.6,4.49813396,0.4048305
0.7,-47.02321994,1.72982043
0.8,-61.17584125,0.03977306
0.9,-52.37587082,0.16832119
1.0,53.16500273,1.81503166
1.09391667,31.59148057,0.61812074
