segment,pitch,stretch
0.0,-7.97071304,0.52584892
0.1,5.26810794,0.35098417
0.2,42.90180093,0.87826506
0.3,32.54664666,0.85267403
0.4,-75.33920427,0.05665148
0.5,-92.87225366,0.902019
0.6,1.54584209,0.36999328
0.7,-61.85301996,1.87523396
0.8,-59.27209487,0.99775271
0.9,-3.4044868,0.18460265
1.0,20.29119999,0.05992377
1.09391667,76.66199878,1.79844018
