segment,pitch,stretch
0.0,-45.21125718,1.95103615
0.1,-85.75475475,0.03053554
0.2,-73.09455341,0.63850244
0.3,1.17370607,0.96719068
0.4,-11.35992748,0.02484013
0.5,42.80073602,0.41750072
0.6,45.07360169,1.17324743
0.7,-42.16100478,0.99186788
0.8,-19.59764742,1.3258141
0.9,-56.7450747,1.2279363
1.0,78.71604463,1.72539035
1.09391667,96.78573361,1.236894
