segment,pitch,stretch
0.0,-77.92779138,1.02669822
0.1,-64.69220677,0.41696548
0.2,-52.71418659,1.03112891
0.3,63.39772469,0.20004082
0.4,28.65691045,0.24296187
0.5,-54.91733511,0.01939813
0.6,28.83719113,1.71588951
0.7,71.325035,0.13307252
0.8,64.29714523,0.90631223
0.9,-52.51835147,1.74084271
1.0,-41.65784487,0.63465457
1.09391667,-56.27332848,1.27137416
