segment,pitch,stretch
0.0,-27.71132793,0.45552689
0.1,5.67043956,1.85865221
0.2,-56.04116861,1.36292014
0.3,-60.647669,0.8196748
0.4,-31.28235293,1.14454104
0.5,-41.95968639,0.2708192
0.6,-46.83352467,0.67466027
0.7,-6.87168688,0.75914602
0.8,-38.22542966,0.8772758
0.9,29.71030145,1.24753926
1.0,-44.77576274,1.52106538
1.09391667,46.77490147,1.15996843
