segment,pitch,stretch
0.0,-38.82719082,0.64550094
0.1,91.73556094,1.31053491
0.2,-44.32627421,0.47707545
0.3,-65.11156064,0.49456239
0.4,-48.38956406,0.97248604
0.5,-66.93781594,0.82967407
0.6,-31.37264091,0.41334293
0.7,-76.42119949,0.8386705
0.8,90.55453052,0.29898441
0.9,-13.8538154,0.28325918
1.0,10.60108282,0.58400342
1.09391667,-16.89815331,0.41677525
