segment,pitch,stretch
0.0,5.47810166,1.26408321
0.1,-9.2687044,0.26503637
0.2,71.91302434,0.46926152
0.3,-95.14086012,0.64840522
0.4,81.24819191,0.79568814
0.5,-43.38316414,0.82256958
0.6,81.5189634,1.36445651
0.7,36.28483158,0.42135765
0.8,68.43717388,0.07801016
0.9,10.19963637,0.70937824
1.0,-15.25841054,1.62056491
1.09391667,-62.44422803,1.67467407
