segment,pitch,stretch
0.0,-71.9844785,0.53660294
0.1,-49.01939905,1.47642874
0.2,50.12381506,0.52511459
0.3,-84.58055822,1.50109779
0.4,-75.77840035,0.97976024
0.5,-24.7911267,0.85239994
0.6,-23.67428976,1.05191942
0.7,-54.46174988,0.4066024
0.8,17.41292988,0.004424
0.9,-76.44908604,1.90836134
1.0,-2.36913576,1.74184755
1.09391667,-39.62259758,0.66301055
