segment,pitch,stretch
0.0,-5.64044051,0.93985767
0.1,-71.62427253,1.9578989
0.2,44.8568839,1.04309205
0.3,13.73699883,1.22075438
0.4,-9.51130818,1.24468343
0.5,25.73719345,1.1802762
0.6,-9.54816374,1.78615262
0.7,-99.85495199,1.82361192
0.8,26.311999,0.83873706
0.9,37.40170351,1.41980792
1.0,-54.32300287,0.16266534
1.09391667,-13.38941708,1.86742119
