segment,pitch,stretch
0.0,49.03427647,0.32664973
0.1,55.51339481,1.39032489
0.2,8.85342812,0.17335256
0.3,38.54994366,0.12434027
0.4,-2.70833959,1.97912601
0.5,70.3938548,0.49508024
0.6,5.12480722,1.41080808
0.7,-74.03796069,0.59237566
0.8,-33.3486243,0.51007366
0.9,-40.28599149,0.60232464
1.0,19.2288181,0.62471618
1.09391667,28.27107092,0.07651966
