segment,pitch,stretch
0.0,10.59186776,1.18276714
0.1,40.50364305,1.35618457
0.2,-14.0687602,0.82779989
0.3,-65.99656217,0.57077879
0.4,15.70320652,0.07108592
0.5,-30.42091681,0.69784791
0.6,-42.76109802,1.83211062
0.7,79.72211157,1.14011333
0.8,-76.06160398,1.5550445
0.9,-29.21518782,0.72383993
1.0,-57.95886313,1.31578319
1.09391667,-5.07129897,0.46327009
