segment,pitch,stretch
0.0,-10.36348141,0.34238631
0.1,83.25825445,0.93968033
0.2,90.11608715,0.03117119
0.3,32.1996215,0.99400779
0.4,8.976783,0.56090086
0.5,-6.95203106,0.18644764
0.6,67.82169398,1.05098713
0.7,50.85858074,0.33151379
0.8,11.07143565,0.1498151
0.9,40.44499652,0.7130759
1.0,87.615801,0.85732073
1.09391667,-54.91088926,1.8995277
