segment,pitch,stretch
0.0,29.95487344,1.28947786
0.1,-43.56994085,0.45872669
0.2,95.99440846,1.02864136
0.3,96.63128694,1.38697031
0.4,81.88240965,0.48619633
0.5,-30.32405698,1.35316712
0.6,-70.6760635,0.61818132
0.7,-36.19238407,0.31535759
0.8,18.2315003,1.60240226
0.9,-71.56865734,1.17638413
1.0,-72.78274833,0.8457368
1.09391667,51.72471755,0.31851434
