segment,pitch,stretch
0.0,-18.41371041,1.35764892
0.1,-63.10285802,1.30171306
0.2,-11.47868373,1.89832966
0.3,40.37675275,1.96157356
0.4,-77.12859483,0.9069281
0.5,92.73705719,1.12095366
0.6,-55.99534641,1.00983545
0.7,-55.52546335,0.3683737
0.8,6.97078157,1.10707799
0.9,-23.82740681,1.05563912
1.0,16.85010217,1.15538622
1.09391667,12.17774436,0.52815825
