segment,pitch,stretch
0.0,87.36983695,0.99012423
0.1,-7.36044234,0.99897732
0.2,-78.22847681,1.18840119
0.3,-28.99379036,1.28345901
0.4,76.19445877,0.93018475
0.5,-43.33414,1.3758077
0.6,-77.80909366,0.61279661
0.7,-63.14510086,1.13295599
0.8,70.29145503,0.21705032
0.9,46.24407769,1.45577739
1.0,-23.45182889,1.82818043
1.09391667,72.2860477,0.32191232
