segment,pitch,stretch
0.0,94.0253211,0.90857368
0.1,-84.5444617,1.76203374
0.2,70.19977298,0.0745524
0.3,2.19370509,1.11616576
0.4,-19.63697013,0.64300797
0.5,-84.4931522,1.25671361
0.6,-85.03717111,0.57308662
0.7,-41.91445316,1.15914167
0.8,84.41486289,1.00421815
0.9,18.1621282,0.6158783
1.0,14.92247564,1.53499835
1.09391667,8.36562591,1.78270824
