segment,pitch,stretch
0.0,26.59916967,1.01937466
0.1,3.58814385,0.79696142
0.2,-60.14178388,0.00503004
0.3,-44.19894674,0.84575405
0.4,-38.03613901,0.48969314
0.5,46.39303355,1.79043023
0.6,-33.97181462,1.46860797
0.7,-27.46884733,0.04122284
0.8,-45.55461231,0.63203754
0.9,20.15963599,1.00944548
1.0,54.79355498,0.7711604
1.09391667,93.56246184,0.15048829
