segment,pitch,stretch
0.0,-72.11702721,0.58402208
0.1,-40.70802273,1.62475599
0.2,87.64553822,1.65188883
0.3,-48.2331893,0.55484279
0.4,-95.5440406,0.6061604
0.5,59.94111347,1.49451004
0.6,91.02979874,0.05914992
0.7,19.11555726,1.4845686
0.8,75.67996803,1.97323442
0.9,92.01217726,0.84762709
1.0,-10.30028839,0.74785562
1.09391667,-99.09748483,1.91422779
