segment,pitch,stretch
0.0,52.51003342,0.51789452
0.1,-29.81330981,1.63069417
0.2,36.37880502,1.03017261
0.3,-16.44076744,1.50298323
0.4,88.68796251,1.46107862
0.5,-14.03385959,0.40535011
0.6,-91.10946789,0.38567086
0.7,41.17265494,1.29740328
0.8,52.01009792,1.80566199
0.9,51.89297689,0.75401712
1.0,66.02628762,0.59504851
1.09391667,-81.25732307,0.27926431
