segment,pitch,stretch
0.0,-20.34373052,1.22339913
0.1,-8.01422086,0.37157124
0.2,93.04230665,0.88881734
0.3,41.74649662,0.98806935
0.4,-13.67169735,1.63374899
0.5,42.92753135,1.27803897
0.6,-31.66614436,0.65843477
0.7,-46.69110061,1.12503577
0.8,96.69640531,1.26069156
0.9,-51.1349073,0.35873403
1.0,-31.48458059,1.24202174
1.09391667,82.51520959,1.58881388
