segment,pitch,stretch
0.0,-2.82851798,0.84695831
0.1,47.00857465,0.31778045
0.2,-17.58347791,1.27812293
0.3,-13.31715429,0.74038461
0.4,32.59893477,0.53430653
0.5,97.16584938,0.39836338
0.6,-13.44636048,1.18595545
0.7,9.9504683,1.40244409
0.8,45.41604728,0.07499365
0.9,-79.49961867,0.73784136
1.0,35.96813383,1.37065847
1.09391667,-86.51274139,0.67911571
