segment,pitch,stretch
0.0,-21.91327124,0.70003707
0.1,-90.20435546,0.21927921
0.2,95.69234683,1.46481191
0.3,22.1637049,0.791078
0.4,11.60833415,1.28893612
0.5,-18.08358407,1.03888409
0.6,-18.19761364,1.04801609
0.7,68.04091508,1.56253366
0.8,78.50797801,1.28640088
0.9,-26.72259946,0.27215185
1.0,-5.45523717,0.551057
1.09391667,8.48352437,1.19022125
