segment,pitch,stretch
0.0,91.54141142,0.1445201
0.1,20.06999674,1.86000345
0.2,-60.17862007,0.67850772
0.3,22.55775305,0.042785
0.4,-29.18349392,0.33792534
0.5,-4.34715828,1.54286554
0.6,3.54639982,1.41726271
0.7,14.95981451,0.22962892
0.8,79.03500803,0.98987379
0.9,89.82097388,0.31366212
1.0,-18.02507746,0.34929613
1.09391667,-21.60386418,1.95291291
