segment,pitch,stretch
0.0,14.8305777,0.38500358
0.1,-47.11140389,1.2332903
0.2,-96.35329483,1.76615422
0.3,-31.00015801,0.59488462
0.4,46.42403561,0.56384869
0.5,-64.13766191,0.91132343
0.6,31.93254177,0.03211524
0.7,-48.59706945,0.95267988
0.8,22.33610028,1.25460011
0.9,-29.48809445,1.32807075
1.0,-64.83953347,0.21654555
1.09391667,88.52973545,1.72349975
