segment,pitch,stretch
0.0,-98.58408334,0.99511883
0.1,-61.87034705,1.73357078
0.2,-18.09819366,0.0586696
0.3,12.3782964,0.06385699
0.4,-22.02938965,1.69798328
0.5,59.95527001,1.42811841
0.6,-20.50157966,1.57518039
0.7,-21.89990222,1.02318801
0.8,25.10186839,0.72889481
0.9,-9.02191032,0.61952628
1.0,-16.49784397,1.31221342
1.09391667,-42.94184761,1.78690458
