segment,pitch,stretch
0.0,19.31976264,0.66158439
0.1,-31.93707888,1.54343798
0.2,87.74953583,1.18268033
0.3,75.542399,0.92842135
0.4,-30.66435396,1.55978724
0.5,27.34391208,1.04364147
0.6,-88.33380447,1.4617077
0.7,22.89610212,1.75173298
0.8,-23.39935551,0.43321648
0.9,4.99226109,0.70184302
1.0,10.7480571,0.01962582
1.09391667,16.97403313,1.09642758
