segment,pitch,stretch
0.0,-67.67099002,1.63271305
0.1,-46.13734067,1.53444126
0.2,8.53827294,0.45354979
0.3,10.29364975,0.94704096
0.4,90.70511651,1.59618965
0.5,-85.6547255,1.87985709
0.6,-55.29379698,1.26591303
0.7,-36.34265525,1.16675578
0.8,-73.30529238,1.37898637
0.9,47.92763573,1.11636219
1.0,68.39969631,0.24288005
1.09391667,-54.84039666,1.68900271
