segment,pitch,stretch
0.0,10.63343709,0.76476464
0.1,24.84890696,1.29515793
0.2,-34.79554397,1.91673142
0.3,-18.60172977,1.0879203
0.4,-98.89022724,1.20589026
0.5,23.30800479,1.56284498
0.6,30.70048396,0.05267283
0.7,-76.25426305,1.08371144
0.8,14.35819181,0.48506717
0.9,-62.19404817,1.72104901
1.0,77.39529663,1.20839478
1.09391667,16.52655074,0.51907939
