segment,pitch,stretch
0.0,5.42478923,1.01011156
0.1,66.71711881,1.60637441
0.2,25.13944125,0.85795496
0.3,95.56005782,1.35214977
0.4,16.85207382,0.61247399
0.5,-27.28270002,1.45555962
0.6,86.24132907,0.34817024
0.7,-67.08119727,0.78995697
0.8,-0.81610081,1.09427424
0.9,-32.08256077,1.32224293
1.0,33.26765995,1.53013904
1.09391667,50.15163679,1.40313699
