segment,pitch,stretch
0.0,-16.61864147,1.17401117
0.1,-22.13078498,0.56539659
0.2,-16.24569285,0.39679082
0.3,2.20276296,1.32249954
0.4,38.28427002,1.17645405
0.5,-18.79047659,1.63330715
0.6,78.89075327,1.91411401
0.7,92.92821396,1.71360753
0.8,97.94945302,1.56668356
0.9,87.69669084,1.33916848
1.0,59.46975303,0.94959461
1.09391667,33.32060313,0.70317006
