segment,pitch,stretch
0.0,21.6550533,0.01570598
0.1,-0.0016794128,1.76749017
0.2,-77.5292073,1.37583653
0.3,-44.9313065,0.19365623
0.4,-33.7969309,1.34202306
0.5,46.2285188,1.87351349
0.6,93.0191022,1.89118344
0.7,80.6417886,1.25713993
0.8,-76.4782648,1.84259347
0.9,-35.964927,0.04007403
1.0,90.375739,1.64837519
1.09391667,66.476003,1.87071869
