segment,pitch,stretch
0.0,4.09277184,1.54634017
0.1,-55.10651609,1.62042314
0.2,40.66104674,0.53651735
0.3,25.01631041,1.3289867
0.4,-83.19534886,1.20481488
0.5,50.47121196,0.91135424
0.6,-23.06520129,0.34154344
0.7,6.60696351,0.77838965
0.8,32.78812168,1.52188148
0.9,-29.8510749,1.3469183
1.0,-51.20036712,0.11286505
1.09391667,-34.31103599,1.9894596
