segment,pitch,stretch
0.0,-60.47633283,1.8433091
0.1,62.43182062,0.67753575
0.2,-89.10254598,0.6228286
0.3,-56.00324349,1.20175852
0.4,-22.97503075,0.68327781
0.5,-10.58010289,1.6981399
0.6,41.52809509,1.77808046
0.7,11.42336317,0.9915964
0.8,-33.49389875,1.58247003
0.9,-76.54160855,0.51702523
1.0,67.53120636,1.67242009
1.09391667,52.42137891,0.41732509
