segment,pitch,stretch
0.0,21.21965496,0.74332802
0.1,-28.10028624,0.09938773
0.2,87.2285398,0.50575358
0.3,41.56317367,0.643087
0.4,-7.26177219,0.60738988
0.5,82.03356609,0.78763104
0.6,-50.47589124,1.37786949
0.7,-94.47584418,1.33601808
0.8,-25.95412099,1.06645132
0.9,99.30679825,1.13650404
1.0,62.70648748,0.36591568
1.09391667,64.43642371,1.86759313
