segment,pitch,stretch
0.0,-38.60842869,0.01455056
0.1,53.1018826,1.33130856
0.2,21.93281072,0.07852499
0.3,-40.4815272,1.77861337
0.4,2.89670018,1.72434721
0.5,31.11758458,1.53256383
0.6,1.30911675,1.33712035
0.7,46.76912586,0.29783205
0.8,-75.40535735,1.43997323
0.9,57.91130712,0.04561747
1.0,-90.16753315,1.78781135
1.09391667,-42.19615814,1.03895071
