segment,pitch,stretch
0.0,-17.98441337,0.63443376
0.1,-3.7927165,0.81098104
0.2,49.96307457,0.15990124
0.3,-15.53125152,1.19729275
0.4,-84.8102411,1.78081856
0.5,-28.25718679,0.04344096
0.6,-58.3999431,1.99949459
0.7,-22.66304052,0.79420627
0.8,-95.1511219,0.51429102
0.9,82.90101198,0.31900629
1.0,11.18923061,1.55539218
1.09391667,39.40210676,0.94266916
