segment,pitch,stretch
0.0,56.02417359,1.45969094
0.1,-15.12096295,0.70307333
0.2,24.11599025,1.55595157
0.3,-98.52161237,0.89820675
0.4,-83.03822249,1.36107021
0.5,21.43017138,0.16432707
0.6,63.83169659,0.04833877
0.7,20.52778074,0.40598637
0.8,94.54806404,1.56556559
0.9,22.39216261,0.73835637
1.0,-21.9484098,1.13631796
1.09391667,-64.50590256,0.17382409
