segment,pitch,stretch
0.0,79.5890822,1.20824936
0.1,78.55264714,0.88116928
0.2,44.19658383,1.0423498
0.3,-16.14605168,1.30491636
0.4,46.84349784,1.23781924
0.5,67.29364224,1.19542323
0.6,62.75940247,1.00041218
0.7,-42.13911475,1.18889719
0.8,-19.02728939,0.17654831
0.9,-16.03900615,0.65298118
1.0,15.22888591,0.96725626
1.09391667,60.70409514,1.67455333
