segment,pitch,stretch
0.0,-50.22823897,0.88633634
0.1,-4.67437073,1.28034271
0.2,-31.6094098,0.94172266
0.3,25.42275216,0.73344406
0.4,79.9624674,1.78223604
0.5,11.84827872,1.04715588
0.6,-53.41316004,1.93599287
0.7,-2.37481813,0.44413806
0.8,81.38125647,0.67013669
0.9,-62.03068284,1.03528206
1.0,-64.21224493,0.12422577
1.09391667,38.19793451,1.50859084
