segment,pitch,stretch
0.0,-58.25322537,0.93148221
0.1,78.85302542,0.39116105
0.2,-34.72652084,0.5483104
0.3,27.94681387,1.60079305
0.4,-20.54628146,1.44239005
0.5,84.36565837,0.93643089
0.6,34.72058422,1.03853354
0.7,43.31881815,0.23530343
0.8,-55.24586089,1.00130191
0.9,96.49661174,0.39975591
1.0,97.53384237,1.53835418
1.09391667,71.25534923,1.77827836
