segment,pitch,stretch
0.0,-74.24878318,0.93601321
0.1,-12.82719127,0.02173653
0.2,3.61853193,1.07860453
0.3,-16.39499855,0.96714094
0.4,-89.70056374,1.95658064
0.5,72.53085493,1.88201263
0.6,87.29143958,0.77277656
0.7,-71.1226898,1.76144164
0.8,-39.19004307,0.10690587
0.9,-51.74295002,0.22188414
1.0,-16.28254182,0.28939347
1.09391667,-19.75159105,1.03317567
