segment,pitch,stretch
0.0,13.6818357,1.39102809
0.1,-62.28772111,1.7641323
0.2,49.12418905,1.93370096
0.3,-11.37021527,1.41546104
0.4,-54.18333873,1.8712645
0.5,89.00177849,1.58142361
0.6,-39.13145847,1.31038649
0.7,-8.40184911,1.79881342
0.8,-34.91016987,0.00761053
0.9,92.47037208,0.77279167
1.0,91.56160698,0.86326769
1.09391667,-64.52293265,1.19458968
