segment,pitch,stretch
0.0,74.87847498,0.12348508
0.1,-39.37509685,1.01129589
0.2,46.07522777,0.14453867
0.3,-26.59086479,0.66439835
0.4,-83.61712333,0.40930176
0.5,51.69873735,1.64421854
0.6,-66.29925424,1.67109861
0.7,-30.03465624,1.00053383
0.8,22.82757365,0.68839219
0.9,-30.60936999,0.08113885
1.0,-46.60182678,0.16383696
1.09391667,37.1532128,0.71948729
