segment,pitch,stretch
0.0,30.98461306,1.65452317
0.1,-17.79187274,0.58176006
0.2,33.7453651,0.51380187
0.3,-15.93784107,0.75142438
0.4,36.34266121,1.13924678
0.5,-6.45881142,0.73835275
0.6,38.75009271,0.33161747
0.7,-18.69448539,0.65193992
0.8,10.99383987,1.64752508
0.9,-57.55307603,1.01941164
1.0,68.46340248,0.79462289
1.09391667,-57.3554082,1.32766904
