segment,pitch,stretch
0.0,-30.37103026,1.56358407
0.1,48.19693032,0.66938937
0.2,60.21879648,0.62318935
0.3,-12.9108181,0.13798643
0.4,61.17128835,1.67432231
0.5,19.24517735,1.91695281
0.6,41.79476445,1.90714452
0.7,96.88218939,0.54460332
0.8,-23.72521723,0.86040489
0.9,33.3965621,1.76371179
1.0,9.85905215,1.54546749
1.09391667,-87.41832761,0.75722411
