segment,pitch,stretch
0.0,-84.46412598,0.36586486
0.1,-48.29800463,1.2838589
0.2,-81.14674871,0.35124497
0.3,-14.72052063,0.55313004
0.4,84.15645486,1.38696071
0.5,-46.7306994,0.05285084
0.6,-55.92753429,0.33437309
0.7,69.20414462,0.05014106
0.8,42.35113705,1.1093355
0.9,68.93741473,1.05755937
1.0,5.16727893,0.06749628
1.09391667,-87.05225408,1.22701865
