segment,pitch,stretch
0.0,-21.96933263,0.48716735
0.1,21.34738665,1.05776716
0.2,31.11757961,1.06204204
0.3,-97.99268721,1.04698992
0.4,-9.10924424,1.4258698
0.5,6.54964279,0.044516
0.6,-88.03304288,1.54012871
0.7,-43.35008219,0.40475238
0.8,96.98577024,1.50449696
0.9,50.71384678,0.29484315
1.0,-60.40662606,1.60594219
1.09391667,58.67238149,0.44012247
