segment,pitch,stretch
0.0,0.33828369,0.38016584
0.1,2.41058867,1.8714009
0.2,-12.54892467,0.45382881
0.3,-41.7912056,1.31398474
0.4,-44.49264688,1.04402362
0.5,0.14407831,0.57870544
0.6,-25.57843431,1.74841786
0.7,-39.2816597,1.62984391
0.8,-88.59516391,0.16451748
0.9,-28.05531573,0.80459877
1.0,-37.07272381,0.03974207
1.09391667,-61.44238802,1.20121467
