segment,pitch,stretch
0.0,71.04099317,0.32232713
0.1,-42.03930608,1.90963826
0.2,46.93563502,0.28107249
0.3,-51.87328236,0.54097624
0.4,10.60142126,0.28507748
0.5,59.34112363,1.95449542
0.6,-57.32922539,0.17900475
0.7,63.74085998,0.64982675
0.8,80.12937217,1.14361022
0.9,-45.30017258,0.6672144
1.0,30.99436051,0.14207979
1.09391667,18.44545635,0.00415302
