segment,pitch,stretch
0.0,13.25816798,1.08575691
0.1,5.77647533,0.54086757
0.2,72.78999168,0.73021835
0.3,-47.92422824,1.37147127
0.4,-43.47633617,0.74349833
0.5,77.25010358,1.2598917
0.6,3.91161984,0.03492262
0.7,81.00627676,1.8293003
0.8,-33.28825485,0.6502698
0.9,-0.84600443,1.16525453
1.0,-76.41274274,1.3130508
1.09391667,-41.12581414,1.44461782
