segment,pitch,stretch
0.0,-6.61362073,0.69132615
0.1,16.0389953,1.70453966
0.2,-15.26495654,1.15898488
0.3,-82.62165142,0.76725677
0.4,85.7387579,1.1728167
0.5,15.3822882,1.82028555
0.6,-26.54266781,1.83292981
0.7,-60.18579541,1.929681
0.8,-28.6472792,0.83713433
0.9,66.02417384,0.85579123
1.0,39.52898261,1.16758419
1.09391667,-19.70187517,1.84761063
