segment,pitch,stretch
0.0,-38.5670272,0.46903116
0.1,2.77922896,1.08350321
0.2,49.85197562,1.32793945
0.3,77.76044208,0.31154992
0.4,-29.8394914,0.67118234
0.5,-0.49098681,0.74590894
0.6,-75.25398624,1.99224787
0.7,-69.6637691,0.78909547
0.8,72.91981936,0.46679106
0.9,-53.88815215,0.60556238
1.0,0.89047902,0.47961855
1.09391667,-50.064946,1.09390391
