segment,pitch,stretch
0.0,44.65499148,0.45157531
0.1,77.52873905,0.81502167
0.2,7.66193616,0.73184795
0.3,-36.65234069,1.39041991
0.4,-38.57977077,0.8131102
0.5,-69.81992681,0.63770546
0.6,-3.21185942,0.48204551
0.7,-3.7989625,0.64449527
0.8,-60.5356981,0.17411585
0.9,10.60420307,1.43103789
1.0,73.74029871,1.90034823
1.09391667,-42.3978276,0.79167247
