segment,pitch,stretch
0.0,66.22088329,0.53820699
0.1,-5.13412803,0.50417448
0.2,-6.11874153,1.24224985
0.3,-90.40360626,1.39300909
0.4,32.06545372,1.26037646
0.5,-65.0306572,1.07818355
0.6,-6.23225895,1.23543803
0.7,-23.5823243,1.80782898
0.8,77.81337781,0.94957733
0.9,-20.41987669,0.60641079
1.0,21.49612229,1.83181528
1.09391667,9.32174873,0.67500242
