segment,pitch,stretch
0.0,-71.22269302,0.64229707
0.1,81.0106601,0.83761643
0.2,57.89841848,0.27469413
0.3,-20.90242642,1.66128254
0.4,-14.30711836,1.11706047
0.5,-91.16050531,0.71185951
0.6,-51.25509361,0.78321207
0.7,-32.58617714,1.3379864
0.8,-1.65304819,1.4411775
0.9,-46.25752807,1.25595477
1.0,-57.14980858,0.30425647
1.09391667,-0.56518547,1.82291256
