segment,pitch,stretch
0.0,-72.16367523,1.23252036
0.1,89.23048569,0.41153547
0.2,3.93643173,1.30500866
0.3,32.33211102,0.16779894
0.4,57.94131679,1.44956343
0.5,3.36702109,0.43462
0.6,61.97454592,1.17161273
0.7,-38.94515992,1.33009112
0.8,18.02819855,1.9601355
0.9,-7.01403953,1.16018484
1.0,22.99913436,0.4872476
1.09391667,-15.24744046,0.4931797
