segment,pitch,stretch
0.0,-92.26077834,1.18766689
0.1,11.95344045,1.17925246
0.2,35.63077321,1.18714511
0.3,10.32953838,0.81117053
0.4,-65.38984885,0.881102
0.5,97.33649353,0.91983652
0.6,-8.45532029,1.26950169
0.7,-65.12679711,1.73435483
0.8,-45.40923943,0.23522848
0.9,15.66943247,1.44084722
1.0,-78.97347716,0.55279263
1.09391667,28.12793686,1.79690954
