segment,pitch,stretch
0.0,-83.00734362,1.43154352
0.1,84.10171544,1.56325347
0.2,49.2008901,1.26543708
0.3,-10.6841825,0.423798415
0.4,-4.51825693,1.27376863
0.5,13.05855171,0.758380694
0.6,-89.35484482,0.001003512
0.7,31.98534685,0.899071383
0.8,-75.69390241,1.10287579
0.9,27.20832849,1.25133293
1.0,56.31930051,1.83305733
1.09391667,-35.91935055,1.51505239
