segment,pitch,stretch
0.0,11.393599,0.33558218
0.1,-25.92763325,1.47085946
0.2,93.09450751,0.42700658
0.3,17.50673978,1.63800854
0.4,-67.065208,1.67053022
0.5,0.14838244,0.8636525
0.6,-22.94606211,0.51731901
0.7,-18.25136922,0.97200789
0.8,-18.86724281,0.10665745
0.9,47.3067892,0.48829347
1.0,58.80279443,0.96735989
1.09391667,-1.7109362,0.80931934
