segment,pitch,stretch
0.0,4.14643055,1.34304487
0.1,55.79753149,1.94828155
0.2,-63.42272798,1.81846113
0.3,-40.60813041,0.06068854
0.4,-85.79001431,0.95997788
0.5,-31.93461576,0.98743905
0.6,-73.76037774,0.49081153
0.7,-54.82415725,1.93641378
0.8,85.10642222,0.02141652
0.9,-54.96930538,1.82619941
1.0,41.58093041,0.02158423
1.09391667,28.32805855,1.73531275
