segment,pitch,stretch
0.0,-33.59942656,0.74847219
0.1,-41.84333916,1.40230026
0.2,-40.30789258,1.16814049
0.3,97.61230048,0.39427788
0.4,-42.50162748,0.29523071
0.5,-1.77866558,0.85786838
0.6,0.70986705,1.07664541
0.7,34.96717961,1.03582874
0.8,-92.90998765,1.47906255
0.9,-56.37241834,1.68040409
1.0,5.28111122,0.00212421
1.09391667,-12.0144277,0.47626778
