segment,pitch,stretch
0.0,48.80645604,0.56207448
0.1,3.74871088,0.93485315
0.2,36.66338235,1.21075073
0.3,0.45158548,1.91331277
0.4,-34.50897998,0.52750999
0.5,21.44979621,1.42707635
0.6,-13.42489637,1.96742567
0.7,3.18187359,1.57355325
0.8,-14.80243304,0.94386171
0.9,76.25105629,0.6095205
1.0,-29.02472721,0.97846037
1.09391667,-75.42163707,1.94412545
