segment,pitch,stretch
0.0,-40.47622517,1.62313454
0.1,32.74162238,1.28157799
0.2,-31.99785117,0.17374894
0.3,26.01051774,1.33840529
0.4,80.55211369,1.99443486
0.5,18.01549087,1.3531925
0.6,52.7809862,1.87514045
0.7,49.03700675,0.88384361
0.8,-27.91135425,1.18722403
0.9,36.58986798,1.83701617
1.0,-73.7373691,1.36559917
1.09391667,98.91564747,0.09127158
