segment,pitch,stretch
0.0,-2.41900738,1.81607637
0.1,-65.10936104,1.79791742
0.2,-27.82316235,1.28936134
0.3,41.61212407,1.13263155
0.4,-37.59716444,0.61084433
0.5,84.73262552,1.50612828
0.6,34.73400205,1.99649644
0.7,-30.1082561,0.56234564
0.8,-63.0729989,0.4625337
0.9,-90.77732933,0.98197063
1.0,-4.9487879,0.31924939
1.09391667,-47.54503703,0.55890029
