segment,pitch,stretch
0.0,-7.32786977,0.45756233
0.1,-57.46968162,0.00297482
0.2,-51.48206507,1.19670532
0.3,77.63466913,0.65081773
0.4,45.22839705,0.22469511
0.5,-27.78980975,0.33338284
0.6,-14.67402927,1.91381058
0.7,66.92200223,0.36993011
0.8,44.7359597,1.21459689
0.9,87.34456413,1.1126352
1.0,37.61860755,1.39772335
1.09391667,91.85438616,1.16252792
