segment,pitch,stretch
0.0,81.83092524,1.65195738
0.1,-80.13069751,1.50342219
0.2,-11.65632902,1.06152039
0.3,-46.08084266,0.87273268
0.4,3.29741478,1.30041173
0.5,38.2144639,1.27181021
0.6,-36.34649143,1.2829939
0.7,-64.94911042,0.80379216
0.8,55.28808141,0.54976242
0.9,-85.65631623,1.4846347
1.0,45.03584187,0.86531381
1.09391667,-22.28745039,0.63375774
