segment,pitch,stretch
0.0,37.06586667,0.38877409
0.1,50.7395804,1.41531624
0.2,-33.05935168,1.73475513
0.3,-68.36129611,0.46912413
0.4,97.30192,0.39793421
0.5,69.61380095,0.96500121
0.6,69.64301942,1.49151778
0.7,38.81811493,0.60244076
0.8,9.12823389,0.32922577
0.9,-90.77472933,0.54557953
1.0,-60.21880391,0.88296579
1.09391667,58.74577388,0.48906192
