segment,pitch,stretch
0.0,-7.89423459,1.73172447
0.1,-50.39853442,1.30536321
0.2,85.22773015,0.28962065
0.3,-7.88513069,1.6166787
0.4,-36.68324303,0.55677008
0.5,-4.8649615,1.31756148
0.6,-92.19494919,1.4789538
0.7,-6.11032283,0.53950686
0.8,41.34470973,0.89868821
0.9,-73.07088632,0.90401257
1.0,50.36502587,0.61580764
1.09391667,-49.90215361,1.87610476
