segment,pitch,stretch
0.0,93.46024718,0.69074333
0.1,-38.0106705,0.32933862
0.2,-30.70791106,1.76708997
0.3,-49.1070975,0.49648564
0.4,91.46247689,1.45285745
0.5,78.82386136,1.00544929
0.6,-6.45155929,1.307348
0.7,-83.2103546,0.52979989
0.8,-83.88050829,1.11439341
0.9,-99.45548406,1.95169189
1.0,66.97768693,1.74620984
1.09391667,38.56846955,0.09671244
