segment,pitch,stretch
0.0,5.35510852,0.99413203
0.1,82.22763866,0.35886786
0.2,78.44526729,0.68901736
0.3,-3.07690156,1.32582542
0.4,-26.87127611,1.93650033
0.5,-1.1256219,1.64621245
0.6,-86.86575837,1.68793936
0.7,73.06997556,1.14468764
0.8,48.90999268,1.13594555
0.9,52.65203742,0.473778
1.0,-49.74668146,1.84215607
1.09391667,-71.87075445,0.96391319
