segment,pitch,stretch
0.0,-8.65746923,1.97743958
0.1,-27.87522694,0.36006803
0.2,41.79329436,0.06856355
0.3,-23.16935708,0.38955927
0.4,18.8592239,1.25297016
0.5,40.29392848,0.33975417
0.6,77.6038757,1.12200744
0.7,33.5103026,1.75189261
0.8,71.9206852,0.43539509
0.9,-28.91081602,1.78200425
1.0,-66.92854856,0.58801976
1.09391667,-70.4693707,0.997712
