segment,pitch,stretch
0.0,-8.90413291,0.85973831
0.1,14.69079878,1.50793383
0.2,16.86515392,1.6389584
0.3,-0.90328453,1.35118399
0.4,-81.95044393,0.67347382
0.5,39.38574307,0.90170453
0.6,48.97516123,1.48284903
0.7,22.02745292,0.52532692
0.8,-62.58672275,0.42512417
0.9,40.96128128,0.61558677
1.0,-87.24049134,1.20691188
1.09391667,-36.18929768,1.76719884
