segment,pitch,stretch
0.0,73.04653382,1.47836601
0.1,61.01214683,1.01623989
0.2,-82.4479578,1.48528015
0.3,-6.35059144,0.37422398
0.4,58.86113959,0.85864758
0.5,19.19354738,0.94448051
0.6,-31.09076765,1.48225941
0.7,-78.80759367,0.12460905
0.8,40.88540154,0.28155513
0.9,2.78755214,0.51707897
1.0,-65.38807899,0.25575056
1.09391667,58.80108337,0.70835394
