segment,pitch,stretch
0.0,54.85574333,0.56749545
0.1,0.70808879,1.44378271
0.2,-80.1183649,0.79216525
0.3,41.22016504,0.86392682
0.4,-9.97599034,0.6963626
0.5,90.56668979,0.60530731
0.6,-60.35193263,1.66078928
0.7,61.72690789,1.6801741
0.8,88.15092983,1.39430446
0.9,40.7935106,0.81152744
1.0,84.72598744,0.36950081
1.09391667,-47.25265497,1.44384249
