segment,pitch,stretch
0.0,13.17731857,0.34094022
0.1,13.38844503,0.19016609
0.2,-2.93736893,0.78973148
0.3,65.128601,1.45881618
0.4,53.87360247,1.41599405
0.5,-0.34021564,1.39781882
0.6,-58.53870567,0.32952238
0.7,-81.74346202,0.80753811
0.8,-87.40484801,0.14343543
0.9,-0.74903693,1.78385386
1.0,44.66507116,1.76017797
1.09391667,86.63877281,0.82405184
