segment,pitch,stretch
0.0,-55.14721801,0.29299266
0.1,57.09452307,0.9247964
0.2,-1.62499195,1.0494158
0.3,-13.00347301,1.81345336
0.4,13.64765964,1.7292362
0.5,-16.23645369,0.3059786
0.6,12.80202188,1.60566624
0.7,18.490615,1.60640041
0.8,-32.73911513,0.6923723
0.9,72.91810524,1.31031073
1.0,-39.54069726,0.9624361
1.09391667,1.32954538,1.523717
