segment,pitch,stretch
0.0,83.45320293,1.30725461
0.1,47.1123547,0.36515134
0.2,-44.09395349,0.27834174
0.3,80.4089211,1.38784543
0.4,-65.95886508,0.18344109
0.5,-25.59965852,0.42703515
0.6,58.94865135,1.85819174
0.7,-95.38965028,1.3517083
0.8,10.68091992,1.52712698
0.9,-57.68744928,1.44811226
1.0,5.39108627,1.0038839
1.09391667,37.38622487,0.79645394
