segment,pitch,stretch
0.0,-54.89447986,0.81951556
0.1,25.1169893,1.67117432
0.2,-40.43511265,1.15867829
0.3,-62.36717191,1.19627059
0.4,-52.87769156,1.65204518
0.5,-60.51030312,1.89905296
0.6,-20.66217752,1.49874094
0.7,39.3890126,1.49402448
0.8,-42.20316614,0.52089687
0.9,-5.07453967,0.54496633
1.0,63.70783578,0.14699143
1.09391667,15.89619138,0.8383136
