segment,pitch,stretch
0.0,9.88794778,0.87231247
0.1,-95.33959947,0.98456716
0.2,-71.35423478,0.16901934
0.3,-83.02465504,0.73359769
0.4,44.94534434,1.77352581
0.5,90.60802244,0.80191765
0.6,-21.26982867,1.98344476
0.7,9.71569321,1.54524915
0.8,-55.27404123,1.67546329
0.9,-2.41346819,1.13666865
1.0,56.20871311,1.61861075
1.09391667,-52.83193459,1.31490021
