segment,pitch,stretch
0.0,51.90512372,0.68267885
0.1,26.85875961,1.28009677
0.2,69.50769052,0.67214969
0.3,2.73798265,1.87173266
0.4,19.91752894,1.28139012
0.5,84.74462974,1.50975007
0.6,48.1433783,0.29459019
0.7,62.38973842,0.69646694
0.8,-28.25964696,0.8036912
0.9,1.39285788,0.28906304
1.0,-27.01293378,1.49505706
1.09391667,-26.97031791,1.88331259
