segment,pitch,stretch
0.0,41.80743468,1.01381682
0.1,-95.17376615,1.5620604
0.2,39.98208272,0.19265383
0.3,-46.35703256,1.42247653
0.4,24.82145544,0.70328136
0.5,-31.00133873,1.01966488
0.6,-26.38344945,1.23451824
0.7,86.60347,0.55082158
0.8,-70.37080157,0.451758
0.9,61.18063824,0.68398752
1.0,-30.21404124,0.79476381
1.09391667,-36.90555067,1.69556673
