segment,pitch,stretch
0.0,-53.63878643,0.25625638
0.1,-38.8400944,1.23524187
0.2,-9.87265498,0.81990957
0.3,16.2059687,1.45712995
0.4,-90.53563301,0.4819737
0.5,64.72350929,0.32505179
0.6,-52.05654387,1.44150274
0.7,-42.35049902,1.58605202
0.8,32.88204039,0.48300943
0.9,-86.42075109,1.19049872
1.0,31.2389269,1.85243238
1.09391667,-10.13697021,0.92208217
