segment,pitch,stretch
0.0,-2.19989306,1.80366268
0.1,-17.54385673,0.63199927
0.2,-35.4480887,1.72021084
0.3,38.42421814,1.85097281
0.4,19.51422171,0.29605958
0.5,-2.86344702,1.04155763
0.6,24.21245357,0.33290829
0.7,-20.07763652,0.77719776
0.8,-4.69526924,1.6690738
0.9,46.92767694,0.76251785
1.0,-4.88253914,1.74728665
1.09391667,23.85195976,0.67244999
