segment,pitch,stretch
0.0,24.63183347,0.27443004
0.1,13.73246145,1.84171745
0.2,-60.43880616,1.67288004
0.3,7.09789875,0.06788145
0.4,-33.19551678,0.85380936
0.5,95.64356753,0.74095746
0.6,-14.26788655,0.50118345
0.7,66.37452918,0.34417323
0.8,21.11990371,0.18827799
0.9,91.73440173,1.5764248
1.0,98.54474933,1.57665407
1.09391667,47.66166762,0.79567252
