segment,pitch,stretch
0.0,43.74330497,0.97173824
0.1,1.01157467,1.13719013
0.2,43.31214435,0.97088095
0.3,-64.99824003,1.35537493
0.4,66.22849696,1.16227483
0.5,15.92034767,1.14260693
0.6,-84.49981369,1.21216761
0.7,-36.42045257,1.78190595
0.8,0.56154779,1.16672006
0.9,-55.57576832,1.41993199
1.0,55.0789401,0.32201877
1.09391667,15.84660207,1.26556623
