segment,pitch,stretch
0.0,-24.02277358,1.0914461
0.1,63.4439463,0.33098092
0.2,-22.47731103,1.86196051
0.3,-9.99025732,0.09450542
0.4,58.56180387,1.1158369
0.5,62.8001027,0.90347235
0.6,15.39253294,1.55895669
0.7,56.82172684,1.11486536
0.8,-77.92272587,0.70296155
0.9,-72.7474465,1.56868029
1.0,-73.86130367,1.33347033
1.09391667,-78.65780479,1.27370222
