segment,pitch,stretch
0.0,14.75106281,1.14538344
0.1,61.55616618,1.63691709
0.2,-53.67988365,1.34954163
0.3,-26.40552644,0.87865188
0.4,-39.74978172,0.87105183
0.5,59.30152115,0.97837698
0.6,47.78500901,0.24331513
0.7,-56.28829924,1.31332622
0.8,-27.92998764,1.65018095
0.9,-79.09348068,0.9374591
1.0,-12.41548757,1.20965119
1.09391667,52.16057728,1.85980397
