segment,pitch,stretch
0.0,36.98660599,0.81226984
0.1,-60.95311815,1.65591745
0.2,71.26510733,0.7009818
0.3,11.062559,1.67859876
0.4,70.6179669,1.05248669
0.5,-52.90665563,0.39767772
0.6,78.12480734,1.01059837
0.7,46.03409877,0.20028443
0.8,-66.74754668,0.75506808
0.9,56.18548234,1.57615428
1.0,-83.86573512,0.51140578
1.09391667,32.71445858,1.06238543
