segment,pitch,stretch
0.0,-16.05998387,1.41692406
0.1,-6.21136003,0.91307354
0.2,15.42568052,0.23372117
0.3,-56.10367399,1.97756992
0.4,33.39228695,1.31491234
0.5,34.4075698,1.31849018
0.6,-77.75225733,0.47935442
0.7,-35.86968862,1.36758715
0.8,-61.24335468,0.01597757
0.9,-7.24177995,0.93040558
1.0,-1.64660066,1.42845797
1.09391667,30.95625256,0.18013663
