segment,pitch,stretch
0.0,45.17443614,1.05701846
0.1,47.16225486,0.44895522
0.2,15.3532987,0.19506386
0.3,-43.81061568,0.99480529
0.4,83.17284614,0.46252356
0.5,60.7769414,1.45908064
0.6,-66.30411683,0.86428301
0.7,76.89695455,1.14188193
0.8,67.53178197,1.15486393
0.9,52.8137554,1.55511006
1.0,-86.58423276,0.92101672
1.09391667,98.32439456,1.0777974
