segment,pitch,stretch
0.0,84.98139411,1.86732056
0.1,17.09678879,0.44857368
0.2,57.17804744,1.73229159
0.3,14.4816153,0.24838145
0.4,-95.87323345,1.53185401
0.5,72.05470838,1.59335631
0.6,30.06629286,0.96995374
0.7,-8.14218992,1.30472387
0.8,-4.76706145,1.4318374
0.9,60.66734428,0.45428712
1.0,-30.19655674,0.92562243
1.09391667,-39.41077424,0.45157817
