segment,pitch,stretch
0.0,2.02767746,0.52488194
0.1,-33.8864136,0.07938129
0.2,22.2108892,1.27880301
0.3,26.8443858,0.8345871
0.4,54.5751314,1.20448566
0.5,17.7209079,1.38294306
0.6,46.4311721,1.20996935
0.7,74.3025548,0.87104857
0.8,24.2178378,0.98676135
0.9,-0.0117232829,0.71720025
1.0,-55.3381983,1.3134078
1.09391667,-51.2005151,0.6531164
