segment,pitch,stretch
0.0,44.47796626,1.16365892
0.1,72.35684443,1.32074679
0.2,-17.68947707,0.98723075
0.3,70.79565504,1.34736881
0.4,-42.99608759,1.9395238
0.5,31.43453027,1.00857384
0.6,-18.00256732,0.72649141
0.7,43.1706274,0.12011257
0.8,-37.59278076,0.44120338
0.9,7.82795904,0.10933434
1.0,39.02364152,0.34432793
1.09391667,-63.74950888,1.78306962
