segment,pitch,stretch
0.0,79.0390651,0.49033963
0.1,36.23720606,1.92693389
0.2,59.88505324,0.63464649
0.3,35.79437608,0.92002545
0.4,1.83402307,0.7042678
0.5,73.3370193,0.59965101
0.6,-82.63220087,0.57753473
0.7,49.23957633,1.31617156
0.8,10.5160274,1.11503481
0.9,-94.9780405,1.71749538
1.0,20.48401592,0.94991936
1.09391667,-2.68158482,0.61904564
