segment,pitch,stretch
0.0,10.50801154,1.17811947
0.1,53.01075337,0.17767022
0.2,-45.92576003,0.48691175
0.3,19.52430908,0.61421231
0.4,-49.30728031,1.08242916
0.5,14.12996474,0.36464212
0.6,-38.56124135,1.11640778
0.7,60.51994471,0.46617429
0.8,-80.92150268,1.24207175
0.9,77.91302957,1.740718
1.0,-17.96219129,0.97634615
1.09391667,-4.0549477,0.84642764
