segment,pitch,stretch
0.0,68.00908508,0.75704727
0.1,62.86337393,1.26162294
0.2,-78.66229145,0.12232387
0.3,22.2543924,1.21737576
0.4,-38.38701394,0.91087215
0.5,42.22150711,0.43725261
0.6,-45.69118252,1.41339021
0.7,-2.62995829,0.84435274
0.8,-5.53100906,1.45939376
0.9,-28.52107901,0.25757528
1.0,49.22868474,0.16904312
1.09391667,-68.48939537,1.55565222
