segment,pitch,stretch
0.0,46.77057766,0.94113564
0.1,6.53423564,0.426958
0.2,87.60072251,0.98755995
0.3,96.80442869,1.5976329
0.4,-66.64150433,0.77306227
0.5,-65.5107245,0.84513323
0.6,-89.05316387,1.55668389
0.7,-94.07157603,0.13811629
0.8,-1.26954852,1.01089963
0.9,-25.92154029,1.10803593
1.0,24.94515678,1.26621877
1.09391667,-38.69158076,0.96623921
