segment,pitch,stretch
0.0,-52.58118809,0.04069066
0.1,12.25497131,1.79280913
0.2,-66.99465096,1.62861486
0.3,33.21075969,1.99142518
0.4,-80.7229313,0.68846699
0.5,33.52953563,0.95565852
0.6,-70.06014591,1.55389223
0.7,74.24671254,0.39415735
0.8,-72.74719072,1.19562483
0.9,-6.6044487,1.16664034
1.0,14.62137165,0.62122377
1.09391667,-3.50523329,0.83751938
