segment,pitch,stretch
0.0,-66.54027977,1.30902013
0.1,72.08787066,1.77420651
0.2,-56.77584869,1.24550761
0.3,-36.97947012,0.68148521
0.4,43.73402827,1.5097978
0.5,19.53034116,0.87895003
0.6,-35.65016919,0.57287352
0.7,12.37356045,0.19847139
0.8,-24.97795402,1.57884859
0.9,57.77915604,1.32641243
1.0,-30.716589,0.36090675
1.09391667,78.48935482,1.90030926
