segment,pitch,stretch
0.0,-63.35061063,0.08705993
0.1,-12.99108937,1.16779184
0.2,82.76327371,1.21817992
0.3,-37.04296685,1.4013418
0.4,12.42823269,0.6973531
0.5,-3.53155132,1.80885829
0.6,-65.36206882,1.88816728
0.7,37.4940371,0.0831571
0.8,82.10669288,1.479167
0.9,44.64707994,1.19168264
1.0,19.81650131,1.28184293
1.09391667,-37.93998677,1.25532644
