segment,pitch,stretch
0.0,-3.72553925,0.66197281
0.1,-41.77635103,0.38892539
0.2,-64.64581593,1.26355648
0.3,-0.78514906,0.34485331
0.4,-70.50997039,0.98807129
0.5,-34.81986123,0.56904936
0.6,-59.46042522,0.23018048
0.7,29.81407596,1.60610688
0.8,-52.11647052,1.58476743
0.9,98.4622519,0.26441475
1.0,58.6455937,0.54392284
1.09391667,89.20517371,0.04911314
