segment,pitch,stretch
0.0,16.40248558,0.38841716
0.1,-74.48361089,0.81078957
0.2,-68.54189756,1.40021639
0.3,-12.74577912,0.37000306
0.4,42.91022855,0.86528291
0.5,61.35454691,0.21278301
0.6,-74.78284805,1.55046698
0.7,71.03659878,1.739545
0.8,51.11475536,1.10810315
0.9,52.57489365,0.37698393
1.0,-21.18365938,1.01484038
1.09391667,62.14901308,0.3479372
