segment,pitch,stretch
0.0,-67.17987083,1.61589393
0.1,70.02176421,1.03467422
0.2,82.2704811,1.69488483
0.3,-4.42560713,0.26984678
0.4,-22.03224373,1.53427209
0.5,-71.21536039,1.44135847
0.6,23.47193627,0.91698709
0.7,-95.21485964,0.33548871
0.8,76.54647,1.77334308
0.9,67.43828429,1.62177199
1.0,-41.3478141,0.29474728
1.09391667,-8.81391429,0.79627592
