segment,pitch,stretch
0.0,50.7358721,1.24615014
0.1,-37.41238679,1.8454839
0.2,-21.91541438,1.76277899
0.3,67.49251718,0.88473448
0.4,36.0609863,0.58271182
0.5,29.68399092,1.46602634
0.6,69.24169566,1.79468998
0.7,2.10305954,1.56143928
0.8,23.93501401,0.46568097
0.9,-17.64282744,0.5808441
1.0,80.89116082,1.80196263
1.09391667,-10.99932322,1.58954467
