segment,pitch,stretch
0.0,35.80517537,1.51358533
0.1,-47.20528256,0.29972078
0.2,10.16864163,1.18281069
0.3,32.59206289,1.39231518
0.4,20.53754814,1.77974686
0.5,-78.8593211,1.1695001
0.6,-97.96541086,1.77666203
0.7,49.60543729,0.8164879
0.8,-69.92457952,0.08502592
0.9,-3.69767957,1.29069951
1.0,-3.35302539,0.64002495
1.09391667,29.32411719,1.74584587
