segment,pitch,stretch
0.0,37.82351895,1.3762948
0.1,-67.70818615,0.33841533
0.2,68.69944334,0.45852716
0.3,52.36371426,1.7289391
0.4,75.26535893,1.37893215
0.5,-76.41094454,1.61108602
0.6,0.45465547,0.84685901
0.7,55.44753482,1.08403972
0.8,-53.17394643,0.42004792
0.9,-98.70911392,0.56823128
1.0,-4.73000909,1.43622179
1.09391667,-39.29610214,1.0044269
