segment,pitch,stretch
0.0,55.67307479,0.52782995
0.1,-68.77763233,1.04888997
0.2,-65.56479824,1.48348863
0.3,-28.17507295,0.48831434
0.4,12.71546493,0.57381204
0.5,79.84163838,0.45321787
0.6,-44.12045936,1.63628375
0.7,-80.03895773,1.60012046
0.8,89.560279,1.77258714
0.9,-86.43761931,0.52302607
1.0,26.43928763,1.59376443
1.09391667,35.34186428,1.33420322
