segment,pitch,stretch
0.0,23.83274793,0.06036971
0.1,58.93639275,1.88058462
0.2,38.21414004,0.18227098
0.3,28.9924604,1.37773272
0.4,-7.06068982,1.64549947
0.5,-87.6291124,1.67194705
0.6,-19.55999428,0.64689213
0.7,12.86748648,1.59726084
0.8,60.66600698,0.96069219
0.9,63.14579763,1.00931817
1.0,38.43403738,1.05195825
1.09391667,-11.41285249,1.96327853
