segment,pitch,stretch
0.0,62.22235335,0.91642602
0.1,-97.11025465,1.72329218
0.2,72.03160739,1.99088782
0.3,40.47895004,0.00501952
0.4,-75.64985874,1.41330373
0.5,-62.21115329,0.58310659
0.6,34.38722215,1.5248844
0.7,96.86141958,0.15841589
0.8,52.32592552,1.39576372
0.9,47.74773781,1.97205737
1.0,37.75239805,1.24408728
1.09391667,-10.16077912,1.54258522
