segment,pitch,stretch
0.0,73.66932606,1.55016183
0.1,-66.94779644,0.89838662
0.2,17.54153331,0.42808685
0.3,-33.4804178,0.92207517
0.4,-75.87348007,0.40201435
0.5,-19.3699166,0.78725452
0.6,44.64649322,0.99552959
0.7,49.72085551,1.64481575
0.8,-60.52101801,1.59282789
0.9,-63.98249467,0.98679066
1.0,-38.32664081,1.29384626
1.09391667,93.53202253,1.70769846
