segment,pitch,stretch
0.0,16.27018666,0.42429773
0.1,-74.75395213,0.55671169
0.2,55.44859949,0.96508228
0.3,-32.83945411,0.7665276
0.4,30.01434436,0.96341741
0.5,48.58281319,0.06275252
0.6,-85.68192699,0.89297301
0.7,27.03943406,0.16213779
0.8,14.64264022,1.88232235
0.9,-60.92798451,1.9298227
1.0,-13.82637474,0.08076178
1.09391667,-65.39894946,1.11155621
