segment,pitch,stretch
0.0,5.56347498,1.83509432
0.1,75.73661073,0.44211572
0.2,-90.85300276,1.03578017
0.3,-28.02471483,0.46973677
0.4,-62.26468724,0.54820752
0.5,17.80250947,0.51964922
0.6,29.29879682,0.06117772
0.7,-6.14897809,0.67480304
0.8,-11.9254819,0.85869346
0.9,6.20327944,1.90136883
1.0,-44.51875699,1.31276151
1.09391667,52.00361599,1.93524577
