segment,pitch,stretch
0.0,65.61179343,0.83700943
0.1,-39.97146472,0.2618818
0.2,-86.73516171,1.31905662
0.3,-74.3506223,1.4582753
0.4,-81.32603757,1.31458936
0.5,-10.38113119,1.35802682
0.6,-69.09018152,0.4851906
0.7,-89.25700292,1.37617677
0.8,19.63434649,1.69244764
0.9,-97.86540823,0.50733375
1.0,14.21326079,1.77327588
1.09391667,-79.27637989,0.89651159
