segment,pitch,stretch
0.0,53.78872747,0.07590352
0.1,-31.30231847,0.7087577
0.2,-95.20758858,1.45218303
0.3,-77.87616394,0.80997209
0.4,4.48979234,1.75678136
0.5,-76.42784497,1.99645024
0.6,6.07718634,1.82588157
0.7,-41.20247157,0.2120908
0.8,-17.3481238,0.72760948
0.9,-17.17913846,0.31892552
1.0,18.70166714,0.40752537
1.09391667,50.68092334,0.76645959
