segment,pitch,stretch
0.0,54.55471531,1.33761042
0.1,-9.45538995,0.16839263
0.2,51.71669589,0.15282828
0.3,35.30778931,0.93528856
0.4,20.62870104,0.42450529
0.5,45.97492152,1.13086713
0.6,57.72908242,1.16302136
0.7,-7.90762664,1.12991064
0.8,-27.43803549,0.98725245
0.9,-45.75999486,0.61152154
1.0,65.06809526,0.86912983
1.09391667,85.31433116,0.92468658
