segment,pitch,stretch
0.0,-44.03154286,0.78645575
0.1,43.53292368,1.64980838
0.2,-39.32029451,0.9179457
0.3,56.48937501,1.56943765
0.4,79.97019062,0.89618619
0.5,-25.23129683,1.22477339
0.6,14.98640169,1.05903803
0.7,23.2049895,0.37835505
0.8,-71.91072082,1.6139649
0.9,-47.29216682,1.9176564
1.0,71.77208334,1.62142696
1.09391667,-64.89664383,1.10334919
