segment,pitch,stretch
0.0,-34.7893931,1.93393565
0.1,-71.34069905,0.26573691
0.2,58.87573247,0.73981952
0.3,-54.09913821,1.46667746
0.4,43.12020224,0.55048015
0.5,-44.41654249,0.62176048
0.6,57.88290142,0.05220831
0.7,-1.44997962,0.21971087
0.8,89.72797502,0.30059048
0.9,97.22467665,0.39403565
1.0,52.11815336,1.20859565
1.09391667,71.23188895,0.36818185
