segment,pitch,stretch
0.0,6.20403874,1.30974385
0.1,37.19731147,0.99661129
0.2,49.31472848,1.03745865
0.3,-90.70180435,1.78258145
0.4,27.47473692,0.46239098
0.5,15.65561706,1.16284284
0.6,67.99861593,0.54440065
0.7,-2.80792886,0.65589639
0.8,-17.20995774,0.81804206
0.9,38.34852693,0.8839338
1.0,6.34291962,0.72265374
1.09391667,-45.85734326,0.75155419
