segment,pitch,stretch
0.0,-15.04153425,1.52083452
0.1,-57.22263716,1.29896522
0.2,27.92618044,0.38561389
0.3,25.5799778,0.99686674
0.4,30.11064479,0.6118482
0.5,-7.71764525,1.86037541
0.6,27.65902171,0.71941397
0.7,-47.57621095,1.21671158
0.8,43.99977355,1.36149686
0.9,-15.79441044,0.57839438
1.0,-34.81966507,0.86495111
1.09391667,60.77971601,0.19592518
