segment,pitch,stretch
0.0,-56.93168928,1.92395656
0.1,-40.57515649,1.41156549
0.2,-26.26283105,0.14185194
0.3,-49.62797955,1.1985334
0.4,47.07146778,0.83326814
0.5,-96.41882062,0.71224123
0.6,63.09662026,1.58040322
0.7,98.67053018,1.02327595
0.8,-56.85749065,1.48703987
0.9,-18.03690135,0.70290333
1.0,52.13097753,0.53460392
1.09391667,52.54650928,1.10851945
