segment,pitch,stretch
0.0,-74.87697924,0.45507787
0.1,96.86117413,1.76793824
0.2,10.72305858,0.84862028
0.3,48.56085209,0.62727309
0.4,-99.82729779,1.03490246
0.5,79.99074979,1.90507478
0.6,-9.67190631,0.06135305
0.7,-89.53034614,0.24955368
0.8,84.53947336,0.72917007
0.9,-76.82386536,1.5042388
1.0,-19.04963958,1.60193394
1.09391667,78.79317252,0.72084905
