segment,pitch,stretch
0.0,49.52865222,0.59081153
0.1,12.15356225,0.51284871
0.2,-37.73778512,1.1444407
0.3,-10.50364884,1.54775545
0.4,38.58870475,1.52435775
0.5,-22.27355878,1.20325801
0.6,-48.47445884,0.62139426
0.7,-51.27115533,0.67212897
0.8,73.13710457,1.21899898
0.9,5.78656281,0.57488153
1.0,-98.51331711,0.34521849
1.09391667,24.20472837,1.9492818
