segment,pitch,stretch
0.0,59.91511279,1.85367275
0.1,12.24886821,1.18024621
0.2,96.02397802,1.49834519
0.3,13.76175382,0.18406028
0.4,61.38770088,0.92630848
0.5,-27.16563277,0.54382734
0.6,-56.7121097,1.05559663
0.7,-6.03893496,0.71322875
0.8,-52.64183472,0.836902
0.9,20.48360961,1.2036053
1.0,63.06136933,1.08845051
1.09391667,47.93084829,1.71595045
