segment,pitch,stretch
0.0,-2.34292173,0.04592369
0.1,-14.33809381,1.93256303
0.2,23.80635185,1.63542615
0.3,-47.8246654,1.38214449
0.4,37.72126587,0.23301782
0.5,52.9199081,0.53692552
0.6,7.44982422,1.02814311
0.7,-7.86948203,0.98154622
0.8,72.23117138,0.31984479
0.9,44.79944131,1.34408856
1.0,4.95796587,0.65666074
1.09391667,60.45608826,0.78367591
