segment,pitch,stretch
0.0,-0.56649463,0.16918067
0.1,13.00923979,0.56010747
0.2,-71.83469139,0.19245092
0.3,-46.43306622,1.1181282
0.4,57.51005943,1.74879815
0.5,-16.94006388,1.22782003
0.6,81.03561566,0.47006698
0.7,-97.26947589,0.46279929
0.8,-59.24275724,1.0844665
0.9,83.02020542,0.29234844
1.0,-24.61759246,0.88583526
1.09391667,26.07197114,1.9319493
