segment,pitch,stretch
0.0,56.30698685,0.40218926
0.1,33.76808102,1.30498568
0.2,7.3416935,1.88518083
0.3,54.00115317,0.73939723
0.4,60.50079064,1.18416515
0.5,93.58064811,0.74397262
0.6,16.38414301,1.77833366
0.7,53.45076847,0.98273851
0.8,57.56482396,1.41119053
0.9,-28.26782972,0.90766435
1.0,79.66793606,0.33691203
1.09391667,23.81863578,1.86488134
