segment,pitch,stretch
0.0,-59.82766829,1.35471226
0.1,-4.54284015,0.81191054
0.2,75.12688257,1.30120799
0.3,52.77263543,1.91982738
0.4,-86.38859223,1.85775535
0.5,22.0573972,0.92799532
0.6,-81.94223644,0.39882237
0.7,33.46090425,1.85696096
0.8,10.59703074,0.26578536
0.9,74.40481447,1.80594265
1.0,35.18551728,0.66929464
1.09391667,-52.88743611,1.62933111
