segment,pitch,stretch
0.0,40.54895098,0.78978042
0.1,40.15801064,1.47705853
0.2,-24.20266722,0.45256837
0.3,-7.17661388,1.62604433
0.4,-28.64234321,1.35763463
0.5,21.61308764,0.40071863
0.6,53.78152607,1.66804391
0.7,7.01627137,0.9369016
0.8,35.40837973,1.28942555
0.9,-20.07672714,0.91090345
1.0,-5.14564183,1.13070963
1.09391667,-39.03797323,1.90359161
