segment,pitch,stretch
0.0,40.69288354,1.09000391
0.1,-87.28554983,0.74880644
0.2,-64.50130746,0.58255578
0.3,65.0554957,0.66468618
0.4,-34.90387066,1.54627645
0.5,29.56597753,0.56660027
0.6,36.50215848,0.69792946
0.7,-55.69798386,1.00541299
0.8,12.84757482,0.65534854
0.9,-23.54866279,1.89531092
1.0,-55.73647309,0.87598705
1.09391667,79.84600893,1.75535151
