segment,pitch,stretch
0.0,12.53985852,0.4318111
0.1,21.99103782,1.06422616
0.2,62.33634556,1.97390757
0.3,-74.90025976,0.26817195
0.4,32.85398174,0.16804155
0.5,-33.4537755,0.37593725
0.6,-42.71623429,1.32070102
0.7,-1.00699642,0.04715572
0.8,-25.01596186,1.04948049
0.9,-49.31989542,0.94782972
1.0,38.02707377,1.69951962
1.09391667,50.96675347,1.16734118
