segment,pitch,stretch
0.0,-40.27379603,1.31885312
0.1,-9.47472605,1.52413536
0.2,10.83044308,0.3375517
0.3,-73.80571365,0.67857864
0.4,41.89217051,0.9344087
0.5,-33.36366466,0.89775046
0.6,-97.24072999,0.74652634
0.7,-3.36916359,0.00621512
0.8,-1.27566838,0.72729094
0.9,29.4346129,1.23180128
1.0,96.31719875,0.44193416
1.09391667,90.69441865,0.08230135
