segment,pitch,stretch
0.0,33.46233159,0.5633393
0.1,-61.60936231,1.7411418
0.2,77.17787096,1.3932683
0.3,52.31633647,0.64008683
0.4,50.97764834,0.69845382
0.5,94.06594582,1.78155535
0.6,-40.82786952,0.94197467
0.7,-67.26734542,0.64900441
0.8,59.11900107,1.89522637
0.9,-56.17437001,0.96282543
1.0,-15.19613378,0.73054996
1.09391667,90.15311402,0.69896131
