segment,pitch,stretch
0.0,1.66907671,0.87693375
0.1,32.28194312,0.65337813
0.2,88.89595153,0.64089741
0.3,20.95779095,1.8100412
0.4,75.26857339,1.25976755
0.5,80.94392955,0.9768095
0.6,17.54887525,1.56119235
0.7,25.07377362,0.95993111
0.8,92.52917298,0.31388654
0.9,2.73629171,1.55063506
1.0,-80.00700458,1.57282249
1.09391667,-87.47656885,1.46307629
