segment,pitch,stretch
0.0,-93.54916279,0.97267647
0.1,34.21390888,0.02715416
0.2,-58.82294687,0.28996928
0.3,10.18768241,1.11808931
0.4,-49.52140337,1.8324871
0.5,-71.54422434,1.79950878
0.6,58.16145178,1.12806689
0.7,-74.84169027,0.34574191
0.8,-47.28121675,1.0964165
0.9,17.04020125,0.06170949
1.0,-15.84668216,1.1582617
1.09391667,15.68838881,0.39253234
