segment,pitch,stretch
0.0,51.7664081,1.51537713
0.1,-80.54246428,0.15028224
0.2,-77.98130797,1.81254149
0.3,25.40612748,1.88904665
0.4,-25.13261416,0.02307613
0.5,-47.23330204,1.59293411
0.6,80.77508225,1.34709582
0.7,-91.19719701,0.43937258
0.8,-56.07696763,1.30698023
0.9,-57.98593589,1.72852212
1.0,87.03595353,1.13440146
1.09391667,-36.96026424,1.09789882
