segment,pitch,stretch
0.0,15.30476558,1.12660373
0.1,46.85469973,1.77150152
0.2,-55.01275076,0.07610986
0.3,-88.68955981,1.87054914
0.4,69.37127288,0.4194099
0.5,19.59216644,1.01013961
0.6,-6.38015959,1.42576712
0.7,-75.18241686,0.77140618
0.8,53.59227304,0.92977939
0.9,-58.58137106,0.22126866
1.0,-12.61550451,1.35947282
1.09391667,-47.53760567,0.9860846
