segment,pitch,stretch
0.0,-88.58549248,0.22284511
0.1,8.34347478,1.43554353
0.2,-33.69240403,1.25168829
0.3,-38.19874018,1.76549117
0.4,69.91001741,0.48241117
0.5,76.9560892,1.98484056
0.6,32.91071569,0.38621033
0.7,-13.39927827,0.77915885
0.8,44.52631215,0.49939301
0.9,45.29069076,1.70508711
1.0,-68.4923338,1.07362721
1.09391667,-25.64660407,1.64737721
