segment,pitch,stretch
0.0,69.92924321,1.37399784
0.1,50.83595835,1.30125162
0.2,72.89041726,0.76532722
0.3,-25.50577281,0.08256356
0.4,-12.89341009,1.10396563
0.5,-24.95937253,1.0000289
0.6,64.68704807,0.6504756
0.7,26.76917617,1.09615913
0.8,-85.40894658,0.70411597
0.9,-86.04927125,0.54802277
1.0,86.88641586,1.43991022
1.09391667,-99.07725694,1.41890007
