segment,pitch,stretch
0.0,-31.13269848,0.87360856
0.1,92.06970246,0.90374027
0.2,-23.49616722,0.13869042
0.3,28.69293566,0.36148201
0.4,91.13017666,1.64954246
0.5,73.01983282,0.8333488
0.6,26.94870672,0.92769237
0.7,-17.86331575,0.23890126
0.8,-12.47586644,0.53709856
0.9,-45.803678,1.33606874
1.0,12.54092013,1.23901183
1.09391667,96.00954818,0.13308527
