segment,pitch,stretch
0.0,54.52725229,1.1883546
0.1,-56.14693886,1.65081997
0.2,71.63132719,1.02051213
0.3,-23.02387172,1.7000584
0.4,-60.51376999,0.62509688
0.5,-64.57692494,1.60189297
0.6,46.96365994,1.40209494
0.7,2.340544,1.32470585
0.8,-11.6475953,1.16038123
0.9,62.71297866,0.96037121
1.0,-48.91159538,0.45954714
1.09391667,-39.00416387,1.53514393
