segment,pitch,stretch
0.0,-41.71376067,1.10654485
0.1,5.81272632,1.32832236
0.2,-22.32054487,1.5555922
0.3,93.64091385,0.11041486
0.4,-40.92402167,1.31993608
0.5,13.45427288,1.7629303
0.6,-86.15210755,1.83129602
0.7,-20.9667874,1.42589619
0.8,-18.58842444,0.74351112
0.9,-72.1364449,0.32763887
1.0,-83.06025628,1.7749803
1.09391667,76.41221389,1.6164567
