segment,pitch,stretch
0.0,-36.23762281,1.55188156
0.1,-35.59764132,1.09158025
0.2,-13.82808191,1.04107002
0.3,66.93896188,1.2362444
0.4,44.18525499,0.95842363
0.5,77.32475473,1.88195108
0.6,48.96526153,0.79599844
0.7,-92.8605498,1.52048921
0.8,-72.65791469,0.72907645
0.9,-40.93814374,0.85560625
1.0,53.10101084,1.78550088
1.09391667,-12.52992697,0.47871606
