segment,pitch,stretch
0.0,-12.02429693,0.63959218
0.1,23.48023528,0.78683895
0.2,75.86591316,1.2814873
0.3,-83.47756384,0.67977555
0.4,81.92852434,0.92992814
0.5,87.67744716,1.13175549
0.6,-16.33781488,0.10459473
0.7,-17.50205237,1.89307031
0.8,45.24056119,1.08894135
0.9,-41.17324019,1.66565612
1.0,-35.51150679,1.23960277
1.09391667,-42.23976402,0.80282923
