segment,pitch,stretch
0.0,-28.87420486,0.20754018
0.1,-23.35112853,1.88177303
0.2,5.36311679,1.60863404
0.3,88.42745553,0.83478671
0.4,2.47520697,1.51310965
0.5,46.1200008,1.04317866
0.6,-18.78131858,0.09474749
0.7,-50.4047441,1.6889762
0.8,70.60844452,0.35231613
0.9,-79.1017332,0.20561504
1.0,-66.82350364,0.40462269
1.09391667,-48.20226443,0.51831425
