segment,pitch,stretch
0.0,-9.00477988,0.81327237
0.1,-13.45702302,0.45075004
0.2,-2.81727849,0.1663237
0.3,-29.71164893,1.57862109
0.4,95.72220786,1.7254824
0.5,-60.23405317,1.10066579
0.6,-99.2529621,0.59792659
0.7,-7.64791957,1.42084394
0.8,-68.45334788,0.87400001
0.9,91.90753039,1.522223
1.0,93.40110395,0.56951468
1.09391667,-27.95691035,1.01798822
