segment,pitch,stretch
0.0,-17.85129661,0.72236584
0.1,44.49284576,1.69903141
0.2,-28.07602373,1.83658278
0.3,80.79649727,0.38437005
0.4,-35.87476706,0.19777168
0.5,-13.61927607,0.81094496
0.6,-13.45090469,0.04159101
0.7,74.7415388,0.34194607
0.8,-73.80839868,1.34456722
0.9,16.67710805,0.32922526
1.0,90.26780737,0.60956501
1.09391667,-18.98803571,1.98648295
