segment,pitch,stretch
0.0,-63.69177318,1.72307232
0.1,54.73276248,1.66830023
0.2,-43.55623832,1.13616271
0.3,11.0238782,1.88829015
0.4,-59.68015802,1.12700282
0.5,27.65759043,0.7230722
0.6,-5.28412069,0.45968236
0.7,11.72971173,1.25039239
0.8,72.01905562,0.98563216
0.9,65.996528,0.19974442
1.0,-90.37548991,1.44886145
1.09391667,-82.6734304,0.27222986
