segment,pitch,stretch
0.0,31.46476347,1.40929115
0.1,-97.58408055,0.95578469
0.2,54.67506657,1.08840418
0.3,22.21056557,0.27152021
0.4,0.8393727,1.01175766
0.5,-71.57742702,0.91544212
0.6,-21.98162251,1.03161778
0.7,-45.34354294,1.69417828
0.8,-54.46580015,1.14800845
0.9,-33.00243687,1.17008377
1.0,45.39245913,0.19449602
1.09391667,-24.69054897,1.58975603
