segment,pitch,stretch
0.0,97.71228094,1.26204961
0.1,-46.61979444,1.17265915
0.2,2.79591849,0.73553811
0.3,-24.69974698,1.75222103
0.4,-33.21670204,1.16360082
0.5,-22.29161776,0.78496451
0.6,-9.78409371,0.25812971
0.7,22.41186375,1.68001513
0.8,-16.19600926,1.88614824
0.9,96.89254029,0.22022692
1.0,-8.68448167,0.44747932
1.09391667,22.23097911,1.70220981
