segment,pitch,stretch
0.0,12.60054447,1.79447267
0.1,-24.04730937,0.19342468
0.2,-96.55390316,1.90657737
0.3,-0.0991441,0.96962123
0.4,-4.22567636,1.3580225
0.5,70.60990728,1.75244202
0.6,-70.63369163,1.0415074
0.7,9.74055236,0.51929492
0.8,30.38077192,0.12110661
0.9,-59.11296325,0.62938559
1.0,43.99527933,1.09820629
1.09391667,50.55732952,0.96550638
