segment,pitch,stretch
0.0,-44.33438949,1.24178701
0.1,16.47774329,1.49559335
0.2,-22.18014429,1.46207388
0.3,96.62980594,0.79768684
0.4,0.22905681,0.93952191
0.5,25.29876176,1.31580264
0.6,-1.90422532,0.66385174
0.7,20.77355212,0.36428101
0.8,26.61706742,1.49472861
0.9,-76.46197336,1.78460372
1.0,74.78681403,1.14119983
1.09391667,70.35269737,0.45644683
