segment,pitch,stretch
0.0,61.00269276,1.9915537
0.1,-4.74934843,0.89410112
0.2,9.01462899,1.56072611
0.3,79.23930225,0.98422559
0.4,-22.0403667,1.91227381
0.5,-60.9220938,1.04807259
0.6,36.91126826,0.76136187
0.7,23.15113788,1.40698191
0.8,-72.29830581,0.19509634
0.9,-56.27843268,0.95755477
1.0,-20.76477327,0.32836836
1.09391667,-26.98598325,1.63350278
