segment,pitch,stretch
0.0,-27.92030451,1.81186154
0.1,-46.10796153,1.54804085
0.2,29.27243325,0.55488288
0.3,-81.13766006,1.00824624
0.4,-25.00115648,1.07224035
0.5,-17.10951233,0.42212287
0.6,15.83507298,1.0440142
0.7,79.29241289,1.00958508
0.8,27.96570621,0.92707182
0.9,-91.92786914,1.30621654
1.0,39.38033895,1.4968603
1.09391667,-32.92969944,0.53867672
