segment,pitch,stretch
0.0,-32.55224072,0.19221515
0.1,59.44257797,1.43025401
0.2,17.39690353,1.54503316
0.3,-22.68529576,0.8626505
0.4,-75.07818399,0.16630427
0.5,-42.21384225,0.04785165
0.6,88.28795698,0.15375828
0.7,-93.76467276,0.19154161
0.8,-63.09167857,1.95653775
0.9,42.2087571,0.40020781
1.0,48.07358396,0.86859993
1.09391667,62.42851897,1.49244645
