segment,pitch,stretch
0.0,40.3969452,0.57919627
0.1,24.92470984,1.22854993
0.2,-23.52143828,1.84489284
0.3,3.42411393,1.27929622
0.4,-47.82145477,1.21414946
0.5,70.56302105,1.94766948
0.6,-9.7222436,1.55288945
0.7,20.72301517,0.57688166
0.8,-49.74845029,1.86265407
0.9,21.4766741,1.3850481
1.0,-48.95430403,1.65814683
1.09391667,46.16285525,0.28622245
