segment,pitch,stretch
0.0,90.76087004,0.64245812
0.1,90.93114699,0.32525734
0.2,-32.37019607,1.091812
0.3,77.30434891,0.92230791
0.4,-9.73234267,0.30031599
0.5,-83.24650182,0.39093775
0.6,21.51683352,0.75549465
0.7,88.66647516,1.68865449
0.8,21.52943084,0.98033477
0.9,0.60796245,1.75979764
1.0,9.87605239,1.41337712
1.09391667,92.11409348,0.97633592
