segment,pitch,stretch
0.0,-35.42543517,1.79657699
0.1,-58.51846155,0.45193929
0.2,-22.76348489,1.43927243
0.3,19.21250817,0.51811893
0.4,10.39547897,0.67991537
0.5,-11.61823126,1.97176362
0.6,-78.73745365,1.52786701
0.7,-83.41752971,0.24358096
0.8,27.65579478,0.76180969
0.9,-91.79765348,0.40398826
1.0,39.55856781,0.49665503
1.09391667,64.357963,1.15353833
