segment,pitch,stretch
0.0,13.49860993,0.0422445
0.1,78.16193023,0.76912714
0.2,43.40540276,1.16484067
0.3,44.39381188,0.51341231
0.4,1.19618008,0.61057315
0.5,97.39796145,1.22595164
0.6,-80.74515196,0.0959771
0.7,24.03355654,0.86869214
0.8,-69.35175607,1.17997392
0.9,69.20236756,1.93834455
1.0,35.51398516,0.60620459
1.09391667,-53.23346631,1.46133915
