segment,pitch,stretch
0.0,-35.3182661,1.27669121
0.1,-21.7738587,1.4602349
0.2,82.1428169,0.09750383
0.3,-12.2731677,0.51655458
0.4,4.83424811,1.15347497
0.5,-0.0854945092,1.01469442
0.6,-92.693816,0.31102011
0.7,-91.5131295,1.44230515
0.8,58.0373061,0.03377485
0.9,-28.6534312,0.48994194
1.0,45.4510696,0.17679016
1.09391667,48.3165221,0.94650881
