segment,pitch,stretch
0.0,-84.57233467,1.00848694
0.1,-44.7314948,0.79986677
0.2,-21.76001852,1.01395723
0.3,58.94026315,0.40578686
0.4,68.109547,1.18343794
0.5,49.84786379,0.73791716
0.6,60.87486089,0.58895249
0.7,50.05197286,0.92214068
0.8,83.62089831,1.8971644
0.9,-6.54901241,1.57717007
1.0,59.32339342,1.06930768
1.09391667,-66.08603468,1.74149988
