segment,pitch,stretch
0.0,-23.34522256,1.83574023
0.1,-19.55225305,1.45464116
0.2,-17.46601835,0.96557802
0.3,-18.06083259,0.862048
0.4,39.93999663,1.49154181
0.5,18.26379158,0.8466408
0.6,29.05119834,1.01287791
0.7,-59.7360239,0.24671588
0.8,88.20887552,1.40889965
0.9,-3.73411856,0.91232797
1.0,-94.561572,0.94183149
1.09391667,-28.03048225,1.23465261
