segment,pitch,stretch
0.0,-98.51702781,1.05319591
0.1,-77.74164505,0.35563608
0.2,13.86053007,0.74921535
0.3,94.45294859,1.88151113
0.4,-68.44131684,1.38340448
0.5,-11.02159052,1.0971757
0.6,-93.03562761,0.74102815
0.7,92.19991551,0.86578633
0.8,44.28946949,0.42333119
0.9,-36.54704406,1.30148328
1.0,75.92915306,0.13274677
1.09391667,43.6375557,0.3552412
