segment,pitch,stretch
0.0,-9.12051171,1.24060405
0.1,56.83840218,0.92544531
0.2,-21.1464042,1.6749497
0.3,57.63617788,0.74168877
0.4,81.73006696,0.96063823
0.5,1.9499243,1.38564295
0.6,94.78967393,0.56911063
0.7,65.64249462,0.51453492
0.8,90.5146219,0.11779349
0.9,37.72992996,0.31036913
1.0,-3.08128901,0.78583843
1.09391667,81.22811773,1.12131059
