segment,pitch,stretch
0.0,-38.86767844,1.06552273
0.1,29.31331075,1.21891825
0.2,37.64120423,0.29574975
0.3,25.96997634,0.59708479
0.4,25.06772021,1.90102073
0.5,19.15395825,0.08656429
0.6,96.7473058,1.91022134
0.7,-43.25342834,0.18523015
0.8,-30.92807771,0.17424813
0.9,-18.81814059,1.10584125
1.0,21.2135068,1.16786025
1.09391667,36.95597597,1.53062308
