segment,pitch,stretch
0.0,3.14918828,0.91646938
0.1,-23.77765777,0.05935653
0.2,33.06216364,1.47739407
0.3,-62.11705981,0.33072981
0.4,7.17201603,0.11578877
0.5,-75.75571993,1.27391033
0.6,-11.73418988,0.32212457
0.7,-67.42384643,1.51956894
0.8,50.24136352,0.3318501
0.9,-60.42241677,0.78089197
1.0,70.30658547,0.6122717
1.09391667,-8.44903954,1.08036793
