segment,pitch,stretch
0.0,-94.17846062,0.79705309
0.1,-5.02019603,0.75034459
0.2,-69.32919076,1.92009714
0.3,80.71922828,1.69419261
0.4,-44.41930109,1.08134057
0.5,60.55312323,0.26247587
0.6,-22.38704472,1.40392738
0.7,42.18310052,0.38201887
0.8,-3.23406116,1.79513964
0.9,86.87834775,0.10058598
1.0,-2.56962664,1.19776684
1.09391667,13.84279534,1.72675702
