segment,pitch,stretch
0.0,-43.40275294,0.40076924
0.1,-37.77994111,1.21668484
0.2,83.99553821,1.2277233
0.3,-96.01654656,0.71292194
0.4,-9.71349701,0.26055353
0.5,-47.87514317,1.66513876
0.6,12.68053189,0.2591497
0.7,47.90702589,0.90449777
0.8,-78.79796743,0.87118045
0.9,-5.96294959,1.32264247
1.0,11.2587131,1.86277567
1.09391667,-13.10275262,0.24936359
