segment,pitch,stretch
0.0,78.76621738,0.83121963
0.1,31.47495931,1.43506309
0.2,-13.74936046,0.97721307
0.3,-80.17251448,0.92562125
0.4,-78.67939132,0.04016866
0.5,43.51355655,0.46288791
0.6,3.64631971,1.76703425
0.7,-45.69022839,1.40353438
0.8,-12.47954209,0.01443424
0.9,-13.33411056,0.75223744
1.0,14.72637348,0.69611535
1.09391667,-47.88617719,0.81633503
