segment,pitch,stretch
0.0,12.85572416,1.75469767
0.1,-76.17617766,0.88786329
0.2,42.35975093,1.03977576
0.3,-29.56352697,0.40233076
0.4,1.9048802,1.77716713
0.5,-59.42176318,1.22252544
0.6,-90.23873789,1.36334994
0.7,96.0492683,0.19892648
0.8,-14.96705396,0.48578079
0.9,53.28049668,0.49525144
1.0,-50.64061571,1.97867338
1.09391667,33.50411271,0.71277393
