segment,pitch,stretch
0.0,-66.86347245,1.10852805
0.1,-33.45070856,1.50534643
0.2,98.95748792,1.36402955
0.3,40.39124026,1.09402875
0.4,76.62361043,0.97410313
0.5,61.00109246,1.19276443
0.6,24.61875858,0.71178311
0.7,32.51289689,1.62027576
0.8,93.51972076,1.01576623
0.9,43.30633586,0.07371268
1.0,5.62352462,0.93560494
1.09391667,87.81172513,0.13780059
