segment,pitch,stretch
0.0,83.54860051,1.23852779
0.1,-11.78692869,0.5617939
0.2,-93.59093408,1.03672554
0.3,53.60258666,1.7849895
0.4,-66.08364726,0.3533195
0.5,94.15354622,1.03785323
0.6,24.82086802,0.33969939
0.7,-91.87331613,1.93991394
0.8,94.31312055,1.07242572
0.9,-76.94840956,0.17124333
1.0,10.84106531,1.85218062
1.09391667,74.33271623,0.80828121
