segment,pitch,stretch
0.0,-51.82889882,0.85849805
0.1,51.01701548,0.56470658
0.2,-33.49871036,1.12840655
0.3,35.0661797,0.30358847
0.4,-66.76498728,1.98047846
0.5,-60.63649878,1.15215796
0.6,-66.50688625,0.97775859
0.7,-70.17128926,0.81197732
0.8,32.8869854,1.74118297
0.9,21.57035996,1.09937379
1.0,-36.26911366,1.31196256
1.09391667,-1.05523753,0.54391414
