segment,pitch,stretch
0.0,46.79443609,1.01055945
0.1,2.26441595,0.40890859
0.2,-92.86356779,1.10134245
0.3,70.49912331,0.66041546
0.4,-44.6918064,1.38812901
0.5,-40.18885973,1.34163595
0.6,22.89431524,1.22801128
0.7,-98.00041762,1.98732106
0.8,-45.25978985,1.24747992
0.9,-73.28359547,1.6043756
1.0,-75.042578,1.05397351
1.09391667,-54.18290404,0.28539485
