segment,pitch,stretch
0.0,-56.87244415,1.15062728
0.1,-25.32063716,1.3865292
0.2,-5.88353384,0.86586276
0.3,35.0793016,0.52496071
0.4,-54.26160262,1.18035907
0.5,-96.41482633,0.99701793
0.6,34.31473412,1.64172116
0.7,51.96003607,0.67765657
0.8,-33.45212271,0.80691049
0.9,-60.40755471,0.17932902
1.0,-61.65050267,0.69415745
1.09391667,-31.34713696,0.80800103
