segment,pitch,stretch
0.0,-19.55907837,0.36214908
0.1,81.5519268,1.07178346
0.2,51.06726568,0.32034272
0.3,11.56573734,0.28433719
0.4,3.9548588,0.83672743
0.5,-33.36822777,0.19314145
0.6,36.7691739,0.96322299
0.7,-18.61244812,1.32224338
0.8,16.54769658,1.87041814
0.9,-37.16394557,0.06067537
1.0,10.95001842,0.49261583
1.09391667,34.38345354,1.54886366
