segment,pitch,stretch
0.0,-34.72631164,0.55709283
0.1,67.7212699,1.5055727
0.2,92.06316774,1.25694743
0.3,-76.73151606,1.78673408
0.4,97.93920214,0.88325681
0.5,99.11447245,1.91785586
0.6,83.05225532,1.93702091
0.7,-27.3520563,1.06642546
0.8,40.20374668,1.06201677
0.9,-11.73877097,0.68712783
1.0,-73.8798446,0.31583941
1.09391667,81.33954877,1.03949418
