segment,pitch,stretch
0.0,48.72029915,1.46381994
0.1,3.36267099,1.74177862
0.2,-54.73892797,0.37153285
0.3,-4.43599027,1.37930547
0.4,-4.38697431,1.2025528
0.5,12.32416895,1.41669348
0.6,-35.16299901,1.90409923
0.7,-18.71198536,0.35955458
0.8,50.45333825,0.73524
0.9,24.10808682,1.22465208
1.0,-10.46564493,1.61244098
1.09391667,6.45782967,1.66867903
