segment,pitch,stretch
0.0,-75.44052411,0.27425441
0.1,73.68823703,1.79894556
0.2,35.88983091,1.38498362
0.3,74.9860534,1.12136542
0.4,39.79761308,0.69021564
0.5,87.56894365,1.32432139
0.6,-70.18354505,0.62496123
0.7,30.14757838,0.16694554
0.8,-85.67720686,1.72485798
0.9,-5.22909547,0.11317639
1.0,-29.17041088,1.97903266
1.09391667,91.40497623,0.92289832
