segment,pitch,stretch
0.0,52.61686216,1.6341758
0.1,-18.45204241,0.5397069
0.2,-6.44553856,1.4905668
0.3,54.48685686,0.49055919
0.4,-14.12902415,1.50348136
0.5,-68.0514313,0.53453917
0.6,-35.48747748,1.00064578
0.7,-40.39140323,0.9078798
0.8,-44.26325446,1.8374475
0.9,18.34874791,0.61675218
1.0,-42.03859304,0.24596276
1.09391667,68.7756392,0.85105991
