segment,pitch,stretch
0.0,44.69659717,1.41297837
0.1,-34.716814,1.05145195
0.2,-37.83043351,0.94681533
0.3,-62.93772859,1.38886049
0.4,29.80105548,0.50983073
0.5,-19.93397346,0.87963627
0.6,-81.51838574,0.37083783
0.7,-13.12417842,1.60201274
0.8,-49.11622946,0.02246419
0.9,-40.62215118,1.35146298
1.0,-29.85989769,1.39707139
1.09391667,-46.8973955,0.19828042
