segment,pitch,stretch
0.0,70.25249287,1.60927754
0.1,-54.17403538,0.35556605
0.2,-24.27909239,1.04145572
0.3,-72.34505274,1.98653049
0.4,-84.16228676,0.35027861
0.5,-50.29822256,1.43135392
0.6,87.34344189,1.2880573
0.7,-51.38543443,1.68116405
0.8,40.7028666,1.8236964
0.9,-95.70979416,0.04712506
1.0,95.25950338,1.86928379
1.09391667,-68.50782959,0.75081121
