segment,pitch,stretch
0.0,7.37990413,0.50795653
0.1,87.94942489,0.30691906
0.2,10.38249529,0.98636118
0.3,-58.07329771,1.21445168
0.4,23.85321855,1.48681533
0.5,6.8444155,0.97810489
0.6,-98.77408233,1.43803165
0.7,31.31374825,0.53571114
0.8,48.11301354,0.52187188
0.9,41.85545408,0.48211822
1.0,-24.66275902,1.48098769
1.09391667,-90.92929456,1.20326113
