segment,pitch,stretch
0.0,-10.34550429,1.84986994
0.1,-43.66558153,0.90615496
0.2,56.2217474,0.59286193
0.3,-27.44048298,0.85505555
0.4,17.92439762,0.56649727
0.5,82.51468432,0.6043893
0.6,8.54715681,1.72413787
0.7,-94.9804546,0.10144569
0.8,43.42849193,1.50321153
0.9,1.5194414,0.78421076
1.0,20.77451489,1.65129885
1.09391667,95.7342738,1.8248214
