segment,pitch,stretch
0.0,25.72060653,1.17792554
0.1,-6.51251487,0.30252559
0.2,3.32661168,1.09442145
0.3,89.62386246,1.28448778
0.4,80.65433919,1.02735441
0.5,44.84771524,0.62410129
0.6,25.54437629,1.60418481
0.7,-12.49512251,0.44189431
0.8,-42.7769001,1.24863789
0.9,-50.66960292,1.87159039
1.0,-26.28928757,1.63743996
1.09391667,-87.75283225,0.32075193
