segment,pitch,stretch
0.0,-33.27051151,1.91972156
0.1,-94.55728016,0.89758894
0.2,-24.34554111,0.14767308
0.3,16.33493977,0.88925412
0.4,-66.14325269,0.02970636
0.5,-2.40335162,0.16070031
0.6,-87.80607373,0.0970541
0.7,34.04653441,1.25032873
0.8,53.31501889,1.92087852
0.9,-70.89291525,0.56083362
1.0,35.01344624,0.78804248
1.09391667,15.03691984,0.71632164
