segment,pitch,stretch
0.0,88.39262763,0.21682945
0.1,-30.0419816,1.88667459
0.2,-70.85942958,0.16117743
0.3,-46.07032191,0.35719266
0.4,22.37889655,1.6700127
0.5,47.83072725,1.73336776
0.6,22.02613007,0.653825
0.7,-10.57655449,1.99113264
0.8,78.01759084,1.83439976
0.9,38.41828257,1.29158868
1.0,88.43566384,1.21494043
1.09391667,-41.21843243,1.43203323
