segment,pitch,stretch
0.0,52.24903485,1.51474705
0.1,-23.64626196,0.52665811
0.2,-51.25656168,1.02671755
0.3,22.90973994,1.37852638
0.4,-77.18224056,1.59017097
0.5,-15.74058407,1.0350591
0.6,68.28336148,1.54938004
0.7,-68.00125418,1.20956018
0.8,-28.10684377,0.88397822
0.9,-21.57286012,0.33660763
1.0,-67.0126828,1.47798938
1.09391667,18.53594423,0.24191373
