segment,pitch,stretch
0.0,-34.26622777,1.34360385
0.1,-75.64955683,1.57489552
0.2,-27.92679038,0.39363555
0.3,-19.62027656,0.89611778
0.4,-20.32459895,1.50747647
0.5,0.79905947,0.43558214
0.6,8.10958223,1.91834816
0.7,-12.88361986,0.90012517
0.8,74.6796053,0.69419363
0.9,13.61359807,0.27849068
1.0,-21.69070415,0.10490824
1.09391667,-57.34652915,1.33460981
