segment,pitch,stretch
0.0,84.93727222,0.86172546
0.1,-63.66791866,1.32010306
0.2,14.45946743,1.92977093
0.3,-3.11232885,1.56073736
0.4,-24.43595518,0.53468527
0.5,-51.99030464,1.39813115
0.6,79.76166554,0.18875949
0.7,57.3813763,0.18509546
0.8,31.81531803,0.3363238
0.9,63.48869565,0.50261655
1.0,71.83555581,1.79852856
1.09391667,-2.44249492,0.37213294
