segment,pitch,stretch
0.0,-7.74705656,0.66688753
0.1,13.74923295,1.25240531
0.2,40.16854527,1.72800914
0.3,16.95590876,1.901406
0.4,92.94154477,1.33708406
0.5,56.03551628,0.15832583
0.6,38.20742884,0.92905529
0.7,77.59912579,1.33051148
0.8,-70.6366221,1.52220135
0.9,28.8352997,0.90700951
1.0,-31.19037079,0.18646841
1.09391667,-96.94347339,1.53278214
