segment,pitch,stretch
0.0,-61.18892781,1.55957949
0.1,8.4641668,1.05534156
0.2,0.84088791,0.93552033
0.3,-9.8412312,0.24777776
0.4,-21.11860301,1.606596
0.5,34.07912785,0.0797637
0.6,64.64422996,1.39069449
0.7,81.5282496,1.71426298
0.8,-41.49609234,1.5257375
0.9,-61.24692635,1.70112136
1.0,-26.75626129,1.79204809
1.09391667,-16.60910859,0.33711634
