segment,pitch,stretch
0.0,-64.32327457,0.91308262
0.1,-67.89025783,0.76791564
0.2,63.39804367,0.83095971
0.3,-47.8895651,1.79742446
0.4,27.68105964,1.18503846
0.5,58.35244252,1.29913938
0.6,-24.74070708,1.72192785
0.7,-82.19387926,1.7387844
0.8,-97.32479033,1.05930336
0.9,99.46728609,0.10150249
1.0,-92.70862536,0.67687392
1.09391667,47.98339035,1.83996488
