segment,pitch,stretch
0.0,55.6354899,0.91537893
0.1,-10.72836947,1.07736676
0.2,-46.3197066,1.00419914
0.3,14.14356253,1.03753512
0.4,63.48594027,0.37720192
0.5,-15.52389471,1.44514108
0.6,1.31987166,1.5314543
0.7,3.643619,1.0492436
0.8,1.08608347,0.46166861
0.9,18.4969296,1.40405736
1.0,6.83798229,1.0046827
1.09391667,65.10535749,0.03299625
