segment,pitch,stretch
0.0,-34.01174322,1.1718484
0.1,-25.89446117,1.62544238
0.2,75.37641555,1.85861965
0.3,3.6750175,1.93143492
0.4,-77.72739176,0.30173375
0.5,-17.06538868,1.28363733
0.6,-37.567139,0.51060309
0.7,-79.94552452,0.80092252
0.8,29.48505151,1.44732027
0.9,-58.857953,0.65157835
1.0,-46.0054019,1.65986599
1.09391667,-89.97133458,1.34311871
