segment,pitch,stretch
0.0,39.93653704,0.59804512
0.1,-44.37889142,1.22051814
0.2,-71.95009912,1.02272202
0.3,0.10723305,0.82768739
0.4,32.85070006,0.75023907
0.5,84.39314217,1.45571946
0.6,-27.64718927,1.19333558
0.7,-96.89614882,0.88124366
0.8,78.14592137,1.40555944
0.9,-23.71803159,0.40947716
1.0,-89.09326047,0.89036455
1.09391667,-7.75099391,1.8115698
