segment,pitch,stretch
0.0,15.98753908,1.07609062
0.1,-56.19575542,0.12895948
0.2,-3.20238754,1.07538029
0.3,78.26727965,0.04332835
0.4,-34.16157501,1.09018765
0.5,-80.06220611,0.93581394
0.6,26.74823286,0.96811326
0.7,37.47089689,0.66776739
0.8,26.79850159,0.56521885
0.9,-24.50397544,1.65043275
1.0,43.76607114,1.48241079
1.09391667,10.09103426,1.57868315
