segment,pitch,stretch
0.0,1.09956789,0.70602276
0.1,-22.83463898,1.70434147
0.2,13.77208665,0.73580693
0.3,1.02247931,0.55351417
0.4,31.9920667,1.46766687
0.5,9.99181732,0.90352786
0.6,-33.71646342,1.00907427
0.7,-6.54057261,1.8747172
0.8,-2.31664571,0.4015936
0.9,70.47747211,1.66098364
1.0,-48.69389072,0.37128843
1.09391667,42.51272765,0.54561956
