segment,pitch,stretch
0.0,-66.46118552,0.76561111
0.1,50.11424094,1.84010469
0.2,38.4118161,1.52246451
0.3,55.44168462,0.37876531
0.4,19.14590229,1.46315217
0.5,-3.26381008,0.03585566
0.6,91.90960542,0.70876992
0.7,62.21453642,1.53596627
0.8,83.94650253,1.29387044
0.9,-69.18732996,0.65619247
1.0,-21.18203071,0.14449541
1.09391667,12.05175974,1.12518845
