segment,pitch,stretch
0.0,-90.05217159,1.15438405
0.1,-51.53203878,1.12188764
0.2,-18.56413276,0.95676367
0.3,-32.31488117,0.61420414
0.4,49.43339315,0.76264188
0.5,-67.53322914,1.45400352
0.6,90.11454302,0.06830652
0.7,98.57977716,0.91955523
0.8,29.43352269,0.33519017
0.9,91.08820104,0.7797243
1.0,-3.70059628,1.01878467
1.09391667,30.30784512,1.55349389
