segment,pitch,stretch
0.0,-7.03040906,1.53438074
0.1,-5.82495626,1.95928517
0.2,-2.66835352,1.73189387
0.3,-59.72056864,1.8329069
0.4,44.4623709,1.79888129
0.5,-43.61302568,0.54974626
0.6,69.2168607,1.59944318
0.7,92.16151545,0.63993653
0.8,74.54688425,0.28985998
0.9,3.36775838,0.49016728
1.0,-65.34358207,1.26877749
1.09391667,36.44921696,1.3437293
