segment,pitch,stretch
0.0,-40.28778627,1.23426282
0.1,-59.09726207,0.97807774
0.2,98.49969238,0.54049946
0.3,46.0778128,1.1691641
0.4,-55.04304699,1.22843398
0.5,34.12740936,0.9861662
0.6,54.26275803,0.17445904
0.7,-55.98308326,1.1578723
0.8,59.79863481,1.37075184
0.9,88.14503005,1.47849055
1.0,91.37007784,0.08571689
1.09391667,76.63160817,1.4768314
