segment,pitch,stretch
0.0,24.3055989,1.29303253
0.1,28.97891723,1.06779992
0.2,51.4418758,1.11588817
0.3,-41.6425055,1.45059858
0.4,-6.63622722,0.93926956
0.5,90.98935315,0.09427917
0.6,-91.30627378,0.99584654
0.7,-70.54702949,1.20164622
0.8,37.31249144,1.37323006
0.9,44.20519134,0.98395355
1.0,-85.22636705,0.17020531
1.09391667,33.48956199,0.83321676
