segment,pitch,stretch
0.0,-19.70973195,0.11468893
0.1,35.06337641,1.30305137
0.2,-47.07660398,1.23342094
0.3,-98.68669902,0.59067951
0.4,2.91607837,0.74798004
0.5,-8.99732851,0.55407034
0.6,57.60803457,1.68778529
0.7,1.53142899,0.22674115
0.8,-32.18919875,0.93004634
0.9,-92.02235415,1.85827411
1.0,33.72578798,0.07029884
1.09391667,81.16053662,1.14058722
