segment,pitch,stretch
0.0,-53.21610879,1.55385175
0.1,32.15976894,0.65373426
0.2,11.67164647,0.07623644
0.3,78.41102069,0.81063335
0.4,57.86075133,1.61919716
0.5,26.57758322,1.49931194
0.6,-19.90648144,0.76960145
0.7,-5.80202054,0.41164506
0.8,-79.72401374,1.42613076
0.9,-39.61261559,0.70792196
1.0,87.31929903,1.13611226
1.09391667,10.49178802,0.18326108
