segment,pitch,stretch
0.0,66.59254232,1.11503085
0.1,-0.16294116,1.29891619
0.2,87.91623233,0.04302605
0.3,4.78179149,1.90355783
0.4,87.27330533,0.66957129
0.5,15.94205468,1.28062406
0.6,-57.72302194,0.15067731
0.7,-11.53545195,0.37044447
0.8,-97.23766847,0.00668091
0.9,-89.11050407,1.24076678
1.0,-7.65193873,0.4751477
1.09391667,-0.117565,1.3589293
