segment,pitch,stretch
0.0,56.82976783,1.96536411
0.1,-4.18818005,1.65463192
0.2,38.88249383,1.20705079
0.3,-62.55482064,1.01845998
0.4,-71.1999088,1.21355865
0.5,76.75946394,1.24989356
0.6,-88.17613487,0.92766979
0.7,-47.95022574,0.92420432
0.8,36.49012842,0.521979
0.9,58.14148902,1.99842272
1.0,-54.42029586,0.40180649
1.09391667,23.46713727,0.98322277
