segment,pitch,stretch
0.0,82.0288253,1.66099758
0.1,-20.3816384,0.6394452
0.2,20.1187508,1.73198521
0.3,-67.3840406,1.63414449
0.4,41.792495,0.91528965
0.5,69.2908492,1.84340145
0.6,-41.9809295,0.70098427
0.7,93.0761369,1.59677801
0.8,4.08814008,0.75626513
0.9,-0.0375531871,1.05104073
1.0,-79.0647822,0.42401001
1.09391667,-53.0664028,1.42241932
