segment,pitch,stretch
0.0,-97.90087244,0.58111051
0.1,-36.95796642,1.98466344
0.2,33.65056974,0.66246338
0.3,-19.85406453,0.15661461
0.4,-42.6348027,1.74661521
0.5,-56.79071689,1.58365522
0.6,-5.36842737,0.14537305
0.7,-65.17730662,1.46904529
0.8,55.11157095,1.23944377
0.9,-6.91901103,1.93001672
1.0,32.26051644,0.93435528
1.09391667,51.54181068,1.6531459
