segment,pitch,stretch
0.0,53.46570898,1.49731262
0.1,-29.34116619,1.91326808
0.2,54.99768825,0.76008105
0.3,-81.76915679,1.84891579
0.4,-62.14603757,0.58371441
0.5,-51.83468115,0.22320605
0.6,22.82176289,0.86228006
0.7,43.03362668,1.2736027
0.8,-91.1613604,0.96508229
0.9,9.75788821,0.5978171
1.0,-2.87390503,0.802961
1.09391667,-53.09298444,0.69400331
