segment,pitch,stretch
0.0,77.16443591,0.7420308
0.1,-97.50447801,0.79369359
0.2,48.22320359,0.01474693
0.3,85.69365628,0.05089627
0.4,-99.19363603,1.27499461
0.5,-23.7721795,1.87204787
0.6,69.35156136,1.81900072
0.7,-45.28598517,1.18018
0.8,-63.05288391,1.07853439
0.9,-37.89893573,1.96522233
1.0,-33.85226459,1.95815374
1.09391667,-77.07753192,1.86512983
