segment,pitch,stretch
0.0,-54.18548322,0.4935822
0.1,-11.27218157,1.37686427
0.2,57.70913134,1.17627269
0.3,-85.27797026,1.14645494
0.4,28.61054009,1.61303053
0.5,-36.71816677,0.72559221
0.6,-27.72446487,1.95000364
0.7,14.69142801,0.06695508
0.8,9.61746044,1.52094915
0.9,22.67127582,0.41034945
1.0,69.36328148,0.4470276
1.09391667,-44.4283226,1.93225144
