segment,pitch,stretch
0.0,22.10137518,1.70966253
0.1,54.60808655,0.73212315
0.2,-19.2398092,0.80628637
0.3,51.72612617,0.90394386
0.4,48.42620238,0.20122149
0.5,-74.55875553,0.79458017
0.6,38.81047921,1.48954082
0.7,-10.61292931,0.49987231
0.8,57.32417171,1.72417372
0.9,1.80511965,1.29717669
1.0,21.58974988,1.53819456
1.09391667,-49.54213801,0.23189362
