segment,pitch,stretch
0.0,82.98869891,0.1174877
0.1,24.01311559,0.45178594
0.2,71.48528654,1.23946025
0.3,82.44483013,1.76656678
0.4,98.48869079,0.06101367
0.5,52.58496553,0.35631173
0.6,-12.54848129,0.41315994
0.7,-85.91000404,1.50303793
0.8,-71.42298859,0.56943281
0.9,25.94025435,1.73902477
1.0,87.85887099,1.10677421
1.09391667,-0.32541585,1.65366883
