segment,pitch,stretch
0.0,-14.7704521,0.66460672
0.1,44.71982886,0.16115308
0.2,54.31186901,0.69883722
0.3,49.55617509,0.91276183
0.4,13.89468732,1.97897865
0.5,-5.62181735,1.5047395
0.6,46.1003591,1.97786281
0.7,44.70422333,1.91807099
0.8,-14.85596588,0.25212674
0.9,-30.71855866,1.85861414
1.0,-75.55345039,0.72903252
1.09391667,6.43312975,1.80431148
