segment,pitch,stretch
0.0,94.59077128,0.77928027
0.1,-55.76476968,0.9821174
0.2,85.25239669,1.84587448
0.3,70.1736543,0.98653196
0.4,19.94350226,1.73373308
0.5,54.47178353,1.46449203
0.6,-87.09076246,0.51679657
0.7,-72.04241592,0.83282116
0.8,25.07065193,0.91008341
0.9,90.72301547,1.90880083
1.0,24.05757485,1.11137725
1.09391667,-32.87582459,1.50541044
