segment,pitch,stretch
0.0,13.37098153,0.8883119
0.1,65.78624278,0.67980941
0.2,66.40667823,0.95780133
0.3,-44.62639189,1.51398111
0.4,-51.75725077,1.4565051
0.5,-79.21957107,0.83683567
0.6,-56.86584236,0.38900819
0.7,42.29244477,1.92415526
0.8,-94.28545135,0.30571249
0.9,-14.77734417,0.35189603
1.0,55.50770682,0.8512317
1.09391667,3.0451597,1.01865879
