segment,pitch,stretch
0.0,-48.18620988,1.69837389
0.1,93.34540741,1.28970497
0.2,-88.99120058,1.49371187
0.3,67.25284663,0.85799596
0.4,-10.35682297,1.16281473
0.5,-25.57246183,1.03469104
0.6,-89.21725543,1.18976364
0.7,48.14137998,0.15613957
0.8,15.08583038,0.89546931
0.9,-21.24642179,1.04801932
1.0,-61.3036155,0.54320379
1.09391667,-1.60302041,1.57083838
