segment,pitch,stretch
0.0,-52.99211904,1.4863423
0.1,-25.71564607,1.69746599
0.2,-56.58642074,0.8962104
0.3,-87.92268727,1.48386127
0.4,-77.06370831,1.12180502
0.5,85.07000432,1.22395179
0.6,13.520854,1.22503653
0.7,85.24542971,0.66217064
0.8,21.00568548,1.40926924
0.9,47.91949332,0.42323382
1.0,-9.98443485,1.68730728
1.09391667,-3.7192884,1.76864858
