segment,pitch,stretch
0.0,-45.93815434,1.42496889
0.1,-9.85133236,0.72590703
0.2,-90.27584827,0.03582408
0.3,-12.62569024,1.95422408
0.4,-25.02264323,0.03147383
0.5,-73.63967284,1.78242159
0.6,-8.12482987,0.44075536
0.7,20.3897076,1.76056673
0.8,-16.71271092,0.82662657
0.9,60.34106396,0.3638046
1.0,-65.87673981,0.96822524
1.09391667,-90.1963817,0.11003173
