segment,pitch,stretch
0.0,-86.97928696,0.12091055
0.1,35.46303065,0.11109609
0.2,-6.55574904,0.96762463
0.3,-70.24481901,0.33361345
0.4,-15.3143791,1.63079661
0.5,-46.78683141,1.71822711
0.6,30.57428638,1.99896141
0.7,-51.27590564,1.31564503
0.8,-57.45214614,0.39748904
0.9,43.47837492,0.70409186
1.0,45.12702561,0.48590378
1.09391667,-26.34948453,1.98999714
