segment,pitch,stretch
0.0,34.87100104,0.28324866
0.1,-42.78152033,0.8126674
0.2,53.30670494,0.29371905
0.3,-19.15351041,0.35755618
0.4,81.43981803,1.51227527
0.5,-40.3529223,1.96868376
0.6,-80.08540334,0.83617015
0.7,-59.88446673,0.96819403
0.8,14.21531263,0.41039135
0.9,39.26105915,0.45984498
1.0,-43.76684188,0.60924907
1.09391667,-17.50761484,0.18151502
