segment,pitch,stretch
0.0,65.41838677,1.57781759
0.1,-26.14209168,0.77148349
0.2,-26.49286349,1.21755239
0.3,24.3393517,1.81969944
0.4,41.72589255,1.02092036
0.5,5.99778054,0.99503371
0.6,-80.58181045,0.23100369
0.7,-99.66211708,0.28893428
0.8,55.65408757,1.5775207
0.9,95.67727499,1.18557327
1.0,-83.58076108,0.49264005
1.09391667,-10.73672479,0.18205409
