segment,pitch,stretch
0.0,-95.82299592,1.96941265
0.1,39.71770068,0.75253104
0.2,-50.41901013,0.57750403
0.3,41.82102444,1.43380195
0.4,-73.05638391,0.97483924
0.5,28.80379611,0.97914362
0.6,-13.12693215,1.4436464
0.7,59.55853505,0.23795563
0.8,16.13501887,0.01104125
0.9,11.1554393,1.97744108
1.0,-28.11091573,0.69321363
1.09391667,52.80390011,1.73006612
