segment,pitch,stretch
0.0,82.44203382,0.97617089
0.1,-30.17618245,0.62833649
0.2,29.86670871,1.71628267
0.3,-30.59558791,1.57876253
0.4,-47.57675763,0.47000387
0.5,-17.44773817,0.87334438
0.6,-73.86718122,0.40526307
0.7,70.17077277,1.31867186
0.8,-75.98538301,0.46239136
0.9,-57.43154571,0.66642176
1.0,93.54956166,0.4005644
1.09391667,-19.42635274,0.62556241
