segment,pitch,stretch
0.0,7.81141633,1.24491342
0.1,82.72316881,0.03757961
0.2,30.05807571,1.14238595
0.3,-70.58941721,0.04886902
0.4,-65.52419577,0.89349405
0.5,-8.01629029,0.46427507
0.6,16.78163005,1.22953669
0.7,72.93916831,1.878364
0.8,-2.28760557,0.42759123
0.9,-18.70975913,0.20519841
1.0,1.09551631,1.09007735
1.09391667,-2.64797824,0.32770208
