segment,pitch,stretch
0.0,-63.19284146,0.88359619
0.1,-11.67623943,0.67885576
0.2,10.29419774,0.79033279
0.3,-5.52009964,1.96206588
0.4,51.48969715,1.53913599
0.5,36.94617894,0.70890723
0.6,-43.5176619,1.30448928
0.7,48.24470616,0.63214347
0.8,-27.34462671,1.26781992
0.9,77.23299658,0.08660782
1.0,-26.93588993,1.53722143
1.09391667,-78.64800704,1.42646009
