segment,pitch,stretch
0.0,61.61292799,1.38806705
0.1,56.33641902,0.72797241
0.2,-89.79026277,1.31326188
0.3,-79.74264658,1.97676424
0.4,23.07538857,1.13729178
0.5,-10.76343706,0.13245486
0.6,-5.69473489,0.69323738
0.7,-7.26950502,1.4848786
0.8,15.57475433,1.9356485
0.9,3.14852465,1.60625319
1.0,33.23262787,0.88492326
1.09391667,-88.39615435,1.31394344
