segment,pitch,stretch
0.0,13.70313969,0.31776168
0.1,-26.02533881,1.39381701
0.2,50.8702686,0.5191281
0.3,26.063803,0.69401342
0.4,-79.95092445,0.71717885
0.5,-94.01020979,0.74327862
0.6,-33.71882566,1.75165486
0.7,-16.71092424,0.78541269
0.8,-31.84366891,0.5067154
0.9,-64.24810633,1.19882101
1.0,73.5130108,0.30708851
1.09391667,1.16296444,1.70447125
