segment,pitch,stretch
0.0,68.07429642,0.65814928
0.1,-37.49377634,0.17735138
0.2,-23.04099004,0.86512997
0.3,29.04143541,1.58435568
0.4,20.45754453,1.51654074
0.5,37.24109952,1.28756254
0.6,39.64018777,0.60860264
0.7,51.86520487,1.44468929
0.8,48.29334393,1.11255223
0.9,69.44263224,0.2005319
1.0,-89.62778161,1.42301772
1.09391667,-27.88856176,1.42118254
