segment,pitch,stretch
0.0,26.55716136,1.5554451
0.1,11.82804586,0.73276272
0.2,-23.9414726,1.80328422
0.3,-1.71566049,0.92347316
0.4,-19.44382046,0.80698984
0.5,-4.89650776,1.82055232
0.6,-86.90887997,1.9917578
0.7,-2.56378327,0.80582965
0.8,6.4232906,1.51404022
0.9,85.15737342,0.66169756
1.0,86.70536365,0.35533471
1.09391667,85.58259912,1.22719758
