segment,pitch,stretch
0.0,14.97587968,1.13809389
0.1,-34.63148268,0.13664932
0.2,-90.26081714,1.51640257
0.3,-14.58803961,0.57152823
0.4,-7.22387104,1.59105038
0.5,35.53049233,1.75239153
0.6,25.60413331,0.92175269
0.7,-14.11667201,0.83955403
0.8,-92.20277353,1.39265863
0.9,-87.07796468,1.53990744
1.0,29.59041747,0.81858977
1.09391667,-44.50154925,1.48480195
