segment,pitch,stretch
0.0,10.55823455,0.52881458
0.1,60.25625818,1.82589442
0.2,40.6898343,1.01937084
0.3,58.2306109,0.05437581
0.4,4.0077953,1.33142654
0.5,71.45661873,0.21266373
0.6,18.87796303,0.67439472
0.7,-29.5527486,1.59641085
0.8,31.6397638,0.05005126
0.9,-90.13061067,0.93178906
1.0,53.29328049,1.49567277
1.09391667,-53.47399996,1.5853139
