segment,pitch,stretch
0.0,84.16048874,1.30136544
0.1,56.88803289,0.47786549
0.2,-77.93771944,0.87690241
0.3,33.37600363,1.56003174
0.4,-61.82656021,0.56797275
0.5,-67.90016523,1.69402787
0.6,96.16166422,0.32249707
0.7,-50.86749148,0.03139967
0.8,55.29150844,1.30261133
0.9,-2.61257825,0.40350463
1.0,-83.3993401,1.74375152
1.09391667,24.68732816,0.25871995
