segment,pitch,stretch
0.0,54.87282188,1.23358014
0.1,38.39559314,0.90117281
0.2,45.94024754,1.29672558
0.3,23.2538411,1.0625388
0.4,-76.36457338,1.82179424
0.5,-7.52503837,0.15771982
0.6,-67.2018033,1.20020733
0.7,40.79859053,1.72655744
0.8,-54.00476677,1.68926394
0.9,-39.47782367,0.81447331
1.0,13.27455738,0.52461363
1.09391667,82.72582228,1.24111221
