segment,pitch,stretch
0.0,-53.40155937,0.28931867
0.1,-46.7591449,0.26014098
0.2,-39.94858347,0.60863929
0.3,4.12816175,1.96061536
0.4,83.44282051,0.74428813
0.5,20.33193784,1.01644474
0.6,-92.84690604,0.21290726
0.7,69.62119896,0.78909982
0.8,-27.30637844,1.61436772
0.9,71.11664605,0.92754286
1.0,-25.28708081,1.92956557
1.09391667,-18.06651804,1.66494484
