segment,pitch,stretch
0.0,-2.78582129,1.58600254
0.1,-47.38376557,1.11025346
0.2,-34.39843647,0.10251387
0.3,46.98736853,1.2200198
0.4,-49.43003963,1.30093265
0.5,38.45298993,0.48849845
0.6,-40.48082685,0.43711301
0.7,-51.12213105,1.15590429
0.8,21.68306499,1.91934773
0.9,47.55235399,0.93806277
1.0,34.72628387,0.69549788
1.09391667,-48.05463592,1.35655827
