segment,pitch,stretch
0.0,26.58837816,1.41652886
0.1,-30.26201774,1.6821225
0.2,-90.31994669,0.24298021
0.3,-80.73820175,0.67959509
0.4,-81.40390329,1.6191627
0.5,-53.94630637,0.53489657
0.6,54.33124478,1.08896417
0.7,-19.04235486,1.94234514
0.8,-60.29150312,1.53460069
0.9,-10.04711988,1.76859618
1.0,14.48015304,0.93905077
1.09391667,-61.29871008,1.70593474
