segment,pitch,stretch
0.0,-85.35755776,0.86429356
0.1,24.87794389,1.54320329
0.2,88.66282845,0.73186937
0.3,53.91159302,0.759779
0.4,-2.76092074,1.4946261
0.5,79.99538148,1.48350308
0.6,-42.31150981,1.90894472
0.7,-5.15781481,0.02998442
0.8,31.3978044,0.89047781
0.9,46.94636463,1.05504638
1.0,63.69340257,0.96709735
1.09391667,10.97812261,0.43676298
