segment,pitch,stretch
0.0,-44.18539546,0.94661558
0.1,98.45836914,0.50305164
0.2,-29.25134998,0.27788422
0.3,3.09020259,0.91972932
0.4,-47.25747067,1.19561164
0.5,-56.49635783,1.34544194
0.6,-4.90331194,0.16377231
0.7,46.68398305,1.35188114
0.8,6.9824473,1.88786979
0.9,66.07062576,1.27635088
1.0,-46.91429175,1.3192813
1.09391667,-70.62927251,0.77732241
