segment,pitch,stretch
0.0,50.50255474,0.8815455
0.1,-64.78300632,1.25615458
0.2,-33.84229425,1.89461417
0.3,-1.98671345,0.56042506
0.4,42.73114644,0.74141977
0.5,42.14553529,0.72181114
0.6,-44.94303107,0.25334865
0.7,13.09989783,1.76130975
0.8,-41.80171469,0.91340104
0.9,54.31484613,1.37487336
1.0,46.32391657,1.57808342
1.09391667,35.46886189,1.31817522
