segment,pitch,stretch
0.0,54.61462209,1.24439385
0.1,-50.15567249,1.34534032
0.2,-79.16450403,1.77870323
0.3,-44.83948747,0.1999312
0.4,-72.5668355,0.37427324
0.5,23.11693261,0.13497677
0.6,55.55317843,0.61790997
0.7,59.5386341,0.95689705
0.8,67.81612368,0.69621675
0.9,-21.79138996,1.43619216
1.0,-21.61100123,0.99379929
1.09391667,60.1714172,0.04897066
