segment,pitch,stretch
0.0,-88.20355026,1.73516804
0.1,-17.76703198,0.86951139
0.2,-76.85759336,1.76251065
0.3,13.74829966,1.08707394
0.4,76.10347036,0.09783198
0.5,44.00038612,1.79124537
0.6,-40.48158133,0.32245203
0.7,-81.80076471,1.83894705
0.8,16.92874563,0.75545382
0.9,-39.14191482,0.41918914
1.0,58.30879913,1.12444687
1.09391667,14.49118286,1.87351865
