segment,pitch,stretch
0.0,-48.66820204,0.50881221
0.1,15.87758798,1.7988984
0.2,-81.06156605,0.35571274
0.3,-38.67543271,0.88871824
0.4,8.70050458,0.81611388
0.5,-12.50279128,1.15396637
0.6,53.18940921,0.06242761
0.7,25.51770895,0.35293371
0.8,-2.14290614,1.13493967
0.9,59.43969754,1.56070885
1.0,36.73554264,1.2686095
1.09391667,99.18694211,1.14436626
