segment,pitch,stretch
0.0,75.50983857,0.8452738
0.1,-1.58249906,0.76339694
0.2,3.57353021,0.25803741
0.3,-99.77057176,1.65296212
0.4,-38.99568239,1.74214563
0.5,15.30754913,0.91821048
0.6,-97.41525775,1.20673022
0.7,39.01293018,1.21324632
0.8,42.79848726,1.47465653
0.9,9.93276614,0.97625714
1.0,-95.01180619,1.17241626
1.09391667,-15.9004552,0.99284929
