segment,pitch,stretch
0.0,2.79972232,1.53749115
0.1,-6.00092765,1.12105385
0.2,5.93513414,1.21050577
0.3,65.0106623,1.39038364
0.4,-35.27715369,0.59533856
0.5,-49.20910009,0.92189242
0.6,90.62348649,1.12293969
0.7,-62.79963136,0.08212217
0.8,41.66095929,0.24893909
0.9,-9.40303164,0.97640661
1.0,-11.98915311,1.76885677
1.09391667,86.33383712,1.97400425
