segment,pitch,stretch
0.0,31.11671536,1.24679721
0.1,14.00827892,0.65366655
0.2,90.23748413,1.20113331
0.3,82.30944071,1.60444487
0.4,-1.47145923,1.29279254
0.5,55.17460753,0.91831488
0.6,26.61999518,0.78219664
0.7,-9.70687044,0.08870339
0.8,45.29559585,1.29591766
0.9,-14.38709872,0.90292953
1.0,-22.51804374,0.84738987
1.09391667,56.35505814,0.22793797
