segment,pitch,stretch
0.0,-66.017305,0.5568005
0.1,-96.46975552,0.64067821
0.2,41.01490818,1.2239279
0.3,-8.07360152,1.1472743
0.4,43.89693233,0.40023778
0.5,-91.80623652,1.34831364
0.6,20.19515947,1.39566251
0.7,-99.45471076,0.66795844
0.8,15.46433912,1.24993732
0.9,29.18172842,0.82560858
1.0,64.82314597,1.15031979
1.09391667,43.21629408,1.54604581
