segment,pitch,stretch
0.0,-98.755033,1.96334233
0.1,42.65363822,1.48975569
0.2,26.16294791,0.57355189
0.3,-49.82375857,1.77057057
0.4,-23.36229669,0.88660826
0.5,35.77035363,1.64369118
0.6,7.03000202,1.42265123
0.7,35.98122364,1.36887772
0.8,28.50180833,0.73095149
0.9,7.93583133,1.72699402
1.0,35.65640922,1.24379364
1.09391667,51.80769378,0.86036236
