segment,pitch,stretch
0.0,65.81399413,0.41821629
0.1,-82.84324878,1.28225934
0.2,3.48400674,0.64893709
0.3,11.91787155,1.7150145
0.4,94.18344361,1.26439351
0.5,-3.20307964,0.72207135
0.6,-5.45427873,1.12610333
0.7,-91.33620727,1.28690966
0.8,-75.27995354,1.277223
0.9,80.14521989,0.31232678
1.0,-98.13362657,1.28835438
1.09391667,84.6327673,0.1215282
