segment,pitch,stretch
0.0,74.40610552,1.10397813
0.1,-14.0058198,0.67044391
0.2,-43.18870249,1.06331023
0.3,85.51038869,0.60586728
0.4,8.36930428,0.11380816
0.5,-11.10468326,1.21530961
0.6,0.77760872,1.48658081
0.7,61.82804998,1.41412243
0.8,-21.718638,0.93606202
0.9,-41.58529941,0.40038549
1.0,22.99211782,0.6748387
1.09391667,-96.82772328,0.72929926
