segment,pitch,stretch
0.0,86.97428458,1.28134459
0.1,68.85214371,0.92040862
0.2,-97.98565906,0.75536346
0.3,35.07930547,1.26670058
0.4,-30.18374109,0.22005976
0.5,-82.66469876,1.42168107
0.6,23.39578652,1.49957944
0.7,26.21600665,0.84685957
0.8,40.56146868,0.54890831
0.9,8.84190716,1.06754414
1.0,42.34962336,0.96376908
1.09391667,-32.07226286,0.10029528
