segment,pitch,stretch
0.0,63.30955307,1.05146316
0.1,-16.2405627,1.82422784
0.2,-94.40154866,0.58494816
0.3,75.21778114,1.0983984
0.4,25.54945434,0.15013246
0.5,-24.8991059,0.80312612
0.6,41.94064473,0.26635056
0.7,-52.88941207,1.56094221
0.8,34.33759816,1.1585981
0.9,11.89714474,1.8876465
1.0,-68.13632942,1.89794163
1.09391667,47.32266625,0.59037239
