segment,pitch,stretch
0.0,-24.60693705,0.46722995
0.1,-18.03262929,1.67527194
0.2,78.43262301,0.46653722
0.3,-68.3918043,0.93598541
0.4,-80.30955939,1.16461279
0.5,85.23652971,0.21312226
0.6,-34.75897275,0.26523352
0.7,-13.65493451,0.26712079
0.8,18.27954458,0.66430326
0.9,-61.83588329,0.96548424
1.0,1.46934054,0.70653645
1.09391667,21.65066183,1.4905418
