segment,pitch,stretch
0.0,-5.59008464,1.9459955
0.1,23.87135474,1.03760396
0.2,-59.27059617,0.52841708
0.3,-3.79644123,1.18808585
0.4,-24.49258802,1.53084487
0.5,-9.70740252,1.19743676
0.6,93.2382904,1.07802649
0.7,-80.61523432,1.54041051
0.8,-68.01598802,0.02132601
0.9,62.98223399,1.71898352
1.0,-20.64225602,1.35496449
1.09391667,-61.6915353,1.18680032
