segment,pitch,stretch
0.0,23.35137092,0.15397845
0.1,76.34325819,1.80908671
0.2,77.87153215,0.91237222
0.3,45.89033074,0.3916486
0.4,-92.46008591,1.60354114
0.5,-89.27810563,0.90173572
0.6,61.30206765,1.86939155
0.7,68.07705407,0.57523975
0.8,47.81218941,0.88835081
0.9,85.67647673,0.33175344
1.0,69.08166842,0.8335266
1.09391667,71.61978118,0.36613886
