segment,pitch,stretch
0.0,-95.03086766,1.30837938
0.1,-3.19440238,0.41482999
0.2,-39.72459624,1.62954212
0.3,15.36352601,1.09402509
0.4,-38.40390677,0.25113187
0.5,-49.79740584,0.76399472
0.6,-48.37651938,1.73274833
0.7,-33.05516854,0.31535053
0.8,-95.3817315,0.01885302
0.9,-37.53428143,0.72130614
1.0,13.19585938,0.43232343
1.09391667,36.11780275,1.20783491
