segment,pitch,stretch
0.0,17.49267602,0.00977258
0.1,17.59035292,1.17585195
0.2,83.12376417,1.66932103
0.3,-81.59474703,0.83160233
0.4,-99.63264863,1.05024367
0.5,42.69289025,1.13369845
0.6,82.55548118,0.21867151
0.7,15.87479687,0.32447169
0.8,-15.6323718,1.86350195
0.9,98.18396958,0.82463705
1.0,52.83112054,0.94709308
1.09391667,33.63343534,0.36254065
