segment,pitch,stretch
0.0,91.45146765,1.23282005
0.1,-35.10409157,0.25999131
0.2,94.76486666,1.34886846
0.3,-53.94210215,0.83234793
0.4,84.25045535,0.3574364
0.5,23.38990659,1.13678853
0.6,-19.20564455,1.71477151
0.7,79.34721748,0.6734852
0.8,-19.93049437,1.07446176
0.9,-60.8441274,1.23242025
1.0,-1.38990897,1.52786138
1.09391667,24.56704264,1.4714842
