segment,pitch,stretch
0.0,67.80241824,1.86846381
0.1,29.99846692,0.17784513
0.2,-57.62339124,0.792312
0.3,87.84697028,1.20922302
0.4,85.25466999,1.15380481
0.5,21.68559313,1.34214235
0.6,25.36322325,0.12119946
0.7,-63.0463062,0.90660735
0.8,55.51522375,0.02485499
0.9,84.28688223,1.43158428
1.0,75.12562412,1.49951226
1.09391667,1.86074779,1.07671063
