segment,pitch,stretch
0.0,51.36253455,0.9480924
0.1,-1.79808666,1.89932886
0.2,-53.25635357,1.74507587
0.3,92.04905147,0.26533823
0.4,-90.57518695,0.16174051
0.5,60.37120744,0.96723602
0.6,-93.94505953,1.36968268
0.7,1.88310477,0.12063159
0.8,-23.01531969,1.46254302
0.9,-70.16036682,1.09212546
1.0,-26.79565184,1.75188749
1.09391667,30.40332279,1.41042335
