segment,pitch,stretch
0.0,56.3389614,0.35919702
0.1,15.5810044,0.12290397
0.2,-57.00882779,0.4388906
0.3,-38.51831774,1.4101729
0.4,-2.48649571,1.50441402
0.5,47.94489788,0.12973549
0.6,-25.26992134,1.5432215
0.7,71.13867004,0.81755123
0.8,-84.74018584,1.08085579
0.9,36.45045372,1.434422
1.0,21.99011702,0.97494001
1.09391667,81.39151634,0.80759169
