segment,pitch,stretch
0.0,-36.21368885,0.73102916
0.1,-21.58887728,1.91789337
0.2,13.41790132,0.21798818
0.3,54.14984422,1.25250258
0.4,-14.70759229,1.17100168
0.5,-89.28721174,0.37038944
0.6,-44.90139169,0.22313149
0.7,31.96128506,1.88317087
0.8,15.8351581,0.03386618
0.9,-35.27402609,1.29108959
1.0,-2.7577194,0.69196657
1.09391667,-33.63227805,1.7463571
