segment,pitch,stretch
0.0,64.66080996,0.82460416
0.1,-69.02575999,0.36483522
0.2,-67.68739859,0.7494254
0.3,44.13725608,0.5130867
0.4,93.17105676,0.37208425
0.5,84.82973528,1.19695655
0.6,-34.91706274,0.97358849
0.7,-93.26420788,1.42777336
0.8,78.86658017,1.14684196
0.9,-56.88823021,0.88829321
1.0,16.33779759,0.74783525
1.09391667,54.14062415,1.42501308
