segment,pitch,stretch
0.0,25.38598482,0.89232009
0.1,-75.4290336,1.89128597
0.2,-93.77214736,1.99899889
0.3,-11.93109416,0.2472244
0.4,-3.2584173,0.14273894
0.5,4.3608059,1.21438163
0.6,-67.37283883,0.96373014
0.7,-45.00567152,1.90932533
0.8,35.5097718,1.26347726
0.9,43.03996363,1.83989813
1.0,65.28264622,0.76004817
1.09391667,-37.07012433,0.66989713
