segment,pitch,stretch
0.0,36.31221715,1.2887877
0.1,-44.47492587,1.4589685
0.2,-4.14718789,0.18405876
0.3,-65.70158372,0.27129686
0.4,76.09968898,0.60039507
0.5,52.5413509,0.83949142
0.6,5.38506085,0.92420877
0.7,-9.33856544,0.31849757
0.8,-79.6079489,1.55991954
0.9,-51.30915368,1.32485451
1.0,-23.2662762,1.1603689
1.09391667,10.041916,0.29288231
