segment,pitch,stretch
0.0,-54.47653584,1.90910012
0.1,-41.28810238,0.95006917
0.2,91.65690287,0.84100017
0.3,-9.28605219,0.92695143
0.4,-68.3172527,0.80239333
0.5,-20.53863649,1.92743309
0.6,23.12715477,0.16796328
0.7,-28.99385244,0.5012895
0.8,-31.7840881,0.67203268
0.9,-50.00972714,0.25650815
1.0,-40.65380245,0.35020128
1.09391667,5.46992446,1.80995829
