segment,pitch,stretch
0.0,-50.65944843,0.53695405
0.1,-8.30198342,1.68823048
0.2,28.238309,0.29560695
0.3,-35.80408689,0.83443164
0.4,80.50699914,0.87894934
0.5,-99.69979401,1.46703122
0.6,30.38876845,0.23248639
0.7,-2.76434691,1.71572221
0.8,-19.59960586,1.24729907
0.9,-93.26966696,0.75753981
1.0,64.56379815,1.65214627
1.09391667,-59.79308705,0.40383656
