segment,pitch,stretch
0.0,84.84297862,0.12127835
0.1,-41.13766339,0.39553601
0.2,31.0243005,1.29400733
0.3,51.71643077,0.38578685
0.4,-15.52187673,0.67216324
0.5,37.47478577,0.61922356
0.6,27.01527087,0.0538602
0.7,44.60136097,0.56901487
0.8,-52.37417606,1.28646438
0.9,-48.58777174,0.80149466
1.0,7.20305444,1.28981754
1.09391667,-74.66052111,0.46742112
