segment,pitch,stretch
0.0,13.47649633,0.2030304
0.1,-4.31438018,1.4654032
0.2,33.0563647,0.99950721
0.3,86.84745786,0.04710196
0.4,-66.40745707,1.47568135
0.5,-45.55484269,1.38964748
0.6,-86.08753099,1.63844318
0.7,-95.45735959,1.01920512
0.8,23.86654109,1.35517017
0.9,-11.20743419,1.07128935
1.0,-48.1272879,1.6005201
1.09391667,65.71403117,1.58502918
