segment,pitch,stretch
0.0,-74.4174694,1.88606728
0.1,67.95279973,1.33791825
0.2,-39.20846612,1.49728268
0.3,75.10442899,0.10286405
0.4,64.17156696,0.88852199
0.5,-42.38450544,0.77437708
0.6,-86.29317574,1.38211023
0.7,11.40905892,1.00427558
0.8,13.2984643,1.53256025
0.9,-36.56440039,1.00789046
1.0,-93.57212319,0.84413966
1.09391667,13.37429031,1.54480909
