segment,pitch,stretch
0.0,61.47755319,1.45530198
0.1,79.47502579,1.32139426
0.2,73.60091474,0.78813228
0.3,58.1460863,0.55211546
0.4,97.58712211,0.66504483
0.5,-25.3557345,0.1283282
0.6,-0.56542957,1.41482601
0.7,31.42903677,1.61871195
0.8,42.53271581,1.01398737
0.9,77.28375596,0.52342725
1.0,-30.44711444,1.03483045
1.09391667,19.3107075,0.15284579
