segment,pitch,stretch
0.0,20.84328773,1.90680099
0.1,31.97314279,0.60095823
0.2,0.96518171,1.38207831
0.3,76.6061975,1.17298151
0.4,-77.10206306,1.57242958
0.5,23.53898445,0.07487762
0.6,-12.32061179,1.72866781
0.7,28.9259581,0.62365339
0.8,-94.91860317,0.31926535
0.9,-45.1021446,1.82585567
1.0,37.31543609,1.81117851
1.09391667,-48.80421802,0.64368516
