segment,pitch,stretch
0.0,98.52666227,0.76053605
0.1,-14.53697977,1.55944865
0.2,-27.73641003,1.1926207
0.3,-33.00016706,0.4837488
0.4,-94.64333813,0.26449836
0.5,-41.61617203,0.91523242
0.6,49.41815244,1.22186228
0.7,-30.32061772,1.22601092
0.8,-35.74709192,0.47362103
0.9,-13.60946608,1.12741722
1.0,-32.82037382,1.62942093
1.09391667,33.32212964,0.13586673
