segment,pitch,stretch
0.0,29.37383655,1.92425936
0.1,23.19156398,0.6229039
0.2,85.81337763,1.36154183
0.3,-29.64908449,0.09031289
0.4,8.97904128,0.90960709
0.5,39.22706603,1.25920128
0.6,61.83715867,1.48525242
0.7,-85.41027475,0.60232136
0.8,73.95238576,0.50952592
0.9,27.80762862,0.22145612
1.0,-27.42196196,0.91644458
1.09391667,-33.44848628,1.07641807
