segment,pitch,stretch
0.0,35.31456444,1.69516606
0.1,32.41521545,0.23308544
0.2,-54.21409297,0.95659058
0.3,-42.78782363,1.51885901
0.4,54.56880631,1.37866605
0.5,-47.76201321,0.13843314
0.6,21.101395,0.69869138
0.7,-85.00905452,1.55469424
0.8,89.73188045,1.19022687
0.9,58.36158131,1.40913395
1.0,82.86297317,1.54823015
1.09391667,50.19485525,1.45235784
