segment,pitch,stretch
0.0,66.27002453,0.70496708
0.1,72.56873765,1.41341806
0.2,-47.18075811,1.56676293
0.3,-50.2773596,1.96972076
0.4,-37.39995802,1.04150982
0.5,44.57144772,0.64987665
0.6,-77.42232626,0.50073604
0.7,-61.53894289,1.36720733
0.8,57.25780133,0.69150917
0.9,-53.9092717,0.1917381
1.0,79.641801,1.04532949
1.09391667,81.23373834,0.53527151
