segment,pitch,stretch
0.0,-58.74313134,0.16237212
0.1,46.38152714,1.56085016
0.2,-5.44961594,0.52643067
0.3,51.05560406,0.88104135
0.4,48.86629046,0.28565075
0.5,-0.66798529,1.31813369
0.6,8.72000336,1.65879699
0.7,67.13946978,1.88209371
0.8,18.17496414,0.89524583
0.9,-78.16206847,0.64742398
1.0,26.35406132,0.57671432
1.09391667,94.49751902,1.24089852
