segment,pitch,stretch
0.0,-96.27017097,0.06095717
0.1,-8.23164951,1.37830678
0.2,-17.16483844,0.60938429
0.3,51.38438878,1.50755712
0.4,-46.68819378,0.78233896
0.5,-48.36150329,1.0485375
0.6,39.11171658,1.09444979
0.7,61.02242978,0.69142926
0.8,-31.59479495,1.58337901
0.9,29.78054616,1.62604078
1.0,12.03263948,0.74172624
1.09391667,45.41432931,1.92603435
