segment,pitch,stretch
0.0,-96.45723027,1.20447661
0.1,46.81898893,1.98089962
0.2,-52.24123134,0.13419359
0.3,-93.20482306,0.77341906
0.4,-73.17016095,0.41314705
0.5,65.38390332,1.70927399
0.6,-74.48910715,0.82975987
0.7,18.35767077,1.00284167
0.8,-83.13603565,0.65136174
0.9,-60.914408,1.08902536
1.0,13.76318207,0.29016251
1.09391667,-74.06068615,0.25284804
