segment,pitch,stretch
0.0,-13.47347562,1.00059458
0.1,-80.05914573,0.50263337
0.2,-72.26699248,0.84336515
0.3,-58.92718016,1.88793301
0.4,-26.10050626,0.44425999
0.5,52.49716227,1.63024313
0.6,-60.2709564,0.11111393
0.7,99.6254906,1.35713378
0.8,96.73720775,0.79488914
0.9,38.62507801,1.22496373
1.0,-58.05029263,1.90547482
1.09391667,-97.63647514,0.01778788
