segment,pitch,stretch
0.0,-77.65935665,1.91143756
0.1,13.01307899,0.95656899
0.2,-6.27197977,0.05318577
0.3,99.77801709,1.67121165
0.4,-3.73096601,0.67240869
0.5,48.17717711,1.00234822
0.6,-36.84313939,0.30376957
0.7,-61.99766544,1.01064126
0.8,-76.82864618,1.57737707
0.9,-38.01252631,0.84763517
1.0,85.29761704,1.67346182
1.09391667,46.87388229,0.28083573
