segment,pitch,stretch
0.0,-30.2467566,1.10932486
0.1,-18.60045113,1.9206934
0.2,-90.34616495,1.24300923
0.3,65.05422695,0.26827652
0.4,-97.4748037,1.06073
0.5,81.08722465,0.77191048
0.6,-60.33963886,0.47362595
0.7,89.16319597,0.81063727
0.8,-62.96470457,0.77403196
0.9,-1.62845555,1.97344779
1.0,-78.52699488,1.64085803
1.09391667,30.74269215,1.83432164
