segment,pitch,stretch
0.0,66.35781632,1.51060149
0.1,-12.06831675,0.86092396
0.2,71.12167329,1.98213421
0.3,-65.08320496,0.15165496
0.4,-82.82301749,1.26926091
0.5,32.31625944,1.00523376
0.6,68.14197427,1.33555594
0.7,69.60296215,1.16834727
0.8,38.87135773,0.07961385
0.9,55.81325805,0.13061417
1.0,91.56317805,1.16603809
1.09391667,58.32530745,1.93332186
