segment,pitch,stretch
0.0,-26.87736921,0.37881467
0.1,-38.78454806,0.37257789
0.2,-69.72148419,1.48940085
0.3,56.72097213,1.14518806
0.4,-88.39667283,1.2314091
0.5,45.22282249,0.53736575
0.6,-11.07444694,1.57677514
0.7,-30.98601297,1.78543206
0.8,49.05819927,0.9243348
0.9,95.08611162,1.43220062
1.0,-80.37669622,1.4106878
1.09391667,-0.64736784,0.37073527
