segment,pitch,stretch
0.0,-50.54232549,1.16258998
0.1,34.32153656,0.79689364
0.2,-10.92395048,0.16790755
0.3,53.72738624,0.35039588
0.4,62.41801081,0.24836215
0.5,-32.60317387,0.38408886
0.6,-14.80411838,0.47894499
0.7,55.20966729,1.81942338
0.8,-74.0684305,1.36079379
0.9,-4.87965611,1.63972786
1.0,-79.50813125,1.65428446
1.09391667,24.9492826,1.31063675
