segment,pitch,stretch
0.0,-21.33588045,0.64007693
0.1,28.18111365,0.36210443
0.2,-11.21795953,0.97510536
0.3,-75.82203472,1.22570619
0.4,36.75980824,1.08813481
0.5,82.52508149,1.82668288
0.6,-2.95672331,0.03453598
0.7,78.98755658,1.07945409
0.8,34.02541903,0.06380248
0.9,40.25185798,0.46673817
1.0,-23.49198504,0.55804019
1.09391667,43.4619086,0.67911388
