segment,pitch,stretch
0.0,-9.03644008,1.33439085
0.1,17.25768585,1.14250237
0.2,31.80596944,1.31071592
0.3,-37.53705258,0.64785465
0.4,-72.83315878,1.42686134
0.5,-86.89655244,1.9351134
0.6,-41.36643193,0.6329639
0.7,-24.29547068,1.12609379
0.8,-10.26201034,0.4317144
0.9,-84.73732243,0.11714111
1.0,29.57592595,1.51572797
1.09391667,-31.00210879,0.75437121
