segment,pitch,stretch
0.0,24.23901763,1.612105
0.1,-68.29569332,0.23755281
0.2,-76.60440788,1.12644766
0.3,-14.28309722,1.6498911
0.4,7.45259631,1.62705162
0.5,-96.79412631,0.02108582
0.6,19.00121721,0.46250888
0.7,28.47093687,0.61388361
0.8,-28.36467118,1.42538322
0.9,27.37810517,1.50029895
1.0,-1.36668835,0.7956711
1.09391667,-10.50305513,0.62245048
