segment,pitch,stretch
0.0,-98.28114878,1.65071685
0.1,56.78361718,0.83910099
0.2,85.44160667,0.37505411
0.3,-84.55731912,1.88837589
0.4,49.20342555,1.08728138
0.5,-52.595959,1.97160724
0.6,98.42131641,1.47544821
0.7,9.72308327,1.24926611
0.8,12.04937736,0.22244064
0.9,-39.23819918,0.47451493
1.0,44.86165429,1.20182695
1.09391667,-9.34942597,1.47839352
