segment,pitch,stretch
0.0,68.03651569,0.44361931
0.1,45.80270737,1.54062364
0.2,40.05084495,1.57634207
0.3,48.64089828,0.03645506
0.4,24.15305268,1.06145672
0.5,51.63059478,0.59279659
0.6,84.11339373,1.68063549
0.7,22.39119116,0.09041329
0.8,-41.26651668,1.8261536
0.9,-2.28056387,1.1974799
1.0,-50.54956883,1.84366918
1.09391667,-93.08298628,1.00091384
