segment,pitch,stretch
0.0,-3.44900861,0.51239927
0.1,-17.8432189,1.03264561
0.2,-6.85827808,0.34600943
0.3,45.65439731,0.47649702
0.4,-45.51901732,1.73458193
0.5,-48.46749348,0.81561736
0.6,61.02871352,1.13461249
0.7,88.88451803,0.39624217
0.8,-62.50472578,0.97607282
0.9,-72.54245457,0.43830143
1.0,69.58025846,1.14588811
1.09391667,-27.66978609,0.14331088
