segment,pitch,stretch
0.0,-95.15502969,0.13261154
0.1,-9.00046759,0.68737046
0.2,-46.05673343,1.04752223
0.3,-80.20455434,1.42056073
0.4,69.34929809,1.98486552
0.5,52.23432308,0.94146217
0.6,-15.81323993,0.9157491
0.7,37.6557434,1.05147425
0.8,17.28698378,0.64444213
0.9,49.30427287,0.93595102
1.0,75.36526211,0.02848654
1.09391667,-92.86270005,1.21065321
