segment,pitch,stretch
0.0,24.53986414,1.78897409
0.1,62.74729121,1.71743114
0.2,-6.99692864,1.45844579
0.3,32.91070415,0.05079794
0.4,54.80975448,1.44685897
0.5,24.32530029,0.6322235
0.6,16.29432048,1.01805408
0.7,-66.06817006,0.32502854
0.8,-90.96676801,1.20600442
0.9,-4.67977612,0.69143843
1.0,-25.79105575,0.12523546
1.09391667,-43.70584136,1.95537842
