segment,pitch,stretch
0.0,80.19747469,0.03666691
0.1,-96.43069026,0.31407974
0.2,6.71798647,0.70160097
0.3,19.69444111,1.30733275
0.4,-18.5018769,1.0770642
0.5,-89.69065854,1.1030143
0.6,18.45091423,0.72184595
0.7,58.14918595,0.59634745
0.8,-12.73126571,0.95783225
0.9,-37.82928272,0.84592096
1.0,-47.82962272,1.86600497
1.09391667,-71.69807159,0.50915901
