segment,pitch,stretch
0.0,-17.35907603,1.03823748
0.1,18.81369918,0.96868976
0.2,55.92500366,1.67797376
0.3,45.08785435,1.44469234
0.4,3.17174712,0.62957499
0.5,-30.69278374,1.7765397
0.6,41.43178992,1.27231114
0.7,-46.28602692,0.02713593
0.8,-38.81280045,0.44344556
0.9,-42.19882472,0.86812909
1.0,-88.98684391,1.07480581
1.09391667,-92.81820885,0.17756303
