segment,pitch,stretch
0.0,-69.13613192,0.71683615
0.1,-53.91573564,1.64130178
0.2,88.54569891,1.41561382
0.3,47.91558238,0.72478091
0.4,46.13883045,1.21480875
0.5,0.71209955,0.13058063
0.6,53.89774049,1.07607775
0.7,37.22112319,0.10112022
0.8,8.13348347,0.91343474
0.9,-10.35793642,0.77751528
1.0,75.25647247,0.57088528
1.09391667,-70.34686187,0.98841109
