segment,pitch,stretch
0.0,15.60693819,1.52023204
0.1,-30.17366225,1.91331724
0.2,-74.98996265,0.77968244
0.3,-21.71143967,0.16568234
0.4,-71.17152847,0.05371195
0.5,-79.08347918,0.45619097
0.6,30.00213426,0.51735739
0.7,-95.66333823,1.56234264
0.8,-86.13874985,1.61252587
0.9,-92.76645644,0.66568015
1.0,-60.06542453,1.71575711
1.09391667,-49.67322896,1.10728615
