segment,pitch,stretch
0.0,-93.84804117,0.47905205
0.1,-77.23912918,0.43335114
0.2,-45.57356693,0.98258142
0.3,-80.33366172,1.56424934
0.4,95.38038132,1.99053476
0.5,43.37257018,1.06230172
0.6,20.80863296,1.81617496
0.7,-74.49587502,0.70378114
0.8,53.82285156,1.40362465
0.9,86.20229822,0.70617413
1.0,-84.46214873,0.74798843
1.09391667,1.75691035,0.6850293
