segment,pitch,stretch
0.0,86.1163895,0.19420048
0.1,69.95513589,1.46581666
0.2,-13.94671811,1.09876795
0.3,-33.10342907,0.83580859
0.4,-76.59504937,0.7375784
0.5,-3.51899048,1.73720254
0.6,30.42015795,0.47612768
0.7,-55.73707392,0.34287239
0.8,54.32986928,1.39046848
0.9,-94.25719672,0.32361365
1.0,52.44088275,0.4960331
1.09391667,-37.34958779,0.90913699
