segment,pitch,stretch
0.0,-74.78707904,1.32849745
0.1,-17.41948052,0.12464251
0.2,18.32757183,1.60919877
0.3,49.59676146,1.26515186
0.4,89.11302511,0.36425632
0.5,-54.90271493,0.18773625
0.6,5.52128104,1.95544511
0.7,6.34300122,0.05018426
0.8,-52.23900499,0.91238744
0.9,-91.70083374,1.89571163
1.0,-59.86037194,1.52579837
1.09391667,44.21269836,0.42550386
