segment,pitch,stretch
0.0,-31.43099856,1.38428974
0.1,8.65477654,1.381989
0.2,-52.28282098,0.85842321
0.3,91.1008366,0.86053133
0.4,-9.23078544,0.18720345
0.5,-48.12825779,1.02834673
0.6,31.75901499,0.26507894
0.7,26.51097314,0.89767529
0.8,-0.94893242,1.04721154
0.9,-80.42410318,1.94213174
1.0,-37.42269733,0.45384942
1.09391667,-30.31023423,1.30082565
