segment,pitch,stretch
0.0,-3.94489453,1.87262136
0.1,93.78845114,1.5911659
0.2,-15.4175353,0.77224849
0.3,69.96206512,1.66276975
0.4,-2.81275051,0.59757366
0.5,-99.06344561,1.2271396
0.6,93.3644365,0.27105927
0.7,38.15823311,1.13207073
0.8,51.44383365,0.42497597
0.9,19.95795113,0.54403667
1.0,-68.88770698,0.3131135
1.09391667,99.45926262,1.0229568
