segment,pitch,stretch
0.0,-16.81613766,1.57148085
0.1,6.45802089,1.67314542
0.2,-39.14767358,1.64833963
0.3,-59.56196692,0.04709433
0.4,-22.80702259,1.1795503
0.5,48.84600095,1.10369045
0.6,-22.22311015,1.02368727
0.7,-21.08263431,1.75922585
0.8,-18.22407764,1.40227071
0.9,-61.53900162,1.50722495
1.0,-19.08536635,0.46597225
1.09391667,-43.46705032,0.63106716
