segment,pitch,stretch
0.0,-46.52390323,0.35126105
0.1,19.23789521,1.12280932
0.2,69.12106093,0.45102457
0.3,-43.53874687,1.46305127
0.4,-56.35842904,1.909583
0.5,7.35134255,1.54363939
0.6,-28.20207265,0.80451607
0.7,-78.68633359,1.94404618
0.8,27.00073493,0.82845057
0.9,-36.58564369,1.3978679
1.0,4.57816085,1.7044559
1.09391667,-5.20378192,0.16192575
