segment,pitch,stretch
0.0,-28.71923325,0.05998695
0.1,-41.33033256,1.69509995
0.2,14.60836996,1.2304272
0.3,24.53811626,1.46168191
0.4,7.82813988,1.6429412
0.5,31.13275889,1.01913146
0.6,9.00223054,0.81472246
0.7,65.97905996,0.51197957
0.8,3.77456402,0.97348527
0.9,20.70026816,0.6370084
1.0,98.54762674,0.00532383
1.09391667,74.26815163,1.21089253
