segment,pitch,stretch
0.0,42.94713727,0.47626881
0.1,28.30886199,1.1713526
0.2,1.2264226,1.74074018
0.3,-18.98827785,1.46451689
0.4,56.2842172,1.82010581
0.5,-36.10050509,0.06402892
0.6,-35.32176748,1.19039401
0.7,-60.08162155,1.08978002
0.8,89.09432849,1.1905248
0.9,19.08224966,1.93919958
1.0,-35.22352631,1.038365
1.09391667,-47.26773358,0.66318898
