segment,pitch,stretch
0.0,27.97817784,0.84571494
0.1,71.46944993,1.27709221
0.2,89.05489336,1.27075812
0.3,-19.05433113,1.99746898
0.4,-69.45960299,0.86632135
0.5,73.78187689,1.18439274
0.6,45.30424973,0.05743494
0.7,-12.3964906,1.88609771
0.8,-6.65615849,1.07546111
0.9,20.78943027,0.97034818
1.0,-67.05166292,0.94663039
1.09391667,-53.62396235,0.1925317
