segment,pitch,stretch
0.0,15.15197213,1.10343193
0.1,12.09834356,1.24784569
0.2,-98.90945178,0.69536812
0.3,-7.24132806,1.50082123
0.4,-22.04912785,1.78962455
0.5,53.27175302,0.59868421
0.6,18.92228417,1.36027969
0.7,65.4652164,1.44726147
0.8,51.91420072,1.08983894
0.9,20.23549525,0.07451316
1.0,-86.64191921,0.79077881
1.09391667,-62.9037571,1.64262615
