segment,pitch,stretch
0.0,97.76656521,1.90640997
0.1,10.72921102,1.35752142
0.2,-74.90567645,0.0677959
0.3,77.17787297,0.2303181
0.4,-65.98328726,1.9496567
0.5,3.50056795,1.06158527
0.6,-48.42786785,0.86919942
0.7,47.72819133,1.60426058
0.8,14.30124411,1.52102104
0.9,-92.38663664,0.17733005
1.0,33.04960477,1.36413464
1.09391667,16.88553352,0.78541069
