segment,pitch,stretch
0.0,67.33906462,1.2911066
0.1,74.66193016,0.58650347
0.2,-41.19192014,1.71513386
0.3,-28.8859862,1.65328823
0.4,-8.27761938,1.612987
0.5,-36.63463382,1.39627769
0.6,13.77329217,1.48703396
0.7,63.53825883,1.42982838
0.8,81.11175046,1.7469417
0.9,34.9157937,0.10855202
1.0,-21.50687119,1.96484687
1.09391667,-11.3870342,0.37279503
