segment,pitch,stretch
0.0,-28.20463256,0.06975638
0.1,-75.86656262,1.24902799
0.2,78.51568347,0.38757705
0.3,-67.19866651,1.18680549
0.4,-11.47483433,1.20454768
0.5,-96.34493339,0.70131962
0.6,71.58709959,0.25791663
0.7,-9.8928997,0.10961417
0.8,-1.71040265,1.17923692
0.9,46.05003014,0.25195767
1.0,-54.51031069,1.75432787
1.09391667,-36.41626056,1.27588471
