segment,pitch,stretch
0.0,-73.5267518,0.87153309
0.1,26.40936661,1.24873758
0.2,95.94954551,0.87594124
0.3,-92.18268605,0.88012103
0.4,-98.10910069,1.62824367
0.5,-61.34103681,1.41725229
0.6,34.88723994,1.27607992
0.7,66.83835425,0.30685243
0.8,-67.43059972,0.43279956
0.9,51.12526405,0.74557381
1.0,-25.5134348,0.84179224
1.09391667,-82.24978729,0.84260005
