segment,pitch,stretch
0.0,42.97445599,0.55669558
0.1,-13.36169143,0.58156084
0.2,95.55347712,1.49895361
0.3,25.38194066,1.21133401
0.4,7.99263567,1.29255802
0.5,-99.22256454,0.60717751
0.6,-40.78265899,1.53494704
0.7,6.53756305,0.96428077
0.8,-20.69460066,0.42904798
0.9,-61.55291704,1.90575432
1.0,-41.80363085,0.98826975
1.09391667,-15.66743162,0.15634055
