segment,pitch,stretch
0.0,-47.44631174,0.61482073
0.1,48.43296153,0.65655052
0.2,-16.2993289,1.98022162
0.3,71.12275577,1.32201843
0.4,27.92431259,0.62266418
0.5,-51.53020823,0.36761683
0.6,70.60667651,0.63917639
0.7,19.72897422,0.86553093
0.8,-28.1908113,1.52360694
0.9,42.45712742,1.86801427
1.0,90.49930188,1.6810017
1.09391667,-24.56696621,0.16531637
