segment,pitch,stretch
0.0,-74.5918135,1.01979496
0.1,28.79821434,0.80806248
0.2,97.27836698,0.68923441
0.3,70.33680468,0.29842911
0.4,14.06818155,1.28851822
0.5,-16.97736982,0.93328677
0.6,75.14922554,0.10219622
0.7,23.29055894,1.41929067
0.8,-26.03253211,0.8010075
0.9,28.95520226,0.76563128
1.0,-61.82682237,0.36703777
1.09391667,47.27585079,0.80268974
