segment,pitch,stretch
0.0,-17.35587933,1.80713615
0.1,0.95768859,0.65818518
0.2,47.37608494,0.13743933
0.3,-29.30928245,0.63156649
0.4,0.3886714,0.74841843
0.5,11.78751261,1.47868634
0.6,-3.17696206,1.19861887
0.7,-19.53944189,0.27488431
0.8,-7.70582249,0.84423799
0.9,-20.54964166,0.77450003
1.0,-60.75740285,1.95248665
1.09391667,-12.71558958,0.720403
