segment,pitch,stretch
0.0,-74.07322153,0.85431966
0.1,35.75598847,1.01181763
0.2,82.97271333,0.92312945
0.3,17.0497448,0.56497759
0.4,25.23097934,0.45096397
0.5,4.16668302,1.21193737
0.6,-83.53078486,0.96594203
0.7,-81.53905497,0.58708741
0.8,32.10709268,1.06053437
0.9,9.14404491,1.09641521
1.0,56.09727313,1.58822768
1.09391667,-90.02311852,0.88380828
