segment,pitch,stretch
0.0,69.76944056,0.99276477
0.1,-42.93548761,1.13394656
0.2,36.82283162,0.8882043
0.3,32.72805269,0.48588646
0.4,59.91100813,0.19309887
0.5,-67.75715394,0.28513591
0.6,-89.50145132,0.07898736
0.7,-26.70280059,0.13233941
0.8,64.77389449,0.72291483
0.9,-30.11635891,0.45053492
1.0,-16.70024332,0.51435491
1.09391667,69.17887886,0.97661721
