segment,pitch,stretch
0.0,81.69119698,1.27933894
0.1,42.19378668,0.17402895
0.2,-40.74285827,0.51201081
0.3,49.20247594,0.94873681
0.4,-31.78428617,1.19745534
0.5,33.76293525,0.67270535
0.6,7.11439176,1.44433094
0.7,-18.31872173,0.44605891
0.8,79.70412409,0.81778602
0.9,-88.5628162,1.24773735
1.0,-65.12448171,0.00984113
1.09391667,11.63103966,1.43403062
