segment,pitch,stretch
0.0,-99.5332925,0.28465119
0.1,1.45242975,1.8088146
0.2,-64.33425221,1.50664885
0.3,94.32501829,1.24738647
0.4,-24.96285319,1.99674836
0.5,24.44115024,1.0963611
0.6,88.75353775,1.91027181
0.7,84.15272448,1.87676127
0.8,64.6545326,1.65561874
0.9,-74.06978327,1.63896442
1.0,-77.05086555,0.85126523
1.09391667,82.12012488,1.4630733
