segment,pitch,stretch
0.0,-67.02841194,0.33593724
0.1,-61.53416047,1.45592665
0.2,58.59657868,0.89843982
0.3,29.19204806,0.82315135
0.4,23.45650743,1.88697526
0.5,68.99571545,0.96876146
0.6,-55.06633408,0.51998357
0.7,-84.88813755,0.83848957
0.8,-86.25019985,0.75519813
0.9,32.09324542,0.08799146
1.0,-18.86097807,1.1327065
1.09391667,-0.34975855,0.30601278
