segment,pitch,stretch
0.0,-23.56559233,0.34737706
0.1,44.15406219,1.80415703
0.2,90.2297784,1.77401658
0.3,31.62400251,0.80962243
0.4,-71.52797272,0.21525837
0.5,-17.92560707,0.09930304
0.6,78.14138422,0.93763429
0.7,-0.55474778,0.07747984
0.8,-0.96763975,1.28799801
0.9,18.83454105,0.32721238
1.0,3.09463475,0.68607536
1.09391667,65.7955852,1.62840549
