segment,pitch,stretch
0.0,59.60824551,1.62090716
0.1,-64.11863952,0.62141688
0.2,-81.41399784,1.62060561
0.3,41.65235769,1.99163419
0.4,56.74582586,1.83639677
0.5,61.1637023,0.52086131
0.6,26.45659211,0.3344552
0.7,-23.10007979,0.29977792
0.8,-45.77209974,0.56704803
0.9,-42.00411518,0.76989648
1.0,-9.68567298,1.81845124
1.09391667,25.45890504,1.77925494
