segment,pitch,stretch
0.0,2.5732513,1.647041
0.1,65.46905282,1.84593927
0.2,71.19594141,0.45510565
0.3,60.39832791,1.01795959
0.4,-88.69626856,0.08128748
0.5,88.13724484,1.92668947
0.6,-21.3716901,0.83024876
0.7,50.45377943,1.4170414
0.8,88.14580375,1.13372324
0.9,-75.16546804,0.91489346
1.0,-15.63730308,0.03287719
1.09391667,-11.80666885,1.28058258
