segment,pitch,stretch
0.0,97.77122609,0.40936323
0.1,75.39760322,0.83333714
0.2,-92.56300928,1.9299588
0.3,73.60734954,0.31044819
0.4,84.82420222,1.11112706
0.5,-57.35733587,0.30641345
0.6,36.05799571,1.79191215
0.7,-80.10781894,1.43353199
0.8,79.81818761,0.61341243
0.9,71.53815245,1.6920607
1.0,39.3075371,0.85862509
1.09391667,85.61049635,0.78833379
