segment,pitch,stretch
0.0,-99.01008517,0.51580829
0.1,65.47335851,0.53489733
0.2,-84.28840174,1.28091178
0.3,-53.2257253,1.83272888
0.4,-67.85056043,0.88291171
0.5,-22.57245088,0.35382027
0.6,-0.78864791,1.57508052
0.7,17.40611159,0.29019895
0.8,62.9168566,1.37661243
0.9,32.36790846,0.94083914
1.0,-91.70599266,1.54827837
1.09391667,50.31108328,0.28023548
