segment,pitch,stretch
0.0,-96.81604806,1.46324918
0.1,37.83480038,0.84459601
0.2,-8.61723514,0.1668762
0.3,-84.9926442,0.0760945
0.4,-0.16612884,0.24671579
0.5,15.9690541,1.57602984
0.6,46.64910026,1.29975865
0.7,-78.92875072,1.65637017
0.8,97.27833726,0.50357009
0.9,57.26507245,0.73013763
1.0,87.23640608,0.60658699
1.09391667,9.28772105,1.30909728
