segment,pitch,stretch
0.0,96.40991371,0.9507269
0.1,44.65841575,1.79183575
0.2,-16.29621217,1.09244309
0.3,-48.55554978,1.6357802
0.4,26.12822135,0.19893477
0.5,56.43887594,0.38875901
0.6,-8.03605186,0.73216499
0.7,54.77211039,1.11169146
0.8,25.53059274,0.05558172
0.9,-58.35574141,0.18202708
1.0,-61.20346584,0.44521291
1.09391667,99.40713186,0.13186743
