segment,pitch,stretch
0.0,-21.74410199,1.11444004
0.1,-54.46820056,1.02689489
0.2,36.37288824,1.84847876
0.3,28.79669065,1.32768322
0.4,64.63914759,1.2143292
0.5,-47.48725989,1.4175641
0.6,-56.63725257,0.26859899
0.7,-15.67963737,1.20913194
0.8,-67.03077711,0.71725489
0.9,-87.98164929,0.61705061
1.0,66.360443,1.87423649
1.09391667,86.76512067,0.90814369
