segment,pitch,stretch
0.0,34.83932387,0.39991481
0.1,-48.03564672,0.42708011
0.2,-39.79994301,1.66102439
0.3,55.51204031,0.51091135
0.4,-31.38608709,1.29385953
0.5,14.87165635,0.69347698
0.6,17.74253656,0.8818624
0.7,73.83891975,1.31039877
0.8,17.68085004,0.1856431
0.9,-24.1862435,0.16878638
1.0,-54.03404818,0.18582405
1.09391667,28.67386017,0.29170194
