segment,pitch,stretch
0.0,-96.72610313,0.83439052
0.1,-36.86809982,1.21055498
0.2,-84.24626192,0.05488492
0.3,-29.99363641,1.47058347
0.4,21.41897552,0.68142996
0.5,-73.7985343,0.65955027
0.6,-83.05174317,1.54634177
0.7,-43.48487906,1.03072417
0.8,-48.22741203,0.15769377
0.9,-30.73203826,0.79374536
1.0,22.54361358,0.9877131
1.09391667,-65.2249662,1.82414956
