segment,pitch,stretch
0.0,-66.06272789,0.8938032
0.1,-35.39424596,0.85096145
0.2,-5.06217065,0.63682042
0.3,34.9656481,0.66546542
0.4,21.23436914,1.36528552
0.5,82.13600136,1.24494727
0.6,31.75524198,1.91319775
0.7,25.74157906,1.46839197
0.8,0.71739343,1.22847184
0.9,-48.73723386,1.68139256
1.0,-45.00388336,0.62568337
1.09391667,-22.7557427,0.09425642
