segment,pitch,stretch
0.0,42.85478744,0.49645543
0.1,11.60642133,1.40377655
0.2,-27.38772625,0.70453688
0.3,80.41560742,1.01697082
0.4,-67.11843031,0.59692665
0.5,25.47679572,0.43242047
0.6,29.48556379,0.65503898
0.7,-62.53851543,1.14916488
0.8,-49.48041885,0.12826618
0.9,29.80835172,1.82068044
1.0,83.85336689,1.93281092
1.09391667,-22.17498974,1.38105191
