segment,pitch,stretch
0.0,-6.1655518,1.83743041
0.1,-21.68268247,0.45034165
0.2,-44.18505393,1.43977044
0.3,-99.08787178,1.63276402
0.4,52.69419041,1.14410498
0.5,-22.76801282,0.80499942
0.6,-68.37024344,0.00488355
0.7,99.79862575,1.08087267
0.8,-45.96985204,0.60546967
0.9,34.4904792,1.53964006
1.0,-81.20928849,0.59388625
1.09391667,-1.26617119,1.72169188
