segment,pitch,stretch
0.0,0.52999287,1.69063339
0.1,42.88408516,0.90191616
0.2,5.2606001,1.66392033
0.3,69.22866022,0.83925309
0.4,-59.59002501,0.68526896
0.5,52.62821971,1.27190364
0.6,14.01522052,0.49105021
0.7,90.51709562,1.03233072
0.8,-27.52109457,1.62340823
0.9,51.07495461,1.37639553
1.0,15.68851607,1.23872079
1.09391667,97.28292288,0.29572749
