segment,pitch,stretch
0.0,-84.56242422,0.88058973
0.1,99.9800097,1.57875619
0.2,-74.27935954,1.10539411
0.3,89.44673422,1.02984743
0.4,-91.74996992,1.38707534
0.5,-18.76785599,1.26965367
0.6,-51.12732076,1.25509145
0.7,14.86623417,1.52290103
0.8,92.41843581,1.30528153
0.9,81.77291175,0.94706354
1.0,63.1035346,1.72712252
1.09391667,48.67701743,1.8227726
