segment,pitch,stretch
0.0,-35.26170476,0.76895084
0.1,-68.79847515,0.42345848
0.2,21.65443345,1.88759315
0.3,18.61336719,0.20743541
0.4,29.14118392,0.10193981
0.5,-0.79474297,0.31438326
0.6,-83.10715175,1.2995954
0.7,-22.63410673,1.94703728
0.8,-21.26415856,0.92366458
0.9,47.90727918,1.04223302
1.0,-39.88232682,1.01801331
1.09391667,-74.09279353,0.911147
