segment,pitch,stretch
0.0,-51.97670193,0.41387665
0.1,-66.3802986,1.82440093
0.2,-43.44577517,1.51666721
0.3,-27.66745881,0.79221573
0.4,-24.71146446,1.07358208
0.5,7.18823907,0.88629464
0.6,-1.04467208,1.421231
0.7,-90.31563808,0.93675223
0.8,-10.23526275,1.47759882
0.9,47.79218582,1.29623614
1.0,3.55736556,1.92903866
1.09391667,-83.88061388,1.30968338
