segment,pitch,stretch
0.0,-88.27288408,0.46079997
0.1,65.02931774,1.28353758
0.2,52.75255946,1.5240413
0.3,83.63729727,1.67217786
0.4,-40.64554186,1.32541151
0.5,-63.5561657,0.97852107
0.6,86.64180858,0.03458433
0.7,66.95085035,1.20988187
0.8,-95.78590216,1.76333765
0.9,-69.05067698,0.45158105
1.0,-26.34394451,1.28641333
1.09391667,46.22858611,0.88140728
