segment,pitch,stretch
0.0,-40.55421882,0.65900383
0.1,-4.36791553,1.32668807
0.2,-47.28306179,1.36801295
0.3,4.54742829,1.31909989
0.4,56.02469614,1.3880932
0.5,-1.96932384,1.04427425
0.6,5.19539512,1.75340959
0.7,-58.89384288,0.51778984
0.8,-23.79810438,1.0404646
0.9,98.84523473,0.97755594
1.0,7.14220046,0.3681696
1.09391667,-53.41190767,1.51620439
