segment,pitch,stretch
0.0,35.19701481,0.1517014
0.1,75.83495736,1.3624391
0.2,-57.84604767,0.35043993
0.3,18.18328311,1.06032252
0.4,2.5532884,1.51833669
0.5,24.93011402,0.65789286
0.6,-51.99875854,1.38401799
0.7,52.45873465,1.62873445
0.8,42.38876358,0.48968984
0.9,54.33691238,0.64777192
1.0,27.02485659,0.8399807
1.09391667,58.99390703,0.25985176
