segment,pitch,stretch
0.0,16.62356483,0.11907426
0.1,-64.66657599,1.11022803
0.2,20.81574107,1.93552837
0.3,62.21324861,0.18628365
0.4,-96.92379856,1.68045213
0.5,-63.09314604,0.56124054
0.6,85.3804948,1.40840471
0.7,-5.84073458,0.76045624
0.8,1.07766227,0.79738911
0.9,-3.48391837,0.78873787
1.0,5.39755614,0.96854707
1.09391667,59.72301587,0.15927381
