segment,pitch,stretch
0.0,-49.74850435,0.22554434
0.1,68.30317627,1.05889666
0.2,-65.19955472,1.66837242
0.3,16.55905503,1.26247407
0.4,-91.2937095,1.50505412
0.5,15.43319067,1.94963106
0.6,-45.85963286,1.1132199
0.7,19.61186346,0.36047723
0.8,-16.08875957,0.33369352
0.9,46.96260951,0.35479608
1.0,42.75278918,0.24605451
1.09391667,-15.03240418,1.96587805
