segment,pitch,stretch
0.0,-24.89816024,0.58295981
0.1,-5.46882756,0.29098819
0.2,20.19834057,1.14395964
0.3,-93.32796435,1.65419487
0.4,33.67014856,0.61503003
0.5,-35.81311347,0.19208338
0.6,3.8400964,1.34794824
0.7,36.13382858,0.71921044
0.8,70.00228028,1.86066536
0.9,81.61272395,0.96263601
1.0,-46.82426053,1.18263142
1.09391667,21.97193379,1.25802514
