segment,pitch,stretch
0.0,76.12419843,0.67214084
0.1,11.00659204,0.20805548
0.2,-52.15522205,1.24717772
0.3,-51.3643268,1.85689227
0.4,24.49300534,0.2839927
0.5,-64.27724172,0.06592342
0.6,83.88593275,0.50660315
0.7,17.09124032,0.19977586
0.8,-4.85917502,0.57396738
0.9,26.21900036,1.25518721
1.0,17.81638138,1.74789318
1.09391667,-21.79933582,1.24760572
