segment,pitch,stretch
0.0,-92.84300711,0.87509592
0.1,84.93303095,1.15799642
0.2,80.17137486,0.35067597
0.3,-20.18134966,0.73569606
0.4,-20.20363531,1.23116766
0.5,-69.79247274,0.29684789
0.6,33.10957698,0.98948574
0.7,-20.50322303,0.76787478
0.8,-72.05825618,0.48117832
0.9,1.26743028,0.47321928
1.0,17.12915034,0.17126553
1.09391667,64.76618694,1.04318183
