segment,pitch,stretch
0.0,4.27892196,1.38341141
0.1,-65.10560908,0.63616801
0.2,-46.49099881,0.88657916
0.3,92.02313014,1.65534728
0.4,-62.36360028,0.58832985
0.5,-5.7481882,0.35954779
0.6,-29.57103274,0.83826919
0.7,-12.57991884,1.34190797
0.8,-0.28533532,0.71480272
0.9,70.53696138,1.84273358
1.0,-21.79274863,1.41836707
1.09391667,77.34028184,1.74855227
