segment,pitch,stretch
0.0,-12.83752334,0.26746705
0.1,18.81551767,0.28928579
0.2,-29.56712799,1.1529058
0.3,-88.71669508,0.71030524
0.4,60.52504719,1.2257672
0.5,-63.41119431,1.58517904
0.6,8.79618234,0.02752012
0.7,-45.10475513,0.40266107
0.8,-50.11360918,1.24234406
0.9,24.528145,0.82116457
1.0,39.08857689,0.0963448
1.09391667,16.62790968,0.38181462
