segment,pitch,stretch
0.0,21.82146872,1.16475084
0.1,-41.56573861,0.22540654
0.2,56.74219222,0.7632378
0.3,-17.69017715,1.18330594
0.4,39.04068679,0.42274693
0.5,-57.82412378,0.15408699
0.6,-58.88173028,0.89761294
0.7,-0.85323684,1.46626125
0.8,88.76403384,1.51243191
0.9,-53.53826962,0.60247353
1.0,-6.60701791,1.96374571
1.09391667,78.9552904,1.19972968
