segment,pitch,stretch
0.0,-44.20026349,0.70172327
0.1,37.14552062,1.15664492
0.2,18.3582365,0.90621855
0.3,77.7774411,1.08976836
0.4,-78.31932482,1.02467386
0.5,-58.95150344,0.3820111
0.6,89.34504931,1.09647863
0.7,88.15541314,1.49721146
0.8,-8.94977512,1.78917626
0.9,-51.17539316,0.56099976
1.0,-56.97812864,1.16855683
1.09391667,78.26932654,0.99548906
