segment,pitch,stretch
0.0,35.0853305,0.26027887
0.1,-82.31052455,0.68956967
0.2,-87.01844832,1.59168544
0.3,35.19386066,0.50064201
0.4,-6.50663416,1.69386915
0.5,-43.93611532,1.13933047
0.6,-73.49805581,1.51065435
0.7,65.62731204,0.46562499
0.8,-40.13292878,1.37756628
0.9,-82.04161205,0.8121578
1.0,51.94207196,0.36046396
1.09391667,-30.06023569,0.31346917
