segment,pitch,stretch
0.0,83.12133252,1.04214093
0.1,-80.97372196,0.40468985
0.2,-28.26528551,1.50877389
0.3,42.6688421,1.67206734
0.4,6.31951717,1.24892229
0.5,65.13167849,0.38767445
0.6,-21.58547915,1.45702475
0.7,-38.42350837,0.16690889
0.8,72.27336224,1.13554192
0.9,-22.08116071,0.21927817
1.0,-2.34337227,0.41094591
1.09391667,32.05995553,0.34398042
