segment,pitch,stretch
0.0,-19.65986015,1.42460204
0.1,73.58710044,0.00643347
0.2,74.12275499,0.97495265
0.3,-24.45683786,0.52137616
0.4,21.01511918,1.11946487
0.5,55.7456538,0.33788576
0.6,54.50583955,1.25361851
0.7,74.68230433,1.43767459
0.8,-93.39577551,0.08040705
0.9,89.8823857,0.01025875
1.0,82.37960735,0.65117528
1.09391667,-9.15420485,0.78690639
