segment,pitch,stretch
0.0,-20.7946379,1.94834657
0.1,-22.88594334,1.67021182
0.2,-44.01188064,1.50520546
0.3,58.96228493,0.98955103
0.4,0.25554563,0.43254465
0.5,-14.29276016,1.32326318
0.6,40.28852475,0.34817039
0.7,83.9110951,0.4259349
0.8,-58.08971542,0.20780663
0.9,-47.84735546,0.9384124
1.0,18.70420486,1.5529846
1.09391667,33.02688521,1.23929613
