segment,pitch,stretch
0.0,41.38539941,1.7889603
0.1,-10.01095303,0.1038592
0.2,29.27272113,0.53110076
0.3,-49.7176535,0.29760974
0.4,-10.52042461,1.31106604
0.5,-43.11656662,0.93542765
0.6,-24.09481257,1.32967349
0.7,61.11286308,1.11219452
0.8,-37.09128746,0.4392085
0.9,71.58023837,1.93673799
1.0,30.56657054,0.01664343
1.09391667,-5.36806636,0.22848658
