segment,pitch,stretch
0.0,68.01647572,0.92301697
0.1,-94.84396495,1.7240092
0.2,-7.3752647,0.78395161
0.3,-81.08479212,1.15168853
0.4,-44.66331389,0.98824464
0.5,-77.45989494,1.26560798
0.6,19.1026234,0.20042884
0.7,-0.63798112,1.76365186
0.8,74.86031238,1.68948901
0.9,-35.9107796,0.81659748
1.0,-6.98299608,1.14393897
1.09391667,-12.26999011,0.86480781
