segment,pitch,stretch
0.0,60.12911829,1.17715688
0.1,-6.07350544,0.73101999
0.2,-97.34447637,0.23762906
0.3,13.91289177,0.47801532
0.4,24.58615212,1.00660929
0.5,-0.46947401,0.69954151
0.6,-95.42432467,0.66296436
0.7,-12.42368325,0.8353001
0.8,-68.21201108,0.93210743
0.9,80.23434779,0.7426454
1.0,37.72859174,1.31979312
1.09391667,99.34819771,0.72211033
