segment,pitch,stretch
0.0,-13.3952031,0.85990944
0.1,8.8632007,0.40173642
0.2,-83.95985859,0.03154553
0.3,38.02193565,0.39528278
0.4,29.61638046,0.64999614
0.5,91.08087873,0.76132632
0.6,45.85080553,0.84020916
0.7,15.18618823,1.25961369
0.8,7.43914734,1.02786985
0.9,90.87583829,1.37241819
1.0,-85.58318538,0.76507647
1.09391667,-68.83720883,1.93766079
