segment,pitch,stretch
0.0,83.865778,0.64688834
0.1,63.76779424,1.36525912
0.2,76.73494008,0.98445588
0.3,63.04278033,1.58126378
0.4,-55.03833232,1.2558055
0.5,57.11242427,1.01407945
0.6,15.41108418,1.72440997
0.7,3.11298983,1.75247835
0.8,15.49246741,0.306912
0.9,-76.70109977,1.65351594
1.0,21.21406375,0.67540521
1.09391667,20.91306008,0.2382038
