segment,pitch,stretch
0.0,-88.95761908,1.0411215
0.1,39.34804897,1.73577333
0.2,-21.72599187,0.8754531
0.3,-97.97733292,0.18874451
0.4,98.23201219,1.1142071
0.5,92.79611353,0.3830467
0.6,44.81381594,0.5347185
0.7,-96.67681225,0.4014233
0.8,99.24041947,0.50454446
0.9,33.24344921,0.88496249
1.0,-26.01349309,1.71251412
1.09391667,-84.24925862,1.92006939
