segment,pitch,stretch
0.0,-17.35193705,0.22923126
0.1,76.25272333,1.42441377
0.2,66.551046,0.60732538
0.3,-95.41815816,0.4830802
0.4,-5.20731416,0.7532548
0.5,-15.31002561,1.81914976
0.6,63.5103627,1.22838438
0.7,-32.19044721,0.06067943
0.8,9.85446701,0.231332
0.9,-64.97569882,1.40147857
1.0,59.10726436,0.29468522
1.09391667,60.50538111,0.47293516
