segment,pitch,stretch
0.0,26.80121406,1.83350646
0.1,42.5524274,0.85761925
0.2,38.73121894,0.81318793
0.3,55.35824973,1.83972978
0.4,-87.34208499,0.56193469
0.5,91.77879658,1.27086462
0.6,-99.58264321,1.22553346
0.7,89.55239913,0.34439159
0.8,-28.13161571,1.78223109
0.9,19.27007549,1.75477532
1.0,60.0301485,0.33667923
1.09391667,67.95145907,1.7966079
