segment,pitch,stretch
0.0,-57.81596748,0.69761869
0.1,-87.62944192,1.53783025
0.2,-12.74583394,0.70741291
0.3,-2.66394442,0.02843329
0.4,28.11680056,0.56005584
0.5,82.07769197,0.13324212
0.6,-8.30720051,0.4590918
0.7,81.97133583,1.98307648
0.8,50.88605448,1.78311129
0.9,19.94892862,0.31041574
1.0,38.05594955,0.36871164
1.09391667,14.05932683,1.41932356
