segment,pitch,stretch
0.0,-15.08523103,1.2576493
0.1,93.48585898,1.2446308
0.2,55.87888333,0.65171732
0.3,-36.19470402,0.89712992
0.4,-10.66505227,0.55440887
0.5,-17.59721476,1.08297088
0.6,0.24135603,0.95799779
0.7,10.84337222,1.14434093
0.8,-58.25689659,1.1844466
0.9,99.17008703,1.42626651
1.0,-1.84311714,0.25468926
1.09391667,-27.99556667,1.75255348
