segment,pitch,stretch
0.0,-74.78655,1.54308435
0.1,-90.25985406,1.23232394
0.2,-27.93675794,0.21652241
0.3,-69.8278995,1.88715195
0.4,80.83899325,0.72261078
0.5,59.60907912,1.3658372
0.6,-7.23667322,0.39334931
0.7,40.65599914,0.15923439
0.8,70.76112858,0.96106175
0.9,55.20165463,1.02832529
1.0,12.92586279,1.79645227
1.09391667,79.89951156,0.36571396
