segment,pitch,stretch
0.0,4.31802361,1.29887764
0.1,47.0728406,1.11913745
0.2,-14.77115386,1.22583552
0.3,48.30959917,1.94992967
0.4,-48.39525922,1.60078026
0.5,-15.20190814,1.61096713
0.6,-7.79536513,0.91293866
0.7,-57.36737228,1.91414895
0.8,-4.58128381,0.38490234
0.9,-46.69208344,1.07535839
1.0,-83.85792586,1.14300315
1.09391667,-0.53505125,0.87829704
