segment,pitch,stretch
0.0,25.66196689,1.61992503
0.1,91.6871729,1.16223347
0.2,20.71991496,0.76041055
0.3,25.2834681,1.27583567
0.4,58.88880859,1.53150699
0.5,33.55084541,0.86195905
0.6,58.54373553,0.4732401
0.7,-85.40468838,1.47524268
0.8,27.70213239,0.5818617
0.9,14.78832573,1.26843549
1.0,43.85438073,0.6029755
1.09391667,-19.73458621,0.39538299
