segment,pitch,stretch
0.0,-24.88128465,1.63350405
0.1,1.54687273,0.1653087
0.2,58.02940435,0.01517729
0.3,-2.90148727,1.81666457
0.4,9.31686881,0.9208407
0.5,-62.70026351,1.35074745
0.6,-56.6580034,0.86467249
0.7,14.62965286,1.73416909
0.8,-14.87483285,1.42113571
0.9,69.23683794,0.95555023
1.0,-42.98683333,1.22888343
1.09391667,67.19958302,1.18114311
