segment,pitch,stretch
0.0,-28.25272972,0.74562658
0.1,9.35350144,1.65036421
0.2,-7.31902563,0.51352458
0.3,-28.05711443,1.22091514
0.4,-24.84079268,0.19652908
0.5,-11.64681016,1.30348786
0.6,-31.01161183,0.73369273
0.7,8.33198828,1.45670074
0.8,2.96881997,0.3217924
0.9,1.22757185,0.26155094
1.0,14.4901502,1.78541804
1.09391667,-93.23839425,0.76602212
