segment,pitch,stretch
0.0,19.80934614,1.72303363
0.1,18.47296287,1.17223446
0.2,-87.44087303,0.32252022
0.3,-24.76838412,1.29113778
0.4,28.54854922,1.23026356
0.5,-93.00925389,1.272094
0.6,43.83851229,1.03857334
0.7,56.50445967,0.04355902
0.8,-34.51680679,1.12262583
0.9,77.91008798,0.83275479
1.0,22.21951013,0.49987962
1.09391667,44.21755505,0.6404637
