segment,pitch,stretch
0.0,71.48836841,0.54791396
0.1,15.20852814,0.58485485
0.2,-96.44274776,0.36991182
0.3,-60.77213324,0.28046451
0.4,51.84358461,1.3513408
0.5,-29.81815899,0.81550086
0.6,68.78610252,1.72009229
0.7,-7.56844822,0.3057716
0.8,77.81323141,0.47124655
0.9,-20.60892305,1.72803136
1.0,-49.14310168,0.96978589
1.09391667,12.76376139,1.35172816
