segment,pitch,stretch
0.0,85.27624152,0.1092145
0.1,58.23579672,0.64980633
0.2,-91.05033604,1.83346208
0.3,20.11396141,1.16314863
0.4,75.44798514,0.3185648
0.5,-38.94488744,0.6593156
0.6,-29.81274231,1.16710518
0.7,75.45743384,1.07936895
0.8,-13.70216327,0.75554181
0.9,-90.12623186,1.33604039
1.0,-27.22744176,1.61217721
1.09391667,7.28951287,1.20550087
