segment,pitch,stretch
0.0,68.198191,0.3166901
0.1,94.43921987,0.04644968
0.2,71.99565581,0.20202276
0.3,-2.50267609,0.13324084
0.4,-27.23226475,1.85081006
0.5,-34.1635894,1.50387921
0.6,-43.16759163,1.62546743
0.7,-66.57434159,1.04862791
0.8,28.48495109,1.96555665
0.9,-2.22339421,1.0927937
1.0,-87.95517187,0.42699379
1.09391667,64.08418893,1.59110451
