segment,pitch,stretch
0.0,-16.36651411,1.8465656
0.1,94.81992149,0.03609627
0.2,-83.66014359,0.10032261
0.3,66.57072673,0.61597825
0.4,-30.10881228,1.8473118
0.5,29.87535156,0.22794276
0.6,-5.84374474,1.70663056
0.7,-37.08874517,1.00704844
0.8,-37.71419391,1.51514851
0.9,81.54676756,0.33267442
1.0,34.24528544,1.39448041
1.09391667,-36.87365079,0.32097187
