segment,pitch,stretch
0.0,63.54924995,1.34228215
0.1,-59.21327506,1.34732724
0.2,34.58495613,1.75147993
0.3,3.2427236,0.03089284
0.4,1.17936493,1.52341973
0.5,50.51297544,0.97925583
0.6,61.04656064,1.17642538
0.7,-96.36424089,1.13367306
0.8,9.94738881,1.45431282
0.9,-95.56108651,0.56738547
1.0,-78.91453265,1.10123663
1.09391667,57.06664979,0.76686745
