segment,pitch,stretch
0.0,60.54836266,0.88286661
0.1,-7.25947701,0.15523443
0.2,57.3147166,0.89947763
0.3,-54.27216299,1.94594407
0.4,-55.29215067,0.36252841
0.5,-35.67260064,0.43064253
0.6,64.27930659,0.12649613
0.7,39.11312223,0.99935682
0.8,-36.26628423,0.98138808
0.9,24.26738527,1.68351405
1.0,43.73514677,0.97417267
1.09391667,-15.47335433,0.42659576
