segment,pitch,stretch
0.0,-70.10603849,1.91255795
0.1,-45.04517839,0.74599838
0.2,-42.2492944,1.31380905
0.3,-45.84544369,1.72599054
0.4,-4.98008302,1.26451187
0.5,20.34475247,1.72804797
0.6,84.8573305,0.52348254
0.7,-53.89632844,1.631088
0.8,-37.28575357,0.82823054
0.9,13.94407457,0.05356388
1.0,24.32776485,1.39749703
1.09391667,93.11083292,0.95992964
