segment,pitch,stretch
0.0,94.86935215,0.27348518
0.1,-7.05168928,1.18971652
0.2,83.29541273,1.0683571
0.3,-1.78314142,1.37978433
0.4,48.9333274,0.66104529
0.5,-37.7603382,1.58723319
0.6,-73.18439231,0.96658357
0.7,14.0804343,1.12331941
0.8,-63.54643631,1.41064232
0.9,15.76603415,0.93302581
1.0,6.93433941,0.83854769
1.09391667,-37.21216737,1.07714606
