segment,pitch,stretch
0.0,29.09924348,1.53055803
0.1,-95.88090252,0.21771883
0.2,45.5103226,0.6895083
0.3,22.6688792,1.38165803
0.4,28.43861777,1.43845422
0.5,-64.30828006,1.41047112
0.6,-54.50431648,1.45510114
0.7,30.42451317,0.72825636
0.8,-91.90179979,1.35653581
0.9,4.36119227,1.06956255
1.0,-67.80457813,1.00621562
1.09391667,-80.8303423,1.05370229
