segment,pitch,stretch
0.0,41.22215969,0.59226954
0.1,63.4325041,1.70689004
0.2,30.26698033,1.70278764
0.3,-42.97414703,0.93211278
0.4,78.73420301,0.75985414
0.5,98.07294335,1.00279357
0.6,-11.43066233,1.68044469
0.7,98.59484661,1.4408376
0.8,5.98934189,0.34467269
0.9,12.71998757,0.3933307
1.0,80.81444137,0.30092676
1.09391667,-65.72418196,0.87599386
