segment,pitch,stretch
0.0,-38.17071081,1.32171021
0.1,3.99117813,0.45941391
0.2,76.94779223,1.60836627
0.3,-47.40720284,0.02861918
0.4,60.49673758,0.62913144
0.5,-72.0425771,0.32921161
0.6,75.35793907,0.47491973
0.7,-37.84878225,1.13024742
0.8,-2.2661701,1.3276578
0.9,-10.24921113,0.74289268
1.0,2.65052449,0.21343851
1.09391667,-59.74440562,0.54238322
