segment,pitch,stretch
0.0,24.07666509,0.66537663
0.1,-87.64157913,1.54123619
0.2,-51.3970499,0.92348631
0.3,79.45874018,0.33920207
0.4,-74.83031912,0.94433533
0.5,-2.98294823,0.8352321
0.6,-32.38946294,0.95810053
0.7,-24.81590652,0.99822629
0.8,-13.90891955,0.18782062
0.9,-33.49626836,1.6271571
1.0,-23.2144111,1.67158741
1.09391667,-9.66358574,1.16169049
