segment,pitch,stretch
0.0,-78.94407008,1.36025181
0.1,-91.43281566,1.33485139
0.2,-62.24141646,0.43598096
0.3,40.78211046,0.74688302
0.4,7.98778967,1.69145296
0.5,-60.8723057,1.55878588
0.6,42.28033673,0.6574677
0.7,-90.16378742,1.94941989
0.8,-93.15678143,1.19046703
0.9,-38.27194231,0.26844165
1.0,2.04687585,1.06188423
1.09391667,-59.35018185,1.54423822
