segment,pitch,stretch
0.0,-86.87554151,0.57113527
0.1,-72.53946924,0.14563677
0.2,-93.26314945,1.26514388
0.3,-1.26261121,0.38436166
0.4,31.78397293,0.69830078
0.5,93.59900189,1.31794619
0.6,-32.85922571,0.31066599
0.7,18.10300476,1.23311227
0.8,52.92250064,0.77437242
0.9,-34.91247692,0.74996015
1.0,-31.45567731,0.3691409
1.09391667,88.77151431,1.91617341
