segment,pitch,stretch
0.0,-44.36265311,0.57549521
0.1,-54.18444724,1.28133407
0.2,85.0725802,1.08596543
0.3,26.58924477,1.95916684
0.4,-12.96639675,0.37544414
0.5,-66.5599203,0.78577569
0.6,21.67855603,0.65129956
0.7,-15.50031997,0.77672945
0.8,-68.33822385,0.45937825
0.9,47.23398252,0.91963539
1.0,-52.36694839,0.17538168
1.09391667,-55.61838026,1.965861
