segment,pitch,stretch
0.0,-7.89955856,0.852516
0.1,-18.01769042,0.97788956
0.2,57.48418942,1.32810397
0.3,41.9687918,0.18108064
0.4,-61.64702177,0.15705118
0.5,-20.29007911,0.66571436
0.6,93.24496902,0.20869504
0.7,-32.99482484,1.27621492
0.8,6.59233546,1.10768251
0.9,-90.87646181,1.10361444
1.0,9.72736643,0.98320382
1.09391667,-11.26207351,1.01672444
