segment,pitch,stretch
0.0,77.7553974,0.31196703
0.1,88.6430253,0.69611643
0.2,5.54652951,0.87210572
0.3,11.99584501,1.73935874
0.4,-44.68936207,0.75260602
0.5,-18.49311275,0.63970678
0.6,-54.40171159,1.12530391
0.7,-57.33128005,1.17239371
0.8,14.03341313,0.53671495
0.9,18.82152763,1.4475438
1.0,22.39033388,1.78069419
1.09391667,52.67090174,0.83009886
