segment,pitch,stretch
0.0,28.89643962,0.23097519
0.1,-44.49941165,1.12594213
0.2,60.6754056,1.01502789
0.3,72.66869222,0.55545347
0.4,26.91102981,0.313515
0.5,-19.36398165,0.8133174
0.6,83.61982614,0.08479119
0.7,-93.83830037,1.36590055
0.8,-41.75440855,1.50882856
0.9,-17.17525064,1.54263899
1.0,5.88397372,1.28663395
1.09391667,84.29938157,0.05122723
