segment,pitch,stretch
0.0,-69.56603744,1.25885793
0.1,-25.37186141,1.06466306
0.2,27.97650052,0.94194041
0.3,-27.59550019,1.53569938
0.4,-92.97950526,1.85243798
0.5,38.52785923,1.85210152
0.6,10.83790673,0.63562422
0.7,-7.44647917,1.69096149
0.8,21.12716208,0.44450575
0.9,68.89451613,0.92187191
1.0,40.53084536,1.63644611
1.09391667,63.98453991,0.57157091
