segment,pitch,stretch
0.0,57.69639955,1.15234611
0.1,28.96096349,1.67970143
0.2,-5.93680221,0.71376986
0.3,-9.12517159,0.49125702
0.4,44.04961264,0.39874308
0.5,84.4955788,0.1440426
0.6,97.09857183,1.53167879
0.7,99.13853902,1.52730171
0.8,91.26297662,0.65970293
0.9,17.95296758,0.91797137
1.0,-98.67508596,1.57983796
1.09391667,-78.95703283,0.77767597
