segment,pitch,stretch
0.0,44.67997232,1.19309781
0.1,27.10099403,0.27221696
0.2,-48.30493583,0.58591156
0.3,-73.5260898,1.06118241
0.4,19.32057449,1.53382291
0.5,-32.65273306,1.10934516
0.6,-67.58997162,1.53621874
0.7,-76.10184919,0.32907917
0.8,55.20632284,0.47500698
0.9,3.61347388,1.81944253
1.0,-39.33689268,1.02148435
1.09391667,44.43004874,0.12347796
