segment,pitch,stretch
0.0,-35.70290508,1.44721002
0.1,96.19930643,1.66446564
0.2,-16.32623685,0.17388823
0.3,69.01262748,0.9756111
0.4,-86.96335793,0.75788852
0.5,-94.81036094,1.04245625
0.6,24.28115893,0.94679533
0.7,-73.50271946,1.98988769
0.8,-67.86786343,1.9531078
0.9,-59.44479717,1.90267124
1.0,0.72231801,1.17236586
1.09391667,-0.70049857,1.47850695
