segment,pitch,stretch
0.0,-43.56677124,1.2135263
0.1,-83.21546868,0.41335372
0.2,-41.54064667,1.17083651
0.3,-35.81330599,0.87264028
0.4,-43.55129097,0.34128763
0.5,-33.79077662,1.24788402
0.6,70.44881048,0.43489623
0.7,3.24826562,0.29781148
0.8,34.80296655,1.73156921
0.9,-7.36062238,1.52997649
1.0,41.00092789,0.32887005
1.09391667,-17.62948534,0.83665111
