segment,pitch,stretch
0.0,13.5835913,1.55424913
0.1,-12.78269311,1.36751472
0.2,-68.15160011,0.0989476
0.3,-22.06196162,1.09942606
0.4,-52.80599893,0.66767386
0.5,-19.06204323,1.22234283
0.6,99.53651939,1.18173491
0.7,-28.8369824,1.33756281
0.8,74.70483883,0.81214456
0.9,42.275031,0.37062199
1.0,-85.9360484,1.6700327
1.09391667,70.70596031,1.62026459
