segment,pitch,stretch
0.0,31.57285019,1.02092862
0.1,-66.82367858,1.21687454
0.2,25.9026646,0.83451974
0.3,-73.3005143,1.57454957
0.4,44.123678,0.07717076
0.5,49.27770762,0.27181384
0.6,22.38256085,1.7133157
0.7,-9.16605426,1.06775729
0.8,-36.80428778,1.42091993
0.9,-3.57060361,0.01524657
1.0,-56.05458997,0.90246411
1.09391667,-88.6470882,1.74083532
