segment,pitch,stretch
0.0,77.23951032,1.33259474
0.1,27.47427545,0.90028372
0.2,92.07370265,1.66717955
0.3,-39.62602007,0.42158585
0.4,-81.22107243,1.7878255
0.5,-99.04707649,1.33780608
0.6,-64.5180536,0.94548991
0.7,91.29392748,1.43207041
0.8,97.8635705,1.03085722
0.9,-84.2423741,0.34895699
1.0,-76.68596269,0.83720355
1.09391667,65.10857552,1.31764415
