segment,pitch,stretch
0.0,-27.72780098,0.09196254
0.1,51.56349227,1.85324858
0.2,-30.24590837,0.5611499
0.3,-73.97880656,0.48638388
0.4,-2.25523595,0.72682426
0.5,-30.15739329,0.02882605
0.6,-26.45428241,0.44853458
0.7,-98.06133759,1.63868559
0.8,5.27582611,1.86240344
0.9,81.45966426,0.90381109
1.0,21.92696124,1.07749357
1.09391667,-86.33242355,0.98518899
