segment,pitch,stretch
0.0,71.25344855,1.77024373
0.1,2.51724238,1.93450941
0.2,11.96692617,1.39397551
0.3,64.81737023,1.38496922
0.4,73.84050439,1.81820251
0.5,-23.01072055,1.61085564
0.6,-44.95387086,1.3729139
0.7,-11.63871465,1.59939785
0.8,88.55977512,0.08431317
0.9,51.63791617,1.41302364
1.0,-71.95139975,1.44509252
1.09391667,-75.67665254,0.88259776
