segment,pitch,stretch
0.0,-39.70617561,0.49970472
0.1,-29.28823244,0.64262829
0.2,-89.65836103,1.52317209
0.3,9.66432805,0.03732268
0.4,46.78400104,0.76197013
0.5,77.17847788,1.20681543
0.6,65.90216738,0.39643945
0.7,19.02180402,0.55038392
0.8,4.99424524,0.97724905
0.9,95.94113908,1.29198989
1.0,5.28849012,1.94187371
1.09391667,-28.1855206,0.04726533
