segment,pitch,stretch
0.0,17.01173199,0.47550749
0.1,-83.06969334,1.08739119
0.2,-58.44100575,1.75941989
0.3,-91.32119293,0.308091
0.4,-39.52405727,0.34371229
0.5,-40.26958375,0.85553053
0.6,55.4362835,1.67285815
0.7,20.27621399,1.37569405
0.8,-86.30023131,1.97676153
0.9,6.83955759,0.86697186
1.0,6.70379303,1.63903464
1.09391667,92.50690067,0.89498599
