segment,pitch,stretch
0.0,73.76258642,1.30259847
0.1,49.84186991,0.15786419
0.2,-84.55275191,0.47562292
0.3,70.45460649,1.69272047
0.32341667,-84.87734561,1.28570309
