segment,pitch,stretch
0.0,-32.33629208,1.21290567
0.1,-4.4140807,0.22350007
0.2,76.81412515,1.68078519
0.3,-16.24877133,0.16816052
0.32341667,-26.44128118,1.48722631
