segment,pitch,stretch
0.0,55.84438863,1.29444713
0.1,-89.02249371,0.90215198
0.2,-13.61345685,1.61104603
0.3,14.50375693,0.31375715
0.32341667,80.63633164,1.01784406
