segment,pitch,stretch
0.0,44.94907169,1.40223879
0.1,-89.05982676,1.76358699
0.2,27.88925208,0.99111008
0.3,77.01163693,1.90426439
0.32341667,-28.23601136,1.97036362
