segment,pitch,stretch
0.0,67.00540241,1.22520816
0.1,32.95821842,1.22732479
0.2,-23.67517146,0.54923068
0.3,-66.94926695,0.8977578
0.32341667,65.71723135,1.41807679
