segment,pitch,stretch
0.0,13.37832971,0.65677047
0.1,17.37931074,1.74134092
0.2,10.9554113,0.67897054
0.3,-24.86891171,1.20159635
0.32341667,7.89965194,0.27053006
