segment,pitch,stretch
0.0,-18.17224728,0.25133372
0.1,-51.94390165,0.1756709
0.2,-79.57293034,0.660284
0.3,67.99606973,1.08301436
0.32341667,-2.00416122,0.81155284
