segment,pitch,stretch
0.0,38.77193801,0.52212734
0.1,-3.53992528,0.58948567
0.2,54.1888363,0.60662966
0.3,-95.90180003,0.73195254
0.32341667,48.32118178,0.21856551
