segment,pitch,stretch
0.0,-49.83323752,1.6244524
0.1,49.13629021,0.7812698
0.2,10.673463,1.29736816
0.3,-2.35218347,1.3419496
0.32341667,-2.61587219,1.06575232
