segment,pitch,stretch
0.0,-46.88015867,0.62230507
0.1,54.34027197,1.12355997
0.2,-65.46386729,1.0507031
0.3,-66.7533487,0.71238348
0.32341667,-12.18147599,0.41048607
