segment,pitch,stretch
0.0,-58.73450167,1.5196582
0.1,-68.77732169,0.79346499
0.2,-61.07430116,0.90548432
0.3,-87.12791991,1.71431728
0.32341667,47.32358741,0.57778581
