segment,pitch,stretch
0.0,11.70361719,1.43236824
0.1,-43.41962,0.38419888
0.2,-38.6653904,1.88953633
0.3,-38.11833374,1.28007762
0.32341667,93.29743671,0.67082429
