segment,pitch,stretch
0.0,-2.55977829,0.95716625
0.1,1.77446255,1.43363845
0.2,-18.83457859,1.1421669
0.3,-71.88845024,1.57148089
0.32341667,99.76623745,1.70410623
