segment,pitch,stretch
0.0,37.61966445,0.05085037
0.1,51.99791738,0.83446012
0.2,47.28862711,0.17034906
0.3,96.96405016,1.15010704
0.32341667,17.22990972,1.32170415
