segment,pitch,stretch
0.0,38.63128374,0.97893944
0.1,22.49899687,0.66551001
0.2,28.84135264,0.36795179
0.3,81.19740532,1.0840826
0.32341667,22.37782167,0.83637256
