segment,pitch,stretch
0.0,57.10742469,0.00973607
0.1,-91.86277199,0.30409245
0.2,15.18492706,1.04533503
0.3,-70.52173838,1.32138987
0.32341667,87.41438228,0.22027268
