segment,pitch,stretch
0.0,48.62867987,1.27180628
0.1,15.18588807,0.65893562
0.2,-42.37345339,1.07678682
0.3,10.74033392,1.66111239
0.32341667,-40.14378972,0.30218678
