segment,pitch,stretch
0.0,-60.23429987,1.87756573
0.1,80.38725697,0.94070469
0.2,66.16689695,1.71191258
0.3,-59.46214637,0.56012011
0.32341667,-39.76201882,0.35119419
