segment,pitch,stretch
0.0,19.39315344,0.41811488
0.1,82.09582914,1.70384437
0.2,-65.55781301,1.82142436
0.3,-5.02691035,1.13784798
0.32341667,62.63141303,1.73168063
