segment,pitch,stretch
0.0,3.63201436,1.68653621
0.1,64.52667935,0.22518435
0.2,-51.23523019,0.07728703
0.3,-89.75219839,0.70962284
0.32341667,-66.06218428,0.7432397
