segment,pitch,stretch
0.0,12.35833749,0.72635311
0.1,40.12315016,1.38782059
0.2,21.09458129,0.15947395
0.3,-98.82286682,0.28433836
0.32341667,-85.44748976,1.2581514
