segment,pitch,stretch
0.0,2.63258607,0.89301132
0.1,-31.8387274,1.32560067
0.2,-6.78563658,1.08718884
0.3,-57.52390495,0.53430446
0.32341667,51.13575953,0.53816607
