segment,pitch,stretch
0.0,-80.21976745,0.49170119
0.1,11.23314836,0.6994793
0.2,8.94946791,1.18458539
0.3,17.22411688,0.7091276
0.32341667,10.67081381,1.7453453
