segment,pitch,stretch
0.0,81.21590514,1.56657823
0.1,75.01018689,0.84038259
0.2,15.56226302,0.00684501
0.3,48.30886192,1.68157273
0.32341667,18.80923499,1.09409739
