segment,pitch,stretch
0.0,99.95047602,0.54608042
0.1,6.8401109,0.86340392
0.2,-15.9093749,0.01522231
0.3,-95.80500507,0.86017392
0.32341667,23.59255786,0.36914066
