segment,pitch,stretch
0.0,29.65201825,1.69567788
0.1,16.48348791,1.26735627
0.2,3.77448983,0.95352895
0.3,62.87502431,1.7991474
0.32341667,-8.82418577,0.98992659
