segment,pitch,stretch
0.0,-73.37543508,1.70409633
0.1,66.4080647,1.25556383
0.2,46.46812351,0.87554738
0.3,71.67755016,1.32863005
0.32341667,2.86253031,0.20364682
