segment,pitch,stretch
0.0,-4.1565262,0.01704603
0.1,84.55344465,1.32903406
0.2,-57.45750027,1.58046526
0.3,-14.35569009,1.16633299
0.32341667,-54.33758456,1.20758605
