segment,pitch,stretch
0.0,24.77706225,1.13145128
0.1,91.05524194,1.19326311
0.2,30.20964975,1.50029029
0.3,-69.66301283,1.4622179
0.32341667,-3.83240646,1.9316504
