segment,pitch,stretch
0.0,61.09556447,1.11606818
0.1,-3.97684721,1.55443041
0.2,-87.59080112,1.78173809
0.3,78.47165079,1.73012946
0.32341667,-52.74135522,0.88090417
