segment,pitch,stretch
0.0,30.03208284,1.42095662
0.1,-5.57127058,1.29790323
0.2,9.55793083,0.51612643
0.3,3.39766504,0.37671101
0.32341667,84.38659916,1.20124021
