segment,pitch,stretch
0.0,-19.49526798,1.71910172
0.1,-33.46093545,1.16323176
0.2,95.24809114,0.56514201
0.3,26.23968625,1.82539978
0.32341667,15.70217089,1.7659451
