segment,pitch,stretch
0.0,-56.53605181,0.51185795
0.1,-5.93547338,0.73377568
0.2,-81.0596442,1.62034912
0.3,-12.14261426,0.19474782
0.32341667,40.67667876,0.1395898
