segment,pitch,stretch
0.0,37.34807541,1.77380832
0.1,97.98979508,1.35747523
0.2,-20.02981109,1.74013371
0.3,-69.8116311,0.94808553
0.32341667,35.11126142,0.23094119
