segment,pitch,stretch
0.0,69.79630433,0.95543174
0.1,-67.81892388,1.87835363
0.2,14.97335347,1.19287874
0.3,8.47433965,1.12321966
0.32341667,32.47098569,0.66995817
