segment,pitch,stretch
0.0,-52.65701122,0.60066533
0.1,-24.36484499,1.33650528
0.2,4.10813066,0.15979886
0.3,93.74919515,1.46288505
0.32341667,66.31726896,0.93993915
