segment,pitch,stretch
0.0,-7.47107612,0.36907021
0.1,-10.73298436,0.24473139
0.2,-4.63341632,1.01983542
0.3,14.65491039,0.62607899
0.32341667,19.96333333,1.1005899
