segment,pitch,stretch
0.0,-69.75327375,0.88104294
0.1,-37.13247603,1.50830761
0.2,95.06865819,0.86613458
0.3,-83.65219271,1.46195184
0.32341667,-39.65623645,1.78030697
