segment,pitch,stretch
0.0,-86.30999669,1.66322514
0.1,-91.60158578,1.16924533
0.2,-41.16326515,1.29610919
0.3,7.86252123,1.21006153
0.32341667,25.04181708,1.83628755
