segment,pitch,stretch
0.0,72.91796617,0.28347303
0.1,49.0763932,0.33705515
0.2,37.36372944,1.25665906
0.3,62.8744144,0.42135622
0.32341667,-70.24316133,0.44445559
