segment,pitch,stretch
0.0,-10.77604935,1.75152448
0.1,76.52998448,0.25625033
0.2,-52.30950648,1.63910521
0.3,-19.27189704,1.44412191
0.32341667,-68.52312916,1.41513857
