segment,pitch,stretch
0.0,58.73131257,0.30497449
0.1,65.29204538,1.04665744
0.2,7.63213906,1.03883923
0.3,-2.54756362,0.97345352
0.32341667,-11.40614268,0.16121918
