segment,pitch,stretch
0.0,-22.28277813,1.31475846
0.1,13.21695477,1.08922412
0.2,63.23651974,0.55450355
0.3,-20.14830746,1.72034007
0.32341667,-78.55276631,0.92481053
