segment,pitch,stretch
0.0,-74.58178472,0.69852952
0.1,-50.00917691,1.92405883
0.2,48.18572343,0.3905825
0.3,-63.95387597,0.31453116
0.32341667,-68.91859183,1.4953114
