segment,pitch,stretch
0.0,-62.75547094,0.4212983
0.1,28.73361796,1.54082224
0.2,-71.86053711,1.07919976
0.3,-44.40399931,1.20425095
0.32341667,-2.72335033,0.4618338
