segment,pitch,stretch
0.0,-9.19838866,1.99657173
0.1,15.86633291,1.39044581
0.2,-42.67167238,1.09933375
0.3,-11.53254556,0.78821302
0.32341667,-12.27536806,0.39297423
