segment,pitch,stretch
0.0,-23.91479102,1.25533579
0.1,-31.34063508,0.8599513
0.2,-16.29866726,1.40556138
0.3,10.36632866,0.42924112
0.32341667,7.35722843,0.61564446
