segment,pitch,stretch
0.0,32.91930287,1.74193101
0.1,6.16976114,0.51820224
0.2,-34.00390264,0.07120536
0.3,18.374511,0.3828633
0.32341667,-2.98713897,1.2592669
