segment,pitch,stretch
0.0,63.64154058,1.83477076
0.1,-60.55254199,0.21366754
0.2,-47.94670646,1.07859551
0.3,-76.50696127,1.9507375
0.32341667,44.23103111,1.33476666
