segment,pitch,segment,stretch
0.0,44.6757801,0.0,0.77700382
0.1,-98.4252216,0.1,1.25917073
0.2,55.4106213,0.2,0.78203472
0.3,-18.4676839,0.3,1.13021068
0.323416667,0.0259169543,0.32341667,0.14578676
