segment,pitch,stretch
0.0,-0.59122564,1.19594648
0.1,-5.70499959,1.05419104
0.2,-29.88927864,0.73000078
0.3,-82.02126299,1.36390543
0.32341667,16.89967319,1.13865732
