segment,pitch,stretch
0.0,30.23503988,1.42205963
0.1,-58.09525271,0.13069666
0.2,22.03715272,0.55220733
0.3,-33.09468511,0.48840502
0.32341667,-9.46836848,1.08918734
