segment,pitch,stretch
0.0,-82.38375592,0.41347899
0.1,-35.89348303,0.05505218
0.2,-78.50422887,1.28972039
0.3,8.19618882,0.97331843
0.32341667,88.30694734,0.22558246
