segment,pitch,stretch
0.0,-30.61452779,0.78021116
0.1,-42.14612233,1.93993358
0.2,32.00602795,0.32963606
0.3,-37.74375581,1.46133782
0.32341667,-54.5397802,1.53178785
