segment,pitch,stretch
0.0,17.32592779,0.33109802
0.1,89.03376041,1.83345348
0.2,-24.89219777,1.95859429
0.3,-92.10798137,1.50296341
0.32341667,3.27828718,0.1474067
