segment,pitch,stretch
0.0,2.07721816,1.69623759
0.1,59.48735819,1.35736687
0.2,64.78149714,1.92920457
0.3,65.58393414,0.66559077
0.32341667,14.66673939,1.66523208
