segment,pitch,stretch
0.0,-54.05076571,1.68448531
0.1,58.21305336,0.64957271
0.2,93.28984864,1.47534814
0.3,-93.08437199,1.38615571
0.32341667,48.49476441,0.71972648
