segment,pitch,stretch
0.0,48.98677304,1.07797747
0.1,13.54292536,1.23698451
0.2,15.98335964,0.85343662
0.3,-46.7743147,1.38707984
0.32341667,-12.18386714,0.65409939
