segment,pitch,stretch
0.0,-81.54177422,0.16940048
0.1,48.50229113,1.33204053
0.2,-43.40912925,1.8593258
0.3,54.89578869,1.77805515
0.32341667,90.09778797,1.80981769
