segment,pitch,stretch
0.0,7.00590276,1.84020442
0.1,-69.33047837,0.1607256
0.2,-20.89747671,1.70981587
0.3,-96.63564891,1.13854431
0.32341667,78.55111455,1.5536836
