segment,pitch,stretch
0.0,-77.09135463,1.21028291
0.1,-30.68901019,1.14931675
0.2,-27.18135709,1.68866455
0.3,-10.74804936,0.29390693
0.32341667,-57.14773718,0.43305962
