segment,pitch,stretch
0.0,37.22911191,0.60712849
0.1,36.57191813,1.26781741
0.2,20.2344678,1.29373459
0.3,-86.31030026,0.18112256
0.32341667,-83.96880691,1.07780169
