segment,pitch,stretch
0.0,-78.46406697,1.96625377
0.1,-60.64765069,1.9128761
0.2,41.654101,0.92284414
0.3,58.45609749,1.12546267
0.32341667,-89.32145871,0.77622038
