segment,pitch,stretch
0.0,-62.54470118,0.40124114
0.1,-40.70811043,0.49945062
0.2,-11.25435391,1.54880463
0.3,-68.52161814,0.39118497
0.32341667,-77.89834334,0.07447668
