segment,pitch,stretch
0.0,-11.97504695,0.06029378
0.1,96.82911573,0.81391401
0.2,7.51835152,1.33531055
0.3,2.47378187,1.7608484
0.32341667,-43.26336213,1.4289718
