segment,pitch,stretch
0.0,70.69388181,1.62690516
0.1,-91.45782136,1.02092359
0.2,-94.67801392,0.93437639
0.3,83.76501612,1.8239896
0.32341667,-4.60584958,1.29596798
