segment,pitch,stretch
0.0,-33.32102811,0.7972352
0.1,46.1287001,1.97425238
0.2,-62.23894368,0.99609006
0.3,36.67711132,1.18577707
0.32341667,-11.53320103,1.64089558
