segment,pitch,stretch
0.0,-8.78950662,1.36403682
0.1,-1.70650264,1.76375426
0.2,-17.50286784,1.43087438
0.3,88.78233286,1.18017331
0.32341667,55.08117545,1.30400061
