segment,pitch,stretch
0.0,28.0167149,1.3269735
0.1,0.73047565,0.59121622
0.2,-55.83763262,0.32613901
0.3,-59.78026112,1.39661139
0.32341667,81.1603589,0.76065887
