segment,pitch,stretch
0.0,-23.54178515,1.91881792
0.1,-47.52772515,0.99675119
0.2,47.20668934,0.26332691
0.3,-98.32001938,1.33317057
0.32341667,-63.09014275,1.04211108
