segment,pitch,stretch
0.0,-20.90398108,0.60114424
0.1,98.83098338,0.92336304
0.2,-95.37608427,1.39045705
0.3,-52.65380993,0.64938935
0.32341667,47.72500112,1.57478054
