segment,pitch,stretch
0.0,-96.19421376,0.0948498
0.1,96.13097212,1.36649532
0.2,-68.61115628,0.00312314
0.3,58.3624958,0.01269103
0.32341667,60.51337125,1.76377265
