segment,pitch,stretch
0.0,-6.63307831,0.44221414
0.1,-47.66524373,1.62559692
0.2,66.93817534,0.27313334
0.3,-1.338646,0.46846925
0.32341667,-14.31927765,1.08883823
