segment,pitch,stretch
0.0,-9.66675054,1.82887045
0.1,15.27504309,0.80668743
0.2,-94.93171401,0.90586838
0.3,-42.87800999,1.3937681
0.32341667,-63.39385234,0.34165264
