segment,pitch,stretch
0.0,84.63625516,0.21643415
0.1,-19.11058767,1.23538017
0.2,49.1497137,1.26375285
0.3,-83.07816512,0.03257235
0.32341667,11.22002909,1.90703832
