segment,pitch,stretch
0.0,-35.73318704,1.53267708
0.1,-5.65949109,1.98369384
0.2,-49.47542688,1.31270994
0.3,-98.18570674,1.26289606
0.32341667,-16.34927785,1.36496903
