segment,pitch,stretch
0.0,67.86183821,1.19015671
0.1,19.68291271,0.58574514
0.2,97.35795082,0.11672587
0.3,-17.83494635,0.43523095
0.32341667,-53.451809,1.74630461
