segment,pitch,stretch
0.0,21.35751723,1.17499048
0.1,61.52152077,1.09581395
0.2,-29.75610596,0.62940412
0.3,-39.80249708,0.11793022
0.32341667,-14.64937497,0.62377861
