segment,pitch,stretch
0.0,88.48054236,0.21487201
0.1,-53.5534646,0.90061677
0.2,-33.31344908,0.24834744
0.3,87.0533187,1.31052611
0.32341667,-16.55219825,0.58644625
