segment,pitch,stretch
0.0,-27.39668164,1.97835384
0.1,63.52389761,0.69906452
0.2,-55.42033209,0.75389415
0.3,40.81906742,0.20375649
0.32341667,-12.75543821,1.65585112
