segment,pitch,stretch
0.0,-77.34060672,0.96869857
0.1,27.41551815,1.75134411
0.2,-17.47445882,1.41680483
0.3,-61.08462212,1.07260777
0.32341667,74.7675789,0.73150904
