segment,pitch,stretch
0.0,53.87474094,1.93436975
0.1,74.81745726,0.64472983
0.2,8.25192738,1.6098708
0.3,-52.88121257,1.15705679
0.32341667,48.31209788,0.66500292
