segment,pitch,stretch
0.0,-37.49134217,0.47483782
0.1,56.61653956,1.0523806
0.2,60.98574822,0.59798137
0.3,-0.52682824,0.6957238
0.32341667,-50.41932267,1.76373844
