segment,pitch,stretch
0.0,-8.76796469,1.6238225
0.1,-49.13996982,1.56934089
0.2,43.79634461,0.78560304
0.3,5.5781311,0.61771672
0.32341667,17.41251701,1.2404866
