segment,pitch,stretch
0.0,43.12539807,1.84745579
0.1,63.99665526,0.92577031
0.2,86.04570556,0.31264784
0.3,-25.76798659,0.89352032
0.32341667,-36.14422463,0.32138535
