segment,pitch,stretch
0.0,-17.25972862,1.29903721
0.1,72.11413149,0.87773419
0.2,83.70212603,1.45838331
0.3,67.19530478,0.90979472
0.32341667,29.72084594,0.1224986
