segment,pitch,stretch
0.0,91.74609406,0.2840719
0.1,96.5637085,1.75324284
0.2,-58.02596537,1.43086201
0.3,21.59328018,1.68336342
0.32341667,13.26044458,0.60031718
