segment,pitch,stretch
0.0,72.55677234,0.302627
0.1,34.43244276,1.957389
0.2,12.66368291,1.1456601
0.3,47.17471186,1.77472104
0.32341667,-48.2883803,1.7760992
