segment,pitch,stretch
0.0,31.82870938,0.91730192
0.1,55.69153841,1.54634356
0.2,44.83997999,0.32401745
0.3,-64.6596515,1.34292926
0.32341667,-51.58434075,0.99771643
