segment,pitch,stretch
0.0,58.55453646,1.98928345
0.1,30.45164265,1.49107718
0.2,-45.43400091,0.52639062
0.3,84.99084473,0.34590986
0.32341667,65.45411119,0.67022481
