segment,pitch,stretch
0.0,-80.38325009,1.52383372
0.1,65.28340143,0.37337456
0.2,22.57833022,0.67023469
0.3,-55.44872251,1.98652091
0.32341667,-94.3142815,1.15861726
