segment,pitch,stretch
0.0,8.73756077,1.22190991
0.1,-41.53503623,1.08276728
0.2,-84.76471985,1.59545905
0.3,-27.96408635,1.3875394
0.32341667,72.02290108,0.92287786
