segment,pitch,stretch
0.0,36.00223879,1.49199547
0.1,-82.63332374,1.79959711
0.2,57.55038703,0.64689267
0.3,-9.83064734,0.31881377
0.32341667,-29.78573939,0.18568486
