segment,pitch,stretch
0.0,-18.85071283,1.30647824
0.1,56.72439372,1.55205535
0.2,-32.51510613,1.79127341
0.3,-81.56708954,0.1795284
0.32341667,42.80590219,0.48805839
