segment,pitch,stretch
0.0,-13.70476372,1.64570887
0.1,47.7156259,0.91266102
0.2,23.24839736,0.36997562
0.3,67.08212267,1.96258237
0.32341667,78.79356023,1.01334204
