segment,pitch,stretch
0.0,-93.71362427,1.31176069
0.1,20.4696733,1.25536714
0.2,-66.57352715,1.5696385
0.3,-0.6079782,0.03144419
0.32341667,-5.73921948,0.79048669
