segment,pitch,stretch
0.0,-16.92140416,1.25482105
0.1,97.41289205,1.97830042
0.2,-78.49167412,1.09846955
0.3,-3.48618202,0.36540564
0.32341667,5.32047068,0.96325389
