segment,pitch,stretch
0.0,-75.8732007,1.76991952
0.1,-57.22858583,1.84377411
0.2,28.4956072,1.20069914
0.3,-96.06281818,0.06088286
0.32341667,12.57492899,1.86160088
