segment,pitch,stretch
0.0,19.46608022,0.78600887
0.1,-94.3556307,1.03273328
0.2,-80.90695222,0.36941932
0.3,-65.36230075,0.47038634
0.32341667,-18.45722395,0.11798167
