segment,pitch,stretch
0.0,10.35680964,1.81276751
0.1,-84.53961792,0.9819477
0.2,38.41788342,1.68506606
0.3,-9.18015311,0.19219142
0.32341667,-12.25744947,1.99636764
