segment,pitch,stretch
0.0,-81.18103124,1.80730522
0.1,-15.12635331,1.30606229
0.2,92.11407185,0.89739403
0.3,-26.28325028,0.17834637
0.32341667,-10.89648072,0.48618419
