segment,pitch,stretch
0.0,52.03013683,1.83111202
0.1,21.53783975,0.9779226
0.2,-42.8061331,1.19089157
0.3,-9.69253087,0.269847
0.32341667,56.44290307,0.87913369
