segment,pitch,stretch
0.0,-58.25251841,1.01186344
0.1,21.8974524,1.03560921
0.2,-22.03552483,0.97057504
0.3,-56.80446909,1.33131235
0.32341667,-23.41760562,0.49151525
