segment,pitch,stretch
0.0,87.3373499,1.94084006
0.1,-14.87903436,0.13305972
0.2,-31.97943339,1.11441312
0.3,-60.49311609,1.83933377
0.32341667,-63.68242647,1.41053301
