segment,pitch,stretch
0.0,76.05955912,1.68553334
0.1,54.62950786,1.5058876
0.2,-31.02204933,1.66676809
0.3,-3.27946314,1.09840801
0.32341667,51.350795,0.25314986
