segment,pitch,stretch
0.0,21.28810337,1.2057056
0.1,68.821868,0.99381392
0.2,-73.02143346,0.87600828
0.3,68.60173581,1.15844697
0.32341667,51.47999234,1.3722803
