segment,pitch,segment,stretch
0.0,33.047654,0.0,1.58265684
0.1,0.0212167444,0.1,0.6931717
0.2,21.343237,0.2,1.47002515
0.3,35.4710796,0.3,1.9856235
0.323416667,79.4400816,0.32341667,1.00479917
