segment,pitch,stretch
0.0,25.39012861,1.47358925
0.1,49.11153532,1.20920516
0.2,38.93723883,0.72174872
0.3,-9.34286459,0.24556907
0.32341667,-9.28476392,0.87006143
