segment,pitch,stretch
0.0,73.79399561,0.74385981
0.1,-6.33056249,1.05457567
0.2,-25.55346814,0.45493163
0.3,46.43305776,0.06513279
0.32341667,-46.56414761,0.46755714
