segment,pitch,stretch
0.0,-15.92383461,0.27445408
0.1,-20.01914587,0.54328549
0.2,40.70457056,0.32172142
0.3,-94.67131236,1.15903644
0.32341667,-88.33027294,0.94870148
