segment,pitch,stretch
0.0,-45.64286614,1.06356906
0.1,39.73956276,0.85197809
0.2,40.53719602,0.68718846
0.3,-71.29470492,1.67995478
0.32341667,73.7490074,1.45979079
