segment,pitch,stretch
0.0,21.57551932,1.87520752
0.1,-11.98636437,1.28750901
0.2,-86.21942338,0.33708129
0.3,-38.98906039,1.53524213
0.32341667,-28.58177745,0.3058721
