segment,pitch,stretch
0.0,68.9743722,1.94478574
0.1,68.48567391,1.84895789
0.2,12.6952975,1.1085625
0.3,61.42298605,1.36682755
0.32341667,-18.578671,0.93494379
