segment,pitch,stretch
0.0,33.21374474,1.09809668
0.1,-72.2618742,1.73594877
0.2,-29.44860443,0.30037535
0.3,-33.36418129,0.36613598
0.32341667,-65.11319145,0.50687614
