segment,pitch,stretch
0.0,-21.23223701,1.69398532
0.1,3.49974992,0.25491439
0.2,-75.71526263,0.17370365
0.3,-52.87512147,0.81797459
0.32341667,17.79573657,0.70176203
