segment,pitch,stretch
0.0,48.83941012,1.35290702
0.1,26.57948938,1.33919202
0.2,56.70545245,1.37149513
0.3,-62.41131033,1.11357765
0.32341667,78.49803502,1.20699722
