segment,pitch,stretch
0.0,34.07818593,1.14050746
0.1,31.06479142,1.87458021
0.2,-63.34751057,0.77467433
0.3,36.97827554,1.278432
0.32341667,96.68235718,0.68469821
