segment,pitch,stretch
0.0,-3.53881338,0.6033193
0.1,58.04445454,0.57837506
0.2,67.39523563,1.37850613
0.3,56.58835275,0.73107668
0.32341667,7.34595052,0.42006089
