segment,pitch,stretch
0.0,20.98315678,0.33544846
0.1,80.64974175,0.81764939
0.2,5.38930518,0.17548883
0.3,18.83593916,0.83674413
0.32341667,-14.62145671,0.80890384
