segment,pitch,stretch
0.0,15.80659439,1.08535851
0.1,42.66899606,0.24895576
0.2,70.76731416,1.16165898
0.3,70.45261783,1.37248151
0.32341667,38.01355443,0.81952348
