segment,pitch,stretch
0.0,1.34878197,1.20280718
0.1,-86.14475674,1.60924223
0.2,3.24582423,0.94422247
0.3,-6.94068795,0.98008297
0.32341667,-76.91560753,0.34988026
