segment,pitch,stretch
0.0,-27.19248895,0.74061838
0.1,84.25795725,1.13599963
0.2,-19.19551503,1.10086254
0.3,29.88012033,0.53054382
0.32341667,46.0858662,1.51974387
