segment,pitch,stretch
0.0,-63.97501145,0.52067601
0.1,-43.11314734,0.59903392
0.2,10.53928595,0.9992363
0.3,-23.15258088,1.16142831
0.32341667,3.22925066,0.37639432
