segment,pitch,stretch
0.0,-96.55121617,1.04823872
0.1,73.99435309,1.11556714
0.2,-27.17256968,0.68795106
0.3,-2.05185553,1.30325309
0.32341667,80.37406519,0.86977317
