segment,pitch,stretch
0.0,-91.46740291,0.46376674
0.1,23.01616352,1.84849858
0.2,-29.32408493,1.44978715
0.3,-79.49145217,1.24719002
0.32341667,82.35247912,0.99570929
