segment,pitch,stretch
0.0,-54.89328754,1.02368747
0.1,-41.12345733,1.74263534
0.2,79.03328036,0.45342006
0.3,-87.71335894,1.29911503
0.32341667,-48.20373708,0.95859349
