segment,pitch,stretch
0.0,64.91746033,1.00586425
0.1,-25.84234774,1.28790365
0.2,60.30097417,1.6668124
0.3,-98.0606555,1.44616756
0.32341667,-77.98984902,0.15831209
