segment,pitch,stretch
0.0,56.56933068,1.61805944
0.1,16.98960986,1.69207785
0.2,-13.59600893,1.33633205
0.3,79.1710335,0.49452457
0.32341667,25.34620926,1.97134574
