segment,pitch,stretch
0.0,76.65318619,0.71374833
0.1,62.97746083,1.94407191
0.2,-20.72245964,0.55951675
0.3,42.64953343,0.7826891
0.32341667,23.5514061,0.11592549
