segment,pitch,stretch
0.0,-68.25626322,0.40988158
0.1,-56.46648788,1.90107213
0.2,49.77560279,0.54721615
0.3,-41.74178488,1.80730726
0.32341667,-60.3255454,0.11427958
