segment,pitch,stretch
0.0,-10.00495534,0.36915768
0.1,54.31199814,0.83111041
0.2,48.17968705,1.70147194
0.3,8.48926652,1.08588898
0.32341667,42.05620052,0.02584958
