segment,pitch,stretch
0.0,70.71636046,1.40655209
0.1,-53.10414049,0.7609351
0.2,34.4374047,1.0155723
0.3,19.64113521,1.45906276
0.32341667,36.63265498,1.49724695
