segment,pitch,stretch
0.0,-78.50776969,1.58967719
0.1,21.81048112,0.88841047
0.2,76.78230264,1.12549424
0.3,-35.62145712,1.80621507
0.32341667,-71.39427505,1.00879957
