segment,pitch,stretch
0.0,-58.38123624,0.53455866
0.1,-80.20155876,0.64376179
0.2,-25.59737246,0.76694756
0.3,-30.25633946,1.36842807
0.32341667,-70.78768349,0.06434218
