segment,pitch,stretch
0.0,4.27736911,0.30427218
0.1,18.79087972,0.67520162
0.2,61.32163128,0.66270689
0.3,45.76092148,0.93987847
0.32341667,-45.08671386,1.10617978
