segment,pitch,stretch
0.0,-4.27617126,0.16330526
0.1,-5.01127315,0.62492789
0.2,83.22080084,1.08638924
0.3,77.56473772,1.61764227
0.32341667,-13.02741535,1.72075309
