segment,pitch,stretch
0.0,6.26341837,1.61909233
0.1,-94.10474965,0.93851614
0.2,-43.88069215,1.37910144
0.3,-26.3559156,1.10578935
0.32341667,-91.38105747,0.02070647
