segment,pitch,stretch
0.0,82.68866707,0.54239523
0.1,-81.25370946,1.03335699
0.2,56.28719083,1.93576477
0.3,-46.43338119,0.74570916
0.32341667,-19.93520327,1.11115504
