segment,pitch,stretch
0.0,46.6865757,1.30575186
0.1,39.2269946,1.04660061
0.2,9.54774619,0.88274406
0.3,16.02187378,1.5824547
0.32341667,75.62266759,0.67660632
