segment,pitch,stretch
0.0,55.03693902,1.41699591
0.1,59.05347117,0.25749205
0.2,-51.93258482,1.78695407
0.3,-18.66886592,0.11157042
0.32341667,-25.16213195,1.74030417
