segment,pitch,stretch
0.0,-73.49165063,1.41947215
0.1,65.54847429,1.68852165
0.2,-55.11967081,0.59259525
0.3,68.77466141,0.85140805
0.32341667,-37.79888894,1.17745107
