segment,pitch,stretch
0.0,34.89178431,1.32203506
0.1,53.24978685,0.28714436
0.2,4.11185022,1.66093526
0.3,89.26663646,1.29826057
0.32341667,-53.02646266,0.05504814
