segment,pitch,stretch
0.0,-90.88934322,1.28926835
0.1,13.36673253,0.02464493
0.2,-36.70414591,0.5505433
0.3,-4.62417375,0.52188675
0.32341667,15.34366305,0.01360039
