segment,pitch,stretch
0.0,3.92391523,0.25005623
0.1,-39.44421726,1.18920756
0.2,-70.21843081,1.75478959
0.3,-95.13281119,0.47878412
0.32341667,-23.7064256,0.88125504
