segment,pitch,stretch
0.0,-19.4205152,0.17681169
0.1,-31.830868,1.02014656
0.2,71.05598051,1.59945112
0.3,-13.09259164,1.33685121
0.32341667,-99.47743822,0.41114962
