segment,pitch,stretch
0.0,80.17800931,1.16690044
0.1,6.7929614,1.89220933
0.2,51.03188375,1.40122633
0.3,-14.28174581,0.72131347
0.32341667,32.60771632,1.30692003
