segment,pitch,stretch
0.0,76.68747977,0.56482572
0.1,72.0676039,0.14075004
0.2,-3.42071834,0.80885654
0.3,-75.36993348,1.43133267
0.32341667,-15.4233884,0.14234351
