segment,pitch,stretch
0.0,13.90759343,0.83001961
0.1,-33.526088,0.02518437
0.2,-34.32120589,1.61112877
0.3,-18.30112723,0.91948239
0.32341667,16.4796061,0.33204613
