segment,pitch,stretch
0.0,-24.04105399,0.29560797
0.1,-26.67389605,1.53762848
0.2,23.9966363,0.34602898
0.3,16.61705293,1.21824435
0.32341667,73.09980407,1.55330233
