segment,pitch,stretch
0.0,-46.49267806,1.425187
0.1,-80.07623079,0.61910367
0.2,-28.70131311,1.30297951
0.3,-26.89352847,1.73248838
0.32341667,-24.31243398,0.85523545
