segment,pitch,stretch
0.0,53.128433,0.28349694
0.1,70.24248151,0.66519348
0.2,47.13290739,1.25768036
0.3,52.31480293,1.43482954
0.32341667,-33.06438127,1.23350688
