segment,pitch,stretch
0.0,47.39262259,1.7837475
0.1,8.89686315,1.39740624
0.2,-49.65570225,0.11209095
0.3,44.77904805,1.4946119
0.32341667,-94.65832844,1.03498606
