segment,pitch,stretch
0.0,91.33137772,1.82656395
0.1,-39.20299527,1.12122948
0.2,78.9852337,1.12025045
0.3,-94.66209845,1.02557261
0.32341667,-71.76730894,1.06580695
