segment,pitch,stretch
0.0,-89.06637534,0.37218892
0.1,-28.638437,1.29479557
0.2,-8.31899436,1.34818575
0.3,67.7820648,1.24266832
0.32341667,4.09606073,1.38884894
