segment,pitch,stretch
0.0,-23.73065935,0.0797034
0.1,2.70754613,1.83600464
0.2,25.650451,1.48948742
0.3,-49.55254658,1.22465236
0.32341667,16.82642172,1.41984075
