segment,pitch,stretch
0.0,88.76446124,0.85936173
0.1,56.50909504,1.06337161
0.2,-5.11157055,1.01766647
0.3,14.19517065,1.03928052
0.32341667,67.19148892,1.18131313
