segment,pitch,stretch
0.0,-2.60251168,1.33849038
0.1,3.1808695,1.03790095
0.2,-93.89625608,0.32730996
0.3,22.03695444,1.15118519
0.32341667,89.13776591,1.37996061
