segment,pitch,stretch
0.0,59.01519707,0.66464778
0.1,-74.67447784,1.09498554
0.2,78.11378701,0.24708562
0.3,26.79367619,1.40152246
0.32341667,29.92451654,1.02203861
