segment,pitch,stretch
0.0,42.21237724,0.98996482
0.1,33.8271633,0.77076848
0.2,20.96644351,0.37402384
0.3,-53.61985723,1.98545705
0.32341667,-55.68725705,1.53352273
