segment,pitch,stretch
0.0,-73.38624366,1.58797859
0.1,-42.42633216,1.10525313
0.2,15.99713578,0.42598769
0.3,-33.12568725,0.25629603
0.32341667,44.00446366,1.81995896
