segment,pitch,stretch
0.0,32.93077195,0.80618862
0.1,51.79107477,1.03327995
0.2,-61.91466198,1.39590152
0.3,33.45957754,1.8615638
0.32341667,-82.23793256,0.80137687
