segment,pitch,stretch
0.0,70.8709352,0.55947112
0.1,32.34369018,1.10627241
0.2,-92.9302278,1.10842043
0.3,14.89115364,0.86800797
0.32341667,-67.12260703,1.7659473
