segment,pitch,stretch
0.0,77.1498115,1.83268558
0.1,10.32602389,0.76817862
0.2,4.15464736,1.59331573
0.3,21.19252889,0.58913169
0.32341667,-7.11336122,0.81393531
