segment,pitch,stretch
0.0,69.49762262,1.08530069
0.1,42.72159746,0.99979939
0.2,96.74773092,1.75882447
0.3,-27.92411753,1.36775981
0.32341667,33.93273626,0.90104071
