segment,pitch,stretch
0.0,65.45313908,1.43173201
0.1,23.22224239,1.64604346
0.2,44.35096717,0.82186037
0.3,67.45757963,0.26689352
0.32341667,55.5822091,1.64490636
