segment,pitch,stretch
0.0,8.79498818,0.0614271
0.1,-18.99628775,0.22652961
0.2,-17.40156662,0.46484299
0.3,-85.73958234,0.81464033
0.32341667,45.44069908,0.21843777
