segment,pitch,stretch
0.0,40.39704719,0.11203387
0.1,-77.86782689,0.449249
0.2,21.84672988,0.02407483
0.3,-56.0972156,1.6502756
0.32341667,65.00594456,0.65362707
