segment,pitch,stretch
0.0,70.72156413,1.84700732
0.1,-64.20531103,1.20878884
0.2,35.7891913,0.51924654
0.3,-77.33475241,1.95615398
0.32341667,85.6978336,1.72102519
