segment,pitch,stretch
0.0,-51.03425556,1.55055496
0.1,22.81695275,1.74830484
0.2,73.06623682,1.24661488
0.3,-9.17693151,0.09792889
0.32341667,79.97760745,0.03735929
