segment,pitch,stretch
0.0,-84.2209614,0.31323186
0.1,62.09656714,0.60538609
0.2,55.13992629,0.21165259
0.3,-55.71077558,0.62501131
0.32341667,77.6678018,0.97290752
