segment,pitch,stretch
0.0,-48.59393833,1.45450552
0.1,77.37095157,1.8635573
0.2,44.19816726,1.174515
0.3,-99.780271,1.46785746
0.32341667,38.96545556,0.99607158
