segment,pitch,stretch
0.0,-63.95927305,1.3663617
0.1,-82.44028643,1.24112643
0.2,-63.33590257,1.83999602
0.3,-82.33590521,0.89576132
0.32341667,-77.43124585,1.51483357
