segment,pitch,stretch
0.0,67.46317025,1.58701212
0.1,38.91463365,1.82178317
0.2,-85.28377865,1.60361911
0.3,55.65505401,0.21823774
0.32341667,56.32983288,0.04661671
