segment,pitch,stretch
0.0,79.97188672,0.20745104
0.1,-84.58904822,1.46214797
0.2,70.2960477,0.40821612
0.3,-66.44520929,1.23203415
0.32341667,-78.91715359,1.26593617
