segment,pitch,stretch
0.0,29.86548478,0.57139857
0.1,2.8025705,1.94435619
0.2,-38.4768188,0.3951066
0.3,-89.49838949,0.29859462
0.32341667,30.18488016,1.93939037
