segment,pitch,stretch
0.0,-4.12787863,0.96421208
0.1,-30.19441281,1.08561731
0.2,41.04377471,1.46356301
0.3,-32.43591961,0.25116585
0.32341667,61.53108406,0.73120458
