segment,pitch,stretch
0.0,49.07155908,0.10864525
0.1,-58.77252084,1.61132735
0.2,-55.40155542,0.60180616
0.3,19.02224292,0.93555132
0.32341667,21.20382854,0.34417591
