segment,pitch,stretch
0.0,48.32946721,1.50413289
0.1,73.83586198,1.55745414
0.2,-30.27812065,1.00772566
0.3,-32.50397555,0.86702054
0.32341667,96.46984971,1.67836019
