segment,pitch,stretch
0.0,44.01610098,1.36033213
0.1,-34.76139374,0.08557756
0.2,-43.47986862,1.06509633
0.3,-9.79517271,0.67257935
0.32341667,85.48914895,0.12614926
