segment,pitch,stretch
0.0,4.78285782,1.6410762
0.1,13.60270601,0.7602565
0.2,39.50896912,0.2694778
0.3,22.44107494,1.51649535
0.32341667,-36.00172497,0.60574629
