segment,pitch,stretch
0.0,-56.31893026,0.25307214
0.1,66.6522923,1.93095887
0.2,2.15493058,0.49520396
0.3,-23.51601285,1.55970731
0.32341667,22.32226467,0.71957325
