segment,pitch,segment,stretch
0.0,-66.0623823,0.0,1.84658225
0.1,-90.7862333,0.1,0.94726644
0.2,-0.00810713819,0.2,1.52006519
0.3,-61.2450651,0.3,1.63286843
0.323416667,-0.344586516,0.32341667,1.74173618
