segment,pitch,stretch
0.0,-61.65105701,1.12509033
0.1,49.84264816,0.78701739
0.2,14.14440898,0.37052689
0.3,-30.10662908,1.42053426
0.32341667,90.48337022,1.94621598
