segment,pitch,stretch
0.0,85.43762199,1.00056931
0.1,-27.24751419,0.47504393
0.2,-8.79829555,0.788147
0.3,-97.88620301,0.64075463
0.32341667,49.57089273,0.87603086
