segment,pitch,stretch
0.0,-46.41950257,0.98293374
0.1,-92.58424164,0.99885906
0.2,21.8123883,0.65769494
0.3,16.48756951,0.46238493
0.32341667,-54.36863361,0.72259175
