segment,pitch,stretch
0.0,-12.92877168,0.59007764
0.1,-67.35237443,1.36577084
0.2,-70.76493751,1.86337992
0.3,86.785725,1.85233296
0.32341667,-36.33255728,1.108986
