segment,pitch,stretch
0.0,-9.08149959,0.73203403
0.1,12.16544582,0.53159531
0.2,40.52205867,1.48114639
0.3,-94.19679153,1.77078339
0.32341667,-5.82752377,1.36117577
