segment,pitch,stretch
0.0,97.64268741,0.61487918
0.1,23.96704837,0.40988424
0.2,50.30792237,0.86872158
0.3,71.77937185,1.01783109
0.32341667,-64.81416361,0.68761283
