segment,pitch,stretch
0.0,8.7952765,0.51001639
0.1,91.94692023,1.45766025
0.2,-6.68088057,1.25674442
0.3,38.28142065,1.93213547
0.32341667,-37.19939988,0.45590133
