segment,pitch,stretch
0.0,63.46196139,0.87194913
0.1,-23.64022125,1.67919547
0.2,31.65242203,0.97011806
0.3,16.19881364,1.40431802
0.32341667,-33.08554183,1.02563167
