segment,pitch,stretch
0.0,21.29241244,0.7419472
0.1,-1.23713702,1.09270952
0.2,-74.86460599,0.8129571
0.3,18.81587233,0.16019775
0.32341667,35.3489582,1.17476401
