segment,pitch,stretch
0.0,11.04708611,0.74384055
0.1,-10.67848967,0.46038505
0.2,64.95328634,0.80934661
0.3,-78.10341524,1.94282647
0.32341667,-48.61651995,1.99482071
