segment,pitch,stretch
0.0,-8.64176861,1.80061108
0.1,-2.28240571,0.32075858
0.2,61.07673865,0.35362442
0.3,-20.33592136,1.48415136
0.32341667,-24.05835486,0.14560931
