segment,pitch,stretch
0.0,-26.15456552,0.99905336
0.1,-4.26522308,0.59066439
0.2,55.3227334,1.69088488
0.3,-26.26518208,1.70645599
0.32341667,-18.3065251,0.13143106
