segment,pitch,stretch
0.0,-98.72491255,1.42659946
0.1,-15.15642563,1.64599539
0.2,24.45806353,0.97767705
0.3,-80.67224668,0.37962884
0.32341667,-97.50349755,0.74274723
