segment,pitch,stretch
0.0,-85.83390244,1.36546316
0.1,-83.68236309,0.39424104
0.2,-69.95552588,1.31629396
0.3,-14.67715053,0.23786768
0.32341667,73.76142723,0.2069198
