segment,pitch,stretch
0.0,1.86764875,1.47639799
0.1,-1.78672474,1.92944336
0.2,-26.58380414,0.76292987
0.3,-2.56688864,1.78735236
0.32341667,-76.29238916,0.80366269
