segment,pitch,stretch
0.0,-69.10300998,1.14537751
0.1,-24.44784794,1.06854972
0.2,35.31321785,0.45192262
0.3,-41.77498511,0.2846318
0.32341667,19.92389913,0.9853942
