segment,pitch,stretch
0.0,-30.44662447,1.4086692
0.1,-27.69908881,0.95518545
0.2,25.08576745,1.0815723
0.3,-20.92476775,0.08724184
0.32341667,-46.92266257,1.12979104
