segment,pitch,stretch
0.0,-38.93106299,1.91951228
0.1,-30.40144858,0.50419792
0.2,2.19081651,0.76602689
0.3,30.82741361,0.59904457
0.32341667,46.9007513,1.94941235
