segment,pitch,stretch
0.0,-5.78748479,0.61840584
0.1,25.040103,1.20431928
0.2,-40.66398147,1.66594732
0.3,-99.21011725,0.99007018
0.32341667,30.82754841,0.23705338
