segment,pitch,stretch
0.0,48.8265236,0.43768829
0.1,97.68090991,0.31983773
0.2,47.50182685,1.24438546
0.3,81.7432518,0.49120307
0.32341667,28.08178094,0.60639718
