segment,pitch,stretch
0.0,67.91608163,1.13046919
0.1,-92.32097988,1.99597614
0.2,57.07371841,1.53523853
0.3,19.28317816,0.24385811
0.32341667,15.30546887,0.39158976
