segment,pitch,stretch
0.0,33.6784286,1.28512049
0.1,30.74796889,1.04729355
0.2,71.39310534,0.74339822
0.3,38.16266559,0.86152361
0.32341667,-39.8799084,1.83215587
