segment,pitch,stretch
0.0,-36.96649028,1.3014101
0.1,9.08709827,0.05882523
0.2,85.36553945,1.428997
0.3,-41.19556041,1.2429303
0.32341667,-31.79783786,0.97363261
