segment,pitch,stretch
0.0,-73.1961296,0.69168228
0.1,-56.98452675,1.28516196
0.2,1.81288897,1.00851945
0.3,-17.93803526,0.05981722
0.32341667,-33.17886565,1.89275203
