segment,pitch,stretch
0.0,-68.31428674,1.40239735
0.1,-13.90908686,1.49673114
0.2,54.08743226,1.07658057
0.3,-42.73693867,0.27427112
0.32341667,-1.03846516,1.90516482
