segment,pitch,stretch
0.0,47.11462569,0.32214594
0.1,11.81885745,0.21999868
0.2,-1.49931669,0.34357292
0.3,45.92466934,1.61274527
0.32341667,-72.78738407,0.9185628
