segment,pitch,stretch
0.0,77.23607787,0.41308158
0.1,-36.99854877,1.59324842
0.2,16.09723403,1.42339693
0.3,29.12208023,1.17478291
0.32341667,-69.45423228,1.88393163
