segment,pitch,stretch
0.0,-22.70456848,0.82906961
0.1,-12.00888723,0.58408113
0.2,15.14046376,0.19058783
0.3,-19.30106293,0.57788611
0.32341667,-20.57313834,0.32577637
