segment,pitch,stretch
0.0,18.77281956,1.04868626
0.1,40.78610286,0.48332939
0.2,84.18153491,0.83217717
0.3,47.00827256,1.90318663
0.32341667,66.01008384,0.50055362
