segment,pitch,stretch
0.0,-56.40971946,1.43822993
0.1,-9.09046034,1.11776807
0.2,20.98892014,0.71531135
0.3,-66.43296232,0.54997993
0.32341667,-91.78640069,0.26897274
