segment,pitch,stretch
0.0,24.6891334,1.19409205
0.1,86.03794788,0.72053846
0.2,45.97308045,0.2138623
0.3,39.11596791,1.56743943
0.32341667,10.29734006,1.24065623
