segment,pitch,stretch
0.0,17.9760939,0.95494184
0.1,-43.00340989,0.10281418
0.2,-30.55059063,1.52164503
0.3,-92.55876504,1.24827519
0.32341667,-64.21175873,0.08180338
