segment,pitch,stretch
0.0,12.15035978,0.91227818
0.1,-56.22765555,1.17022701
0.2,-53.26534685,0.58034143
0.3,-25.75230742,1.9562998
0.32341667,-73.04726616,1.99538846
