segment,pitch,stretch
0.0,26.28994663,0.43358591
0.1,-84.76959918,0.96759171
0.2,-17.21635209,0.27115372
0.3,-93.28005251,1.2000135
0.32341667,55.01605665,1.11881456
