segment,pitch,stretch
0.0,9.0283109,0.25019481
0.1,6.96107974,0.62311927
0.2,14.88339172,1.78918939
0.3,-2.73093064,1.34945049
0.32341667,-85.27526638,0.75720604
