segment,pitch,stretch
0.0,61.91803223,0.36516876
0.1,0.99543568,0.43500315
0.2,-50.96874522,1.25398366
0.3,-47.73319396,0.60570222
0.32341667,15.35939938,0.97208355
