segment,pitch,stretch
0.0,22.56482953,0.32974928
0.1,-26.57515882,0.74944663
0.2,58.52096087,0.73148935
0.3,67.88336338,0.69769471
0.32341667,-98.7178367,1.46371733
