segment,pitch,stretch
0.0,-56.39318384,1.7541365
0.1,90.87442764,0.66011804
0.2,-39.94082392,0.16454365
0.3,31.5093861,0.63744506
0.32341667,70.38847456,0.55874538
