segment,pitch,stretch
0.0,-57.04299033,1.30850831
0.1,-61.30294243,1.06317761
0.2,11.10207427,1.86768436
0.3,-1.38864911,1.42169342
0.32341667,-40.37897369,0.58634772
