segment,pitch,stretch
0.0,52.0334205,0.43451348
0.1,-34.60142464,1.57387994
0.2,77.69993065,1.05416836
0.3,29.08950905,0.32554246
0.32341667,-98.8324779,1.85669509
