segment,pitch,stretch
0.0,58.06319333,0.77394069
0.1,0.91206114,0.81778066
0.2,-27.80824757,1.48752315
0.3,-73.7491051,0.41888886
0.32341667,69.75698508,0.93012443
