segment,pitch,stretch
0.0,51.40973306,0.29099813
0.1,-5.42867159,1.62833375
0.2,13.71146629,0.32849247
0.3,-14.17202169,0.46991549
0.32341667,14.98699592,0.51625305
