segment,pitch,stretch
0.0,-74.23479435,1.22824298
0.1,-11.3601526,0.85784227
0.2,36.50675361,0.09585286
0.3,-13.94845552,0.43829102
0.32341667,-6.97265347,0.86422506
