segment,pitch,stretch
0.0,-79.40575395,0.23141906
0.1,24.69139357,1.34739197
0.2,31.85465478,0.44473315
0.3,0.37788074,1.31624907
0.32341667,-42.85922685,0.82105614
