segment,pitch,stretch
0.0,28.09923375,1.43312072
0.1,-15.10813675,0.8890381
0.2,-12.43931725,0.60560557
0.3,-27.33468297,1.13565345
0.32341667,-62.66931892,1.8467177
