segment,pitch,stretch
0.0,87.74309864,0.22820547
0.1,-4.48264388,1.49009691
0.2,90.19031952,1.39023362
0.3,-69.40540064,1.78473098
0.32341667,65.10278108,0.80628385
