segment,pitch,stretch
0.0,17.28527913,1.12530616
0.1,8.63936001,1.09357984
0.2,-69.0074729,1.07648496
0.3,-18.85502465,0.36768209
0.32341667,59.46739627,0.39033463
