segment,pitch,stretch
0.0,-76.94516773,1.88823832
0.1,-6.4858311,1.41396893
0.2,46.60528691,0.11773869
0.3,9.48323043,1.80376032
0.32341667,89.85696022,1.43209877
