segment,pitch,stretch
0.0,-18.5398728,0.31748681
0.1,-67.34991207,1.82477139
0.2,65.54879707,1.59992979
0.3,30.88088319,0.89523729
0.32341667,50.60550813,1.02052202
