segment,pitch,stretch
0.0,-99.15346184,1.13720105
0.1,80.90141422,1.91777804
0.2,25.8663891,0.47706995
0.3,75.24606714,0.3458575
0.32341667,-83.41413367,0.38623968
