segment,pitch,stretch
0.0,-48.4958847,1.9233431
0.1,-9.52866418,1.11542891
0.2,1.94176449,0.95865462
0.3,5.71676827,0.6616034
0.32341667,30.27282792,1.91183458
