segment,pitch,stretch
0.0,-2.71310826,1.50712016
0.1,17.7201972,0.83644439
0.2,-20.17501418,0.76078741
0.3,12.48271646,0.17009155
0.32341667,29.42079391,1.26727983
