segment,pitch,stretch
0.0,87.98258728,1.54790065
0.1,87.12011565,0.90861448
0.2,-29.82518494,0.58649069
0.3,54.38835911,0.51296238
0.32341667,53.98423531,1.78492888
