segment,pitch,stretch
0.0,15.9272347,0.97372592
0.1,-20.77070657,1.45189783
0.2,-20.08480075,0.50513237
0.3,-29.82576937,1.38910207
0.32341667,87.83532187,1.51614456
