segment,pitch,stretch
0.0,-54.22317773,0.14479657
0.1,23.75537749,1.96762023
0.2,-67.43154965,0.75812729
0.3,-83.62242399,0.84420129
0.32341667,64.2322812,0.73382384
