segment,pitch,stretch
0.0,-12.49530298,1.28394154
0.1,77.35683448,1.95772399
0.2,46.14200593,1.14408971
0.3,-17.19403126,0.21034957
0.32341667,-81.60069167,0.50538316
