segment,pitch,stretch
0.0,-68.21158685,0.82535308
0.1,-83.19360642,1.79167423
0.2,79.13343252,0.78297904
0.3,80.54326003,0.23441015
0.32341667,-30.48737523,1.41044901
