segment,pitch,stretch
0.0,-65.85966689,0.99094124
0.1,57.4210377,1.25140592
0.2,-53.4891742,1.66606931
0.3,-32.80877015,0.56557264
0.32341667,-23.63509804,1.31427626
