segment,pitch,stretch
0.0,-46.83321603,0.84618107
0.1,41.6487922,0.98544532
0.2,8.4156442,0.7701051
0.3,-54.82963666,1.20043732
0.32341667,30.43602938,1.85489027
