segment,pitch,stretch
0.0,-55.0240476,0.91992097
0.1,46.31562141,0.94194362
0.2,62.5855756,1.80305422
0.3,-4.25909078,0.51544707
0.32341667,16.27030636,1.47198659
