segment,pitch,stretch
0.0,44.65928585,0.25571852
0.1,2.85031152,1.3562861
0.2,-57.71166213,1.30905236
0.3,-66.93032782,1.33160076
0.32341667,13.43806553,0.62192137
