segment,pitch,stretch
0.0,21.52556644,0.24747868
0.1,-62.21960884,0.51530303
0.2,-58.58818316,1.14352058
0.3,14.95103608,1.46694059
0.32341667,21.70814087,1.67980684
