segment,pitch,stretch
0.0,24.41564841,0.25667552
0.1,-64.42577909,1.20221217
0.2,32.27025317,0.24658485
0.3,58.71212772,1.57844265
0.32341667,46.7300547,1.00400066
