segment,pitch,stretch
0.0,55.68553541,1.13527087
0.1,19.57508628,0.57526943
0.2,99.59707332,0.71873046
0.3,-43.3789335,0.88566698
0.32341667,90.00594125,0.39461425
