segment,pitch,stretch
0.0,-1.49759031,0.61403304
0.1,48.0809444,0.69225556
0.2,-84.09524499,0.33452268
0.3,95.23220486,1.06792504
0.32341667,64.91086902,0.58483827
