segment,pitch,stretch
0.0,59.64739432,1.91119383
0.1,-20.63646321,1.29572765
0.2,62.86141463,0.99944191
0.3,-65.74461877,1.01221774
0.32341667,44.70090984,0.89697717
