segment,pitch,stretch
0.0,-67.97449296,0.75247726
0.1,11.07328714,0.25589602
0.2,-43.89657964,0.70559599
0.3,-41.15015074,0.70218971
0.32341667,-33.76804681,0.11352048
