segment,pitch,stretch
0.0,-3.8848098,1.00949787
0.1,-32.48916274,1.44703087
0.2,81.26251807,0.10808594
0.3,-18.23478105,0.03465182
0.32341667,7.90132089,0.79845554
