segment,pitch,stretch
0.0,-71.37581006,0.57944866
0.1,-34.89028362,1.76833087
0.2,97.72444176,0.43040584
0.3,8.64322444,1.84780211
0.32341667,-59.15215987,0.21714226
