segment,pitch,stretch
0.0,-63.97366245,1.49783115
0.1,-84.90656008,1.37250299
0.2,93.42782744,0.10650492
0.3,11.57634117,0.84315206
0.32341667,80.35905055,1.26233419
