segment,pitch,stretch
0.0,-85.15725243,1.49995106
0.1,18.57908242,1.36683942
0.2,-52.1381203,1.31792707
0.3,77.56862162,0.76119001
0.32341667,89.7133381,1.77084997
