segment,pitch,stretch
0.0,-57.66547148,1.73485112
0.1,-70.60568286,1.4226462
0.2,70.86912423,1.06235888
0.3,-17.39285893,1.05619652
0.32341667,-60.61780379,1.35606233
