segment,pitch,stretch
0.0,78.11206964,1.48448967
0.1,30.08823316,0.28770474
0.2,62.70691674,1.03274311
0.3,-69.9857022,0.45071415
0.32341667,-1.96178027,0.30900593
