segment,pitch,stretch
0.0,51.6479082,0.4417702
0.1,37.62818293,1.22957458
0.2,55.79615955,0.69909727
0.3,31.91979646,1.572544
0.32341667,-22.21091203,0.87669833
