segment,pitch,stretch
0.0,84.66887763,0.58495982
0.1,6.08176803,0.31710055
0.2,90.82211143,1.7123379
0.3,42.04787562,1.38911617
0.32341667,-40.19306584,1.84862951
