segment,pitch,stretch
0.0,-51.41680869,1.58782391
0.1,4.985172,0.72138411
0.2,88.20327684,1.12265768
0.3,-58.40734817,0.23569111
0.32341667,68.30800912,1.23583309
