segment,pitch,stretch
0.0,-11.83025711,1.51300734
0.1,8.7470631,0.24000547
0.2,-15.41843982,1.17952525
0.3,-87.7437633,1.57032258
0.32341667,-40.85253846,0.7584977
