segment,pitch,stretch
0.0,95.13315851,1.5844105
0.1,95.71495863,0.46491803
0.2,4.56295435,1.17107987
0.3,-11.93773809,0.63485582
0.32341667,-75.72789111,0.10666132
