segment,pitch,stretch
0.0,-88.39234314,0.07745413
0.1,65.27529367,1.64078214
0.2,-24.85222093,0.23468741
0.3,20.61002448,1.49561498
0.32341667,-74.64601709,1.25217021
