segment,pitch,stretch
0.0,8.07414344,0.20594791
0.1,27.61667564,1.87511385
0.2,12.25175146,0.19246655
0.3,5.7333769,0.42766967
0.32341667,77.72310536,1.43882185
