segment,pitch,stretch
0.0,-10.72674788,0.56055933
0.1,33.60933966,1.16716927
0.2,-1.37827911,1.02731607
0.3,29.3498758,1.96665864
0.32341667,31.86641091,0.45425732
