segment,pitch,stretch
0.0,15.13134779,0.53160298
0.1,-49.29605083,0.4519978
0.2,59.10606455,0.39260156
0.3,48.81708847,0.4692084
0.32341667,14.83590121,0.46233459
