segment,pitch,stretch
0.0,58.00753923,1.75560269
0.1,88.61433734,0.86519841
0.2,97.9031651,0.93867241
0.3,14.61974867,1.86901891
0.32341667,-5.44703254,0.0946911
