segment,pitch,stretch
0.0,-48.45243871,0.15817179
0.1,82.41340646,0.69939178
0.2,-7.53339347,1.28466279
0.3,-30.87957178,1.90686052
0.32341667,75.39947922,0.63235415
