segment,pitch,stretch
0.0,-53.18857274,1.95117352
0.1,-52.96167371,1.1427253
0.2,38.20784676,1.10694813
0.3,46.0178344,0.8717932
0.32341667,78.11630752,0.71626065
