segment,pitch,stretch
0.0,21.55057906,0.25130805
0.1,-20.17265513,0.96020899
0.2,-52.07974762,1.55252741
0.3,87.36384387,1.19622655
0.32341667,-72.92256984,0.75880724
