segment,pitch,stretch
0.0,-17.73769578,0.98447335
0.1,-41.45582363,0.94666259
0.2,30.66866042,0.72831062
0.3,59.8078046,1.02790064
0.32341667,84.38248427,0.39724826
