segment,pitch,stretch
0.0,83.82729659,0.31203725
0.1,-2.54724082,1.56948954
0.2,88.70909739,0.87333864
0.3,48.93770926,0.88535019
0.32341667,53.25190048,0.66112496
