segment,pitch,stretch
0.0,-21.84910749,1.63725542
0.1,92.62617727,0.91190035
0.2,-40.07927874,0.45967153
0.3,30.58508574,0.64362954
0.32341667,-68.98646438,1.44788087
