segment,pitch,stretch
0.0,-31.75128323,1.35198954
0.1,60.52679753,1.32787853
0.2,-22.8835824,1.57632911
0.3,-6.32596177,0.80140737
0.32341667,-61.06491024,0.99818917
