segment,pitch,stretch
0.0,2.54964477,0.54357393
0.1,26.84692557,1.29343216
0.2,72.58457191,0.42070854
0.3,-6.94481249,1.04489529
0.32341667,35.80656171,0.26802137
