segment,pitch,stretch
0.0,61.87306923,1.6800264
0.1,-5.64177324,0.32387551
0.2,86.75305487,0.09122421
0.3,-27.71752308,0.55014386
0.32341667,-26.78048177,0.82256102
