segment,pitch,stretch
0.0,16.70772117,0.81064175
0.1,-61.82971906,1.48442032
0.2,-31.41060896,1.39445033
0.3,-8.94045194,1.01594082
0.32341667,-27.43066022,0.75934284
