segment,pitch,stretch
0.0,-13.68776922,0.77658743
0.1,-57.11899702,1.53398674
0.2,62.94325807,0.70379875
0.3,-27.77030003,0.72470084
0.32341667,-61.90605897,0.771678
