segment,pitch,stretch
0.0,11.37360706,1.9162078
0.1,-50.20832577,0.59247461
0.2,-34.39542541,1.79911242
0.3,-9.87560088,0.998763
0.32341667,34.71454295,0.76768671
