segment,pitch,stretch
0.0,3.17154152,0.81183988
0.1,-74.02271749,1.44061269
0.2,46.15952764,0.42884863
0.3,4.14106927,1.93838261
0.32341667,26.36707366,1.4503687
