segment,pitch,stretch
0.0,31.75305261,1.38451981
0.1,20.27112767,1.99020027
0.2,66.65258945,0.15645945
0.3,70.72003494,1.37678514
0.32341667,59.11013505,0.82730153
