segment,pitch,stretch
0.0,-77.73977436,1.00478752
0.1,-18.96284798,0.15717617
0.2,-36.55549612,1.90654565
0.3,89.20291952,0.7651101
0.32341667,-97.78574386,0.92755825
