segment,pitch,stretch
0.0,-79.81150205,1.34332733
0.1,-2.02836706,0.77514932
0.2,-11.18998235,0.33214039
0.3,52.04958687,0.53493982
0.32341667,-63.48776447,0.45685022
