segment,pitch,stretch
0.0,2.36208538,1.54356298
0.1,77.85923423,0.47597082
0.2,-89.1271409,1.27977799
0.3,-18.79772534,1.05516459
0.32341667,87.62276495,1.20284762
