segment,pitch,stretch
0.0,-17.23532002,0.16408748
0.1,-55.20494434,0.21361432
0.2,-36.65883109,0.19384467
0.3,75.34514139,0.82850175
0.32341667,31.2832342,1.471328
