segment,pitch,stretch
0.0,-94.88566807,1.97726842
0.1,45.39575719,1.2658567
0.2,-94.78509898,0.10443365
0.3,54.14618135,0.24635614
0.32341667,-20.18916124,0.76836832
