segment,pitch,stretch
0.0,76.77394395,1.55370699
0.1,49.33576264,1.82028848
0.2,-87.39935237,1.42487505
0.3,11.02170053,0.87896062
0.32341667,91.99381322,0.96516852
