segment,pitch,stretch
0.0,48.33680056,1.48429429
0.1,27.41870997,0.15715938
0.2,-39.95667364,0.62940339
0.3,73.52964836,0.05281398
0.32341667,-36.35494906,1.6412938
