segment,pitch,stretch
0.0,76.78578212,0.02403043
0.1,20.42124481,0.85164369
0.2,83.32251122,1.08658436
0.3,47.28432413,0.40639055
0.32341667,-50.64117466,1.29336046
