segment,pitch,stretch
0.0,34.44970312,1.0262563
0.1,-73.97598586,0.5565938
0.2,4.84970015,0.08950317
0.3,25.99530817,1.10823657
0.32341667,7.0197251,1.27665612
