segment,pitch,stretch
0.0,-98.70381677,1.47488053
0.1,-69.82387258,0.7270016
0.2,35.26613747,0.08778447
0.3,-81.38004879,1.16903228
0.32341667,-61.83067014,0.92727902
