segment,pitch,stretch
0.0,14.15361396,1.44232267
0.1,85.95109622,1.49291498
0.2,18.04804687,1.19611731
0.3,28.2522976,1.49647535
0.32341667,5.36776296,0.30324849
