segment,pitch,stretch
0.0,-39.77235695,0.97080384
0.1,-55.9025784,0.1022914
0.2,42.12378864,1.56878682
0.3,-5.9333084,1.19302163
0.32341667,84.8199861,1.45606517
