segment,pitch,stretch
0.0,-92.15775888,0.74816787
0.1,71.96645866,1.71916745
0.2,-25.46852775,1.7524902
0.3,17.21488016,0.9780509
0.32341667,-10.41176069,1.21177262
