segment,pitch,stretch
0.0,-30.7410802,1.48506999
0.1,-19.68361402,1.61937363
0.2,-9.93463647,0.73964021
0.3,-7.1971022,1.93955383
0.32341667,-23.97797133,1.43199581
