segment,pitch,stretch
0.0,26.92040942,0.66708871
0.1,32.98463782,0.46140785
0.2,94.30298269,0.4311344
0.3,71.4008894,0.4522554
0.32341667,-13.61584313,0.23817019
