segment,pitch,stretch
0.0,12.9108365,0.20464585
0.1,-70.83420593,1.97412558
0.2,-6.13796162,1.12401504
0.3,38.03543053,1.75851492
0.32341667,-61.21147917,0.77953826
