segment,pitch,stretch
0.0,36.16487693,1.25286497
0.1,-97.36259769,1.31396789
0.2,24.50411951,1.84060757
0.3,43.1395046,0.64046023
0.32341667,85.14605982,1.47992762
