segment,pitch,stretch
0.0,-62.23642036,1.06144709
0.1,79.13201234,0.54207142
0.2,-89.54923437,0.72134233
0.3,-19.27573078,0.33417878
0.32341667,-62.71214645,1.54129631
