segment,pitch,stretch
0.0,87.86222938,1.6760541
0.1,-47.14792626,0.22369522
0.2,-6.84659798,1.1260271
0.3,87.67045201,1.53941447
0.32341667,-51.71213936,1.37136581
