segment,pitch,stretch
0.0,-87.25523595,1.1918401
0.1,16.91650801,0.89399115
0.2,-40.09372932,0.89701806
0.3,3.19229046,1.98333504
0.32341667,18.84785296,1.85350493
