segment,pitch,stretch
0.0,57.2872587,0.52242118
0.1,68.85097071,1.61316948
0.2,-30.10164543,0.15196309
0.3,-57.0249627,0.44426911
0.32341667,-54.19692118,1.48693747
