segment,pitch,stretch
0.0,67.64906061,0.41951577
0.1,79.28195584,0.03526883
0.2,62.27299227,0.81828659
0.3,-11.10764883,1.2900604
0.32341667,57.41338752,1.95373865
