segment,pitch,stretch
0.0,33.09785739,1.71128449
0.1,-85.08083727,1.56145129
0.2,97.70701203,0.69707892
0.3,2.54261044,1.19647348
0.32341667,-59.73934841,1.17782448
