segment,pitch,stretch
0.0,3.79788214,1.04175162
0.1,-35.73428138,0.91099175
0.2,-30.83181688,0.34322307
0.3,-68.4260973,1.39599539
0.32341667,-10.87667298,0.78322702
