segment,pitch,stretch
0.0,78.52989573,1.74799876
0.1,-26.17758211,0.36264633
0.2,-65.60231522,1.15645327
0.3,-66.03357835,1.81639149
0.32341667,-36.23940811,1.38509752
