segment,pitch,segment,stretch
0.0,24.3902693,0.0,0.67210823
0.1,-0.0247174936,0.1,1.89588113
0.2,82.8662613,0.2,0.23432987
0.3,-7.97314524,0.3,1.20797246
0.323416667,-6.32438983,0.32341667,1.72866971
