segment,pitch,stretch
0.0,51.56916705,1.25898044
0.1,-51.28327497,0.34588319
0.2,97.78221202,1.91985924
0.3,-75.98126047,0.82059623
0.32341667,-44.05308002,1.38191391
