segment,pitch,stretch
0.0,65.91759783,1.00744019
0.1,-36.70731143,0.67929445
0.2,67.54354156,0.95779159
0.3,2.89249458,1.93585264
0.32341667,-55.92630603,0.7587469
