segment,pitch,stretch
0.0,96.26286183,1.14976657
0.1,-96.45992778,0.962364
0.2,50.93322043,0.99280793
0.3,14.6207779,1.92237923
0.32341667,7.19296333,1.02094568
