segment,pitch,stretch
0.0,3.93099148,1.7716209
0.1,73.76311644,1.97281878
0.2,-26.92634129,1.42487848
0.3,51.70874443,1.45099775
0.32341667,-48.7675791,1.84822532
