segment,pitch,stretch
0.0,-70.9954821,0.91489342
0.1,18.763036,1.0325944
0.2,84.30682023,1.47139294
0.3,96.70790152,0.31719256
0.32341667,-65.75430749,1.1469235
