segment,pitch,stretch
0.0,-2.28432431,0.51220006
0.1,-50.4941454,0.3783057
0.2,86.41176613,0.52629226
0.3,-50.97734163,0.68389314
0.32341667,97.13453513,1.73708117
