segment,pitch,stretch
0.0,-83.66792118,0.17389721
0.1,-19.98744657,0.39349672
0.2,-30.38458549,1.97590818
0.3,-63.4406446,1.84988074
0.32341667,25.67812426,1.17620678
