segment,pitch,stretch
0.0,-5.58861003,1.32978923
0.1,8.95176437,0.81778757
0.2,39.42206983,0.66481361
0.3,-84.38976819,0.35850052
0.32341667,-2.90431636,0.23899864
