segment,pitch,stretch
0.0,-3.31597843,0.45157501
0.1,-35.19448657,1.77513434
0.2,-54.62049262,0.36912314
0.3,50.12510099,1.67171916
0.32341667,96.66013203,1.16069525
