segment,pitch,stretch
0.0,55.36181915,0.37154348
0.1,1.74798824,0.78809476
0.2,53.5320483,0.08099688
0.3,-10.60196251,1.90254096
0.32341667,46.95013059,0.68783971
