segment,pitch,stretch
0.0,-16.02430182,0.31806788
0.1,29.58660593,0.5983964
0.2,-69.77021268,1.47459901
0.3,10.24378989,1.63555671
0.32341667,-68.66835117,1.74756834
