segment,pitch,stretch
0.0,2.94536382,1.14273616
0.1,67.15962,0.71228689
0.2,-20.48190634,1.20280034
0.3,20.58811131,0.94325649
0.32341667,-71.10919795,1.82149668
