segment,pitch,stretch
0.0,-31.7323473,1.78985335
0.1,26.42807939,1.38754521
0.2,22.25968883,1.54917493
0.3,-25.30270181,1.54718362
0.32341667,46.97185243,0.09638929
