segment,pitch,stretch
0.0,98.63199606,1.10219899
0.1,38.06859183,1.75752318
0.2,58.19309996,1.8701857
0.3,70.68425501,1.90449871
0.32341667,89.06926868,1.70479661
