segment,pitch,stretch
0.0,78.00911228,0.99673345
0.1,-28.67768894,1.80563483
0.2,73.55618202,1.38552336
0.3,93.0509223,0.17145116
0.32341667,-2.74816459,0.15059009
