segment,pitch,stretch
0.0,12.28616187,1.33435242
0.1,33.44634687,1.33862855
0.2,98.80566767,1.25876505
0.3,-93.57044844,1.87938727
0.32341667,-51.09398555,1.88731406
