segment,pitch,stretch
0.0,71.04817524,1.27905886
0.1,-29.23230128,0.28593244
0.2,-23.90252129,0.87298087
0.3,-20.50746627,0.50431278
0.32341667,-25.31970697,1.06118321
