segment,pitch,stretch
0.0,31.41997184,1.22599644
0.1,58.03480486,1.4547445
0.2,-62.84801238,0.27967606
0.3,10.62451678,0.02065399
0.32341667,10.31835057,0.3128479
