segment,pitch,stretch
0.0,40.88671478,0.99029016
0.1,9.07407961,0.54320223
0.2,-23.01321115,1.60107
0.3,-10.85681813,1.574764
0.32341667,87.87195083,1.34863725
