segment,pitch,stretch
0.0,-20.36884991,0.97958319
0.1,-12.16725052,0.93484439
0.2,-26.42868614,0.43422731
0.3,-15.16942384,0.12359811
0.32341667,-52.65446315,1.31629037
