segment,pitch,stretch
0.0,6.92468799,1.1702122
0.1,52.10042521,0.51269982
0.2,-39.07293948,0.1912204
0.3,38.46029754,0.91406415
0.32341667,-16.6630855,1.67689755
