segment,pitch,stretch
0.0,88.60957906,0.0301642
0.1,84.68226706,1.61205195
0.2,-77.43679957,1.42137195
0.3,45.11946934,1.73240953
0.32341667,-36.96988582,0.09602122
