segment,pitch,stretch
0.0,36.3288655,0.78617108
0.1,-33.4786966,0.96292114
0.2,8.05827153,0.70266535
0.3,84.98004341,0.45613544
0.32341667,-34.65749493,0.81873504
