segment,pitch,stretch
0.0,-79.96502932,0.84610218
0.1,33.21752916,1.88919334
0.2,-97.52705813,0.18699196
0.3,42.51331828,0.0366283
0.32341667,-42.98571984,0.95813987
