segment,pitch,stretch
0.0,-4.92142852,1.99305172
0.1,-5.74196289,0.92633133
0.2,76.26647078,0.44879969
0.3,-62.74030654,1.47417428
0.32341667,-60.661992,1.05571007
