segment,pitch,stretch
0.0,-56.39949456,1.32676777
0.1,-76.36067248,1.08004851
0.2,-58.44160547,1.5809308
0.3,25.29086486,0.16508433
0.32341667,-6.58788169,1.18870574
