segment,pitch,segment,stretch
0.0,-3.60210196,0.0,0.92014098
0.1,-0.0120609558,0.1,1.08763174
0.2,-75.2550513,0.2,0.29239621
0.3,39.6800445,0.3,0.26357805
0.323416667,78.1977592,0.32341667,1.67878037
