segment,pitch,stretch
0.0,-66.94889137,0.79130031
0.1,-6.87427926,1.85178888
0.2,69.52298075,0.79988954
0.3,-45.26015132,0.87521033
0.32341667,-50.37935108,1.50754026
