segment,pitch,stretch
0.0,82.53369854,0.66834278
0.1,60.14491878,1.16350573
0.2,-26.84704149,1.24827189
0.3,-19.8784386,0.70182905
0.32341667,-26.04492652,0.20173025
