segment,pitch,stretch
0.0,-84.37928886,1.17141126
0.1,-52.76931383,1.13741792
0.2,56.06390533,0.91618882
0.3,-69.46438111,0.7080153
0.32341667,91.86152445,0.5910213
