segment,pitch,stretch
0.0,55.35526281,1.40478417
0.1,-66.48550036,1.12007301
0.2,21.45340352,1.58559909
0.3,-32.80413748,1.13081383
0.32341667,-77.32206638,0.38560717
