segment,pitch,stretch
0.0,-70.82827187,0.34305232
0.1,79.2644825,1.15525787
0.2,14.29027084,1.85610569
0.3,-47.65971945,0.19828098
0.32341667,8.9954872,1.51767034
