segment,pitch,stretch
0.0,71.89255128,0.24931264
0.1,0.20692224,1.79813092
0.2,-68.61006599,0.71729895
0.3,-5.20952515,1.28733782
0.32341667,28.45991968,1.77061752
