segment,pitch,stretch
0.0,-40.90047407,0.05812512
0.1,-35.35291254,0.81203879
0.2,36.32983964,0.61124866
0.3,-7.67980486,0.41683772
0.32341667,-89.59854269,1.86697452
