segment,pitch,stretch
0.0,-3.59370976,0.95327953
0.1,-92.44382947,0.8890172
0.2,-89.84008222,0.47547445
0.3,96.09352514,1.09208031
0.32341667,42.94050617,0.63383093
