segment,pitch,stretch
0.0,-14.41838744,0.71193749
0.1,64.59665955,0.54024543
0.2,-96.76492712,1.78065704
0.3,-50.00654232,1.40559917
0.32341667,42.56426636,0.99785593
