segment,pitch,stretch
0.0,90.29147433,0.88361056
0.1,12.52853873,0.63799557
0.2,50.53853174,0.09787331
0.3,-77.3590695,1.15168959
0.32341667,-1.65440801,0.06773829
