segment,pitch,stretch
0.0,-76.23750274,0.54712598
0.1,54.42820472,1.66698734
0.2,26.41325181,1.761061
0.3,14.10037165,1.80899506
0.32341667,-75.83605273,1.29882268
