segment,pitch,stretch
0.0,-38.96228733,0.34616893
0.1,2.386347,0.04115024
0.2,48.26486793,0.35900131
0.3,-48.11903655,1.58519606
0.32341667,19.29531145,0.95531857
