segment,pitch,stretch
0.0,47.42131089,0.58869392
0.1,-63.95282256,1.74739294
0.2,31.67244378,1.10105994
0.3,40.6572625,0.54790015
0.32341667,-18.6332399,1.33029013
