segment,pitch,stretch
0.0,48.65693284,0.25539499
0.1,-27.64572099,1.09429421
0.2,-20.19701808,0.88115619
0.3,-10.74442668,1.97859338
0.32341667,91.42432082,0.10638235
