segment,pitch,stretch
0.0,-76.90925642,1.21901793
0.1,-68.48676994,1.4118495
0.2,36.30884798,0.05521057
0.3,-36.82491274,1.45629656
0.32341667,-4.04717442,1.80268091
