segment,pitch,stretch
0.0,60.93482672,0.06624465
0.1,-71.63665921,1.88925143
0.2,-30.77028929,0.40013084
0.3,-44.68164597,1.26601564
0.32341667,34.59415858,1.98956357
