segment,pitch,stretch
0.0,-30.19921015,0.56503536
0.1,75.2433288,1.43622494
0.2,-49.47813624,1.73497671
0.3,86.59581665,0.70763908
0.32341667,58.40562581,1.29518241
