segment,pitch,stretch
0.0,38.61944715,0.75641923
0.1,-76.3398938,1.17320485
0.2,-80.92813522,0.63072958
0.3,-16.48508052,1.96252246
0.32341667,16.23487259,1.97125296
