segment,pitch,stretch
0.0,21.25560127,1.22587136
0.1,-5.61566417,1.28752652
0.2,-88.15973778,1.61643937
0.3,39.86499493,1.32560109
0.32341667,64.67338156,0.74206522
