segment,pitch,stretch
0.0,-66.86198445,0.79522553
0.1,32.23990363,0.27784591
0.2,-63.31896149,1.76330212
0.3,-73.00038049,0.60946618
0.32341667,32.15710315,0.42695433
