segment,pitch,stretch
0.0,-56.6830557,0.06363068
0.1,50.66790367,1.80739158
0.2,-18.96445326,1.41045117
0.3,-25.44345058,0.2049667
0.32341667,12.75548414,0.27136646
