segment,pitch,stretch
0.0,88.25484185,1.5236155
0.1,29.23312353,0.93469446
0.2,-73.60888885,0.44203051
0.3,-38.35663254,1.28625712
0.32341667,-37.21470774,1.264942
