segment,pitch,stretch
0.0,9.75149611,0.79411887
0.1,-7.37998228,0.53064308
0.2,29.15889261,0.10254027
0.3,-23.23230809,0.53999741
0.32341667,51.25937721,0.74302856
