segment,pitch,stretch
0.0,-58.67599578,0.13141934
0.1,-13.30258388,0.16133177
0.2,-52.40820381,1.13500643
0.3,11.33062491,0.98717522
0.32341667,9.6385593,0.10332776
