segment,pitch,stretch
0.0,70.24469457,0.85599223
0.1,-27.51466786,0.39005905
0.2,60.55844263,1.43275618
0.3,52.93607499,1.34329238
0.32341667,74.74872052,0.96810209
