segment,pitch,stretch
0.0,-56.22391322,1.21249895
0.1,-47.59423942,0.39515719
0.2,91.93727259,1.8528852
0.3,-33.89646621,1.67254104
0.32341667,46.88387871,1.21014685
