segment,pitch,stretch
0.0,-35.14158545,0.855771
0.1,-54.49669119,0.5452371
0.2,37.91149238,1.65995376
0.3,-55.38086503,0.74505496
0.32341667,54.77667999,0.83530932
