segment,pitch,stretch
0.0,-4.04234253,1.62928948
0.1,50.39518932,0.78033958
0.2,58.18996785,1.56476115
0.3,-22.07293427,0.56557752
0.32341667,56.43229939,0.93389964
