segment,pitch,stretch
0.0,95.7501832,1.54313256
0.1,-3.19831823,1.33500472
0.2,-16.96134457,1.12819963
0.3,-28.81747413,1.72147256
0.32341667,42.63505928,0.57593815
