segment,pitch,stretch
0.0,-48.5952207,0.12382156
0.1,29.19485822,1.75564688
0.2,84.54328152,0.24815543
0.3,69.99994667,1.2885643
0.32341667,56.72069463,0.70518165
