segment,pitch,stretch
0.0,27.0641734,0.01013217
0.1,-43.13434162,0.95424486
0.2,83.45364082,1.16332163
0.3,46.6736971,0.56494555
0.32341667,-28.9166607,0.73596031
