segment,pitch,stretch
0.0,-62.81458057,1.15988152
0.1,17.97702429,0.58853345
0.2,-8.2980926,1.29983279
0.3,-62.4217389,1.42406205
0.32341667,18.11027086,0.84018378
