segment,pitch,stretch
0.0,25.70847239,1.1960971
0.1,-37.82303983,0.02795501
0.2,38.52328891,1.10198652
0.3,-23.93667478,0.08852642
0.32341667,-53.98326942,1.59813041
