segment,pitch,stretch
0.0,69.68935346,1.12532443
0.1,-21.84293244,1.15903886
0.2,-22.40126322,1.68834661
0.3,-77.83415675,1.78966274
0.32341667,18.42522507,1.57311162
