segment,pitch,stretch
0.0,-67.20213277,0.62417316
0.1,-70.91279736,1.12829576
0.2,11.55913655,0.70978518
0.3,-88.76292025,0.02882377
0.32341667,-25.67800099,0.52970381
