segment,pitch,stretch
0.0,29.86029141,0.9413203
0.1,-65.49550847,1.58501733
0.2,-8.37849199,1.84833856
0.3,16.32170521,1.12864021
0.32341667,-96.55544023,0.85017735
