segment,pitch,stretch
0.0,-2.78484508,0.45448836
0.1,-57.68912839,0.86252605
0.2,-17.27242754,1.61904865
0.3,-2.64514482,1.39130822
0.32341667,55.14373267,1.59066599
