segment,pitch,stretch
0.0,19.758909,0.0609285
0.1,33.70416131,1.63852294
0.2,-28.26228599,0.53834051
0.3,77.25360299,0.54558093
0.32341667,-40.65982077,0.29994173
