segment,pitch,stretch
0.0,86.90300909,0.475784
0.1,79.71843279,0.40603367
0.2,34.94433723,0.97706088
0.3,-45.53952821,0.65075382
0.32341667,63.0204093,0.93918167
