segment,pitch,stretch
0.0,-66.15449332,1.17508471
0.1,33.08083728,0.94744004
0.2,51.46479562,0.74931244
0.3,-80.58676237,0.35628979
0.32341667,81.97884737,1.25416847
