segment,pitch,stretch
0.0,-30.2287418,1.31067296
0.1,86.62283936,0.87427745
0.2,-21.47577863,1.37620008
0.3,84.9300577,0.45825557
0.32341667,59.52250756,1.13518739
