segment,pitch,stretch
0.0,75.357241,0.83773649
0.1,-55.75688593,0.80885485
0.2,61.10111178,0.61144368
0.3,90.25367142,0.73863407
0.32341667,26.85831553,0.4624235
