segment,pitch,stretch
0.0,97.57442054,1.3122383
0.1,57.41970729,1.27661748
0.2,32.67065062,1.16138222
0.3,34.06011343,0.34510216
0.32341667,83.59797788,1.84938224
