segment,pitch,stretch
0.0,30.76275893,1.75032315
0.1,-18.30184736,1.1766706
0.2,88.92209311,0.11148121
0.3,-15.78836893,1.00992181
0.32341667,81.69873146,1.08252971
