segment,pitch,stretch
0.0,-86.38202104,1.63362226
0.1,0.95731439,1.36148231
0.2,-48.4797064,0.68683683
0.3,50.57477866,1.59869277
0.32341667,-52.07184875,0.40963154
