segment,pitch,stretch
0.0,-57.32903368,1.31106943
0.1,-14.80176218,1.36432179
0.2,17.32090115,1.9756976
0.3,9.38584248,1.38621255
0.32341667,-54.58865419,1.60203422
