segment,pitch,stretch
0.0,62.6913709,0.89860539
0.1,-28.7089255,0.06791792
0.2,-71.03383871,1.00076401
0.3,93.02773855,1.24961505
0.32341667,93.73973981,1.26639778
