segment,pitch,stretch
0.0,-98.00335762,0.93958317
0.1,-44.25936911,1.42755355
0.2,-49.70952942,0.6160235
0.3,-16.66945989,1.95370106
0.32341667,16.63176458,0.26107778
