segment,pitch,stretch
0.0,37.27670025,1.42766663
0.1,34.38847046,0.72731767
0.2,49.91842175,1.80608275
0.3,56.9541748,1.91598421
0.32341667,10.97290623,1.21084105
