segment,pitch,stretch
0.0,-33.82586043,0.35164089
0.1,-42.55840131,0.20114733
0.2,-36.6492295,1.40729654
0.3,39.91321296,0.04300573
0.32341667,54.14936319,1.79642733
