segment,pitch,stretch
0.0,21.35215111,0.19799702
0.1,14.79849269,0.60931017
0.2,53.1788992,0.16102666
0.3,-95.85723561,1.54818605
0.32341667,5.27283499,0.26552753
