segment,pitch,stretch
0.0,31.76144354,0.46805505
0.1,49.0534069,1.72857245
0.2,-59.14058353,0.05336254
0.3,-36.25561351,0.45417652
0.32341667,-53.50268286,1.33850641
