segment,pitch,stretch
0.0,-92.49082032,0.30893725
0.1,92.01562452,1.54393752
0.2,-80.55764576,1.31466429
0.3,-70.09009567,1.88171095
0.32341667,-7.5394989,1.71314556
