segment,pitch,stretch
0.0,97.17644144,0.51253178
0.1,26.34966999,0.21080737
0.2,-21.73584106,0.27401534
0.3,70.49109419,1.91980484
0.32341667,43.48373212,0.96077188
