segment,pitch,stretch
0.0,-40.48589107,1.22436898
0.1,47.48995475,1.54823641
0.2,-46.73743802,1.02590908
0.3,-97.96557374,1.74877791
0.32341667,18.48293991,0.76585735
