segment,pitch,stretch
0.0,57.45647421,1.64387024
0.1,-62.30549211,0.05749027
0.2,-35.85649312,0.09554773
0.3,55.00701181,1.62598434
0.32341667,-39.97662747,0.71232625
