segment,pitch,stretch
0.0,-51.1051603,1.00035195
0.1,-91.26717948,0.46124463
0.2,73.5145218,0.77735517
0.3,54.43703181,1.21549894
0.32341667,-36.95823638,0.33045291
