segment,pitch,stretch
0.0,17.63845752,0.65519257
0.1,36.88289119,0.996231
0.2,-63.85348159,0.85360158
0.3,-97.96670479,1.42654033
0.32341667,43.035587,1.01691569
