segment,pitch,stretch
0.0,-29.32250151,0.64118776
0.1,-3.06808063,0.73649566
0.2,90.97923358,1.88790792
0.3,10.7462216,0.26788582
0.32341667,-76.74347892,0.543593
