segment,pitch,stretch
0.0,-61.1842488,1.97653192
0.1,-67.40048172,1.52355847
0.2,12.41471853,0.98006415
0.3,-23.82579329,0.44372312
0.32341667,9.53005369,0.65281453
