segment,pitch,stretch
0.0,65.65927644,1.85038449
0.1,-31.23211399,1.10748568
0.2,62.59110385,1.14052106
0.3,-86.43369357,1.38971404
0.32341667,41.84315348,0.49971738
