segment,pitch,stretch
0.0,-7.07122187,1.4737248
0.1,10.00250781,1.10212017
0.2,-21.98285256,1.65595948
0.3,46.16062549,0.64757112
0.32341667,41.01655214,0.36171009
