segment,pitch,stretch
0.0,-65.34261839,0.94624792
0.1,-88.88296173,0.88463276
0.2,-52.48624316,0.8064175
0.3,35.3894457,1.08656597
0.32341667,-31.26503482,0.95323019
