segment,pitch,stretch
0.0,74.10679581,1.90218841
0.1,-97.36412995,1.60160035
0.2,-84.25672888,1.668912
0.3,27.09308902,1.51590505
0.32341667,-12.33253686,0.99909344
