segment,pitch,stretch
0.0,-21.02351082,0.76668052
0.1,1.53612588,0.94640395
0.2,82.9198569,1.02754902
0.3,67.34737065,1.57368428
0.32341667,-34.9418752,0.67195212
