segment,pitch,stretch
0.0,-92.0683747,0.69619005
0.1,92.92883541,1.46059979
0.2,-38.78028918,1.13034103
0.3,33.48812202,1.0639125
0.32341667,68.79643169,0.42066581
