segment,pitch,stretch
0.0,-50.90487531,0.84721497
0.1,77.9515464,0.90863808
0.2,12.96913102,0.45582271
0.3,31.20275809,0.65529325
0.32341667,-30.39700356,0.08422993
