segment,pitch,stretch
0.0,70.62381491,1.36620222
0.1,-43.60565268,0.47559644
0.2,29.54670776,0.92078875
0.3,95.208653,0.83015506
0.32341667,-87.83630424,1.40747595
