segment,pitch,stretch
0.0,-75.60908863,1.29894989
0.1,-4.30259752,0.61363685
0.2,20.94377522,1.41793961
0.3,10.45062111,1.73528762
0.32341667,86.50209298,0.4791473
