segment,pitch,stretch
0.0,78.57791509,1.76663636
0.1,-6.15631212,0.7337869
0.2,-15.34092719,1.62880485
0.3,21.91351344,0.61213133
0.32341667,-10.50820757,0.41097232
