segment,pitch,stretch
0.0,-77.15161711,0.74585549
0.1,80.53955212,0.017077
0.2,-73.74967403,0.284322
0.3,-47.67008962,1.04459593
0.32341667,40.40758666,0.8536958
