segment,pitch,stretch
0.0,-80.7192326,0.54130022
0.1,34.14230443,0.20766845
0.2,-43.78548789,1.25157904
0.3,85.79520644,0.76195837
0.32341667,-29.32737886,0.20991234
