segment,pitch,stretch
0.0,-76.63716622,1.08893336
0.1,-73.11298951,0.41748987
0.2,48.53347054,0.32012442
0.3,-4.46661278,0.63387312
0.32341667,-44.69533701,1.27766005
