segment,pitch,segment,stretch
0.0,34.8877197,0.0,0.10761674
0.1,-0.0129750448,0.1,0.88035305
0.2,48.8877829,0.2,0.12183403
0.3,68.5745634,0.3,0.55306263
0.323416667,18.9536775,0.32341667,1.83833688
