segment,pitch,stretch
0.0,54.32401431,0.08668951
0.1,-6.72935942,1.16468766
0.2,39.12079493,1.8612572
0.3,39.92141387,0.92171433
0.32341667,-27.14681087,0.50419734
