segment,pitch,stretch
0.0,54.83056612,1.56132998
0.1,56.31531505,1.28614089
0.2,-65.55002777,1.44579989
0.3,-25.15788212,0.3607766
0.32341667,22.72349562,0.17745198
