segment,pitch,stretch
0.0,-36.76350372,0.52322451
0.1,-99.8991193,0.66419732
0.2,27.503089,0.44232096
0.3,-34.85106147,1.90778707
0.32341667,68.2869663,0.59652698
