segment,pitch,stretch
0.0,96.80704334,1.85115917
0.1,70.5198752,0.8718407
0.2,78.21609099,1.82238935
0.3,-95.7752672,0.25719172
0.32341667,-56.58918052,0.72929157
