segment,pitch,stretch
0.0,76.35734026,1.14590216
0.1,-86.84267031,0.53472093
0.2,-64.6676431,0.54723503
0.3,-69.9472318,1.29334783
0.32341667,87.84988665,1.74725804
