segment,pitch,stretch
0.0,36.93997263,1.7539978
0.1,-76.80061303,1.40735445
0.2,60.8418497,0.62226098
0.3,-27.90828951,0.48175931
0.32341667,99.51838141,1.5918282
