segment,pitch,stretch
0.0,55.07207497,1.22706758
0.1,83.71672672,0.97206042
0.2,-43.28929986,0.16969859
0.3,-17.1692271,0.90092586
0.32341667,-36.644272,0.43024518
