segment,pitch,stretch
0.0,-84.66020389,1.10062914
0.1,45.42505651,0.81865822
0.2,27.47623271,1.25164699
0.3,44.62305857,1.77685805
0.32341667,-87.62087265,0.97343419
