segment,pitch,stretch
0.0,51.18493756,0.66657869
0.1,-64.70105349,0.91857876
0.2,-90.57968214,1.26779222
0.3,-94.64625917,1.54144859
0.32341667,-38.85953331,1.32367104
