segment,pitch,stretch
0.0,12.71485551,1.44490364
0.1,-18.83660308,1.3029027
0.2,-52.07271323,1.10609828
0.3,-29.96931661,1.18379787
0.32341667,-9.99178163,1.80996789
