segment,pitch,stretch
0.0,-46.26080879,0.77156844
0.1,-14.63576669,0.55135676
0.2,85.04541628,0.92804695
0.3,-49.31762638,1.40435072
0.32341667,16.64479416,1.67291824
