segment,pitch,stretch
0.0,-89.95965492,1.93181176
0.1,67.55938023,1.29027557
0.2,26.6208604,0.36054668
0.3,-54.20230035,1.25973455
0.32341667,-98.16020256,0.92743077
