segment,pitch,stretch
0.0,9.96211161,0.17252736
0.1,-28.44120521,0.52830291
0.2,58.95311712,0.51646024
0.3,-14.85414305,0.70859388
0.32341667,85.14956963,0.64434305
