segment,pitch,stretch
0.0,-98.34466569,1.83106884
0.1,-10.51162175,1.34345266
0.2,97.93427859,0.65853672
0.3,35.61870537,1.28105878
0.32341667,-12.49352836,0.15324236
