segment,pitch,stretch
0.0,-50.36729616,1.24588939
0.1,43.15166092,1.651593
0.2,-89.08132341,0.94120535
0.3,-31.93753525,0.55989053
0.32341667,-79.66514086,1.95233748
