segment,pitch,stretch
0.0,12.69072165,1.18485033
0.1,16.88915645,0.64230571
0.2,49.23789678,0.95454364
0.3,39.87613746,0.75997929
0.32341667,70.90138048,1.50770695
