segment,pitch,stretch
0.0,78.40227579,1.91339694
0.1,-55.1129652,1.00834957
0.2,6.74447168,0.29418026
0.3,27.3376716,1.53256547
0.32341667,-97.08031886,0.99264532
