segment,pitch,stretch
0.0,-61.49548479,0.36819492
0.1,18.53940612,1.77990606
0.2,-39.20879804,1.09377229
0.3,-30.66509024,1.98213584
0.32341667,7.07056367,0.5936591
