segment,pitch,stretch
0.0,-43.98322413,0.65201846
0.1,-25.77671075,1.22292345
0.2,39.5110442,1.45876179
0.3,-32.19697736,0.98656907
0.32341667,10.88673449,1.0349791
