segment,pitch,stretch
0.0,-87.82800068,1.28286493
0.1,-25.45661385,0.89058027
0.2,2.95853851,1.4716374
0.3,84.61583696,0.6386035
0.32341667,42.95706616,1.51056083
