segment,pitch,stretch
0.0,-1.14725012,0.71691039
0.1,-90.43848863,0.74614953
0.2,-40.03711279,1.94843862
0.3,-29.12549604,0.32495742
0.32341667,77.33253221,0.61649877
