segment,pitch,stretch
0.0,-84.59865618,1.95225136
0.1,2.74576488,1.66072701
0.2,-31.14414819,0.05165652
0.3,59.06244098,0.5878804
0.32341667,67.61674881,0.72232709
