segment,pitch,stretch
0.0,29.51078372,1.24489428
0.1,86.25753287,1.77356048
0.2,95.6553577,1.30862901
0.3,-65.97707071,0.68318311
0.32341667,49.79896228,1.63073528
