segment,pitch,stretch
0.0,77.00947727,0.99570417
0.1,68.68212777,1.08385584
0.2,29.89909441,0.2210854
0.3,-37.60275897,0.41623588
0.32341667,-61.49193386,0.38461981
