segment,pitch,stretch
0.0,-35.26640223,1.59441442
0.1,-82.14936791,1.21410308
0.2,39.53587687,0.89125894
0.3,-75.44024907,0.14763688
0.32341667,26.94148116,1.71797298
