segment,pitch,stretch
0.0,-46.59943425,0.40064358
0.1,63.17145436,0.61162855
0.2,73.87775976,0.23189939
0.3,-84.55157756,1.54635995
0.32341667,20.35536038,1.86221744
