segment,pitch,stretch
0.0,-71.70531914,1.36459419
0.1,-47.61419544,0.5051745
0.2,48.0330823,1.09957376
0.3,34.27821317,0.27950682
0.32341667,-72.4662587,0.22836241
