segment,pitch,stretch
0.0,-62.2888105,1.07577895
0.1,-52.19325919,1.07125686
0.2,-77.81566322,1.51342084
0.3,73.5246301,1.37714716
0.32341667,73.4409389,1.55456291
