segment,pitch,stretch
0.0,58.31579708,1.46895394
0.1,6.96253647,0.48660613
0.2,-4.41581756,1.00963977
0.3,-63.5775247,1.29399549
0.32341667,97.77631762,0.84060701
