segment,pitch,stretch
0.0,-33.07031843,1.04325491
0.1,12.9349985,0.44078978
0.2,4.33682254,1.36028147
0.3,90.68056828,1.16905302
0.32341667,37.69781409,1.24618942
