segment,pitch,stretch
0.0,-23.95553444,0.70401859
0.1,-97.95184299,0.00875292
0.2,95.23338475,1.8427633
0.3,10.74081096,1.83453859
0.32341667,24.9757793,1.77535614
