segment,pitch,stretch
0.0,29.19700723,1.75028237
0.1,15.63825327,0.16776534
0.2,3.65085895,0.15899819
0.3,-91.18848108,0.41497916
0.32341667,53.29025089,0.946821
