segment,pitch,stretch
0.0,57.99353047,1.96251481
0.1,-40.79525362,0.94444479
0.2,23.78072576,0.924778
0.3,72.96982422,0.31383508
0.32341667,53.76957631,0.68947425
