segment,pitch,stretch
0.0,4.25415757,0.7037323
0.1,-41.27415217,1.26912647
0.2,-74.74598363,0.17760594
0.3,-15.94741517,1.12963497
0.32341667,43.51897949,0.85087029
