segment,pitch,stretch
0.0,11.1251521,0.60172576
0.1,94.22411188,0.44802145
0.2,89.44753043,1.27552997
0.3,74.30769895,1.09756939
0.32341667,-37.47679669,0.7907315
