segment,pitch,stretch
0.0,-25.00542805,1.03431482
0.1,-48.20991773,0.92366821
0.2,-51.83604218,0.34019883
0.3,14.57062672,1.21184807
0.32341667,-26.77020505,0.81530657
