segment,pitch,stretch
0.0,-75.53633957,0.40538048
0.1,-65.83593262,1.98560632
0.2,-66.8010443,1.18970355
0.3,89.94318033,1.00543009
0.32341667,-28.80984484,1.15995836
