segment,pitch,stretch
0.0,39.23640548,0.12600295
0.1,-42.18123516,0.88631808
0.2,53.94030347,1.76218548
0.3,-65.41993581,1.86160188
0.32341667,90.15742696,1.03493088
