segment,pitch,stretch
0.0,61.26933292,0.50090252
0.1,38.65533839,1.61630161
0.2,-27.91605269,1.73322278
0.3,36.00101096,0.67742762
0.32341667,-78.35943708,0.46993908
