segment,pitch,stretch
0.0,12.62363586,1.26368295
0.1,23.02085171,0.7448394
0.2,23.36423086,0.05261082
0.3,97.70614946,1.01748925
0.32341667,-25.72861775,0.88645775
