segment,pitch,stretch
0.0,65.82222467,0.56154429
0.1,-9.35575527,0.64767017
0.2,-91.83315911,0.84538271
0.3,79.30022345,0.4979411
0.32341667,45.86180924,0.89353148
