segment,pitch,stretch
0.0,79.79173837,1.46721922
0.1,-44.24877139,0.57242606
0.2,74.77623955,0.15597525
0.3,-86.32612653,1.3358867
0.32341667,-11.10230867,1.14618682
