segment,pitch,stretch
0.0,-24.96515822,0.68772771
0.1,36.64267249,0.30369637
0.2,-93.60804347,1.16330199
0.3,9.86556644,0.69001341
0.32341667,-17.13685423,0.54642887
