segment,pitch,stretch
0.0,-75.90204766,0.10539101
0.1,-89.66881049,1.63294926
0.2,-86.78535298,0.21421971
0.3,50.96369643,1.47001367
0.32341667,36.94157773,1.56453662
