segment,pitch,stretch
0.0,-37.88087101,1.83397703
0.1,-16.85966727,1.52099356
0.2,-79.76891938,1.69283951
0.3,-82.30918252,1.81957343
0.32341667,59.65991076,0.75908376
