segment,pitch,stretch
0.0,48.23169593,1.38760579
0.1,42.81145804,1.74622613
0.2,79.06411095,0.2874918
0.3,69.44528076,1.61606763
0.32341667,88.54940569,1.62058381
