segment,pitch,stretch
0.0,-57.09760884,1.03382432
0.1,31.85682387,1.26885403
0.2,-6.73425875,1.24717465
0.3,47.95830633,1.34338376
0.32341667,-83.8084816,0.34550335
