segment,pitch,stretch
0.0,34.04923955,0.51661687
0.1,-20.16773507,0.2259012
0.2,58.06800811,1.98214485
0.3,46.82268278,1.23025235
0.32341667,16.04458546,1.72803009
