segment,pitch,stretch
0.0,13.74009622,0.63900578
0.1,51.80972721,1.6206981
0.2,86.3964352,0.03304675
0.3,-66.39783761,1.7049324
0.32341667,31.11863834,1.46507556
