segment,pitch,stretch
0.0,88.00598922,1.42174052
0.1,96.51328737,1.49122509
0.2,29.11093561,0.62095286
0.3,69.6076589,1.14630865
0.32341667,-59.73938179,1.38538671
