segment,pitch,stretch
0.0,99.37283207,0.92158405
0.1,61.02900927,1.90392814
0.2,-43.89505842,0.34916702
0.3,-6.51139434,1.21087231
0.32341667,-98.37213751,0.72140227
