segment,pitch,stretch
0.0,48.39129511,0.54114143
0.1,-60.21618585,1.68728974
0.2,21.92845445,1.39155326
0.3,72.85258749,0.90488419
0.32341667,60.11152814,1.20326098
