segment,pitch,stretch
0.0,-13.13088252,0.29227292
0.1,51.13663316,1.25360943
0.2,-80.18048506,1.7916357
0.3,-47.89773773,0.58346705
0.32341667,-7.0568118,1.77612328
