segment,pitch,stretch
0.0,18.29317799,0.49951345
0.1,20.01945042,1.12176851
0.2,-77.99741705,0.59960618
0.3,19.36192697,0.50557433
0.32341667,43.06785988,0.3288339
