segment,pitch,stretch
0.0,23.05268069,1.49549247
0.1,9.36005369,0.13797177
0.2,62.81522218,1.80236654
0.3,67.71456376,0.33800471
0.32341667,77.96788237,1.97708045
