segment,pitch,stretch
0.0,-1.71458324,1.21739028
0.1,-8.03758275,0.51882016
0.2,-8.49550443,1.63519413
0.3,-8.27727969,1.34863813
0.32341667,64.42471467,1.93003029
