segment,pitch,stretch
0.0,18.096335,0.30735121
0.1,-55.77885891,1.17808606
0.2,-79.80603762,1.03107785
0.3,-57.7566014,0.46519988
0.32341667,74.14673873,1.41875211
