segment,pitch,stretch
0.0,-70.27095807,1.48455572
0.1,84.77391363,1.24837561
0.2,-27.52537388,0.77726095
0.3,36.82986288,1.65388598
0.32341667,16.63983573,1.10343216
