segment,pitch,stretch
0.0,-86.13080632,0.77157019
0.1,39.51927718,1.34569204
0.2,-6.22185106,0.71695874
0.3,5.64287294,1.04110125
0.32341667,47.08694279,1.84115141
