segment,pitch,stretch
0.0,0.608638,1.06022382
0.1,15.80398242,1.02694767
0.2,-53.8454718,0.72801533
0.3,32.36058062,1.22153209
0.32341667,41.23353215,0.58841963
