segment,pitch,stretch
0.0,51.69986033,0.0331047
0.1,-91.31948841,0.51079487
0.2,12.24586311,1.83581854
0.3,-52.90680215,0.12201236
0.32341667,-27.23325687,1.55189277
