segment,pitch,stretch
0.0,-74.37700429,0.77307226
0.1,-18.72790858,0.75923189
0.2,-40.03216697,1.00825659
0.3,-98.5967418,1.46579839
0.32341667,-41.89017921,0.34107994
