segment,pitch,stretch
0.0,19.50953027,1.75500584
0.1,48.44847612,1.3553812
0.2,-85.20645473,0.86672295
0.3,97.47454191,1.42489128
0.32341667,-45.42958463,1.19673805
