segment,pitch,stretch
0.0,70.16279698,0.73199358
0.1,33.8182948,0.88382403
0.2,-49.10498957,1.67993254
0.3,-4.93823124,0.24455532
0.32341667,24.09614703,1.99747442
