segment,pitch,stretch
0.0,-18.35695568,0.61755768
0.1,10.21632188,1.6626445
0.2,0.69047377,0.70950015
0.3,67.68385624,0.8856252
0.32341667,48.15291114,1.92627472
