segment,pitch,stretch
0.0,-46.54576765,0.60085197
0.1,20.05422573,1.74901032
0.2,54.52400621,1.9506545
0.3,73.66855139,1.81044704
0.32341667,-1.88675615,0.93562966
