segment,pitch,stretch
0.0,44.11448731,1.89082481
0.1,27.89646601,1.73386287
0.2,-19.36127415,0.34468699
0.3,15.17899174,0.39328876
0.32341667,-18.70870555,1.25778986
