segment,pitch,stretch
0.0,-27.28438319,0.79345249
0.1,-98.66999083,0.28651419
0.2,-54.08694108,1.26482546
0.3,-7.3933801,0.6947791
0.32341667,72.49489683,0.74875353
