segment,pitch,stretch
0.0,-49.55521664,0.96598769
0.1,60.24292507,1.32709354
0.2,34.32984246,0.84496159
0.3,91.69210883,1.50157491
0.32341667,78.84715657,1.85534648
