segment,pitch,stretch
0.0,29.43389708,1.05594545
0.1,-98.82505887,1.57774783
0.2,33.95949266,1.35373128
0.3,-57.79711044,1.04960404
0.32341667,81.65015026,0.39151968
