segment,pitch,stretch
0.0,79.75601627,0.77799761
0.1,17.00183399,1.07711339
0.2,-25.42800597,0.7917181
0.3,-47.65138194,1.47632881
0.32341667,35.10652067,1.65919103
