segment,pitch,stretch
0.0,40.04056426,1.33778995
0.1,-97.28817369,0.1899685
0.2,-58.72937184,1.35609136
0.3,82.2448524,1.94032164
0.32341667,-29.20233879,0.27858753
