segment,pitch,stretch
0.0,-14.17444723,1.28295305
0.1,-4.64921339,0.35920956
0.2,-23.32469505,0.60281559
0.3,-59.01260874,0.58107079
0.32341667,88.53711532,1.19087365
