segment,pitch,stretch
0.0,-8.34255742,0.77577071
0.1,-36.8236739,1.35435363
0.2,6.68978896,0.94592229
0.3,-85.51463088,0.8988777
0.32341667,-16.82289389,0.34403417
