segment,pitch,stretch
0.0,-30.40223154,0.36787347
0.1,40.30213926,1.54584144
0.2,68.68183252,1.54645212
0.3,82.36920372,1.04035585
0.32341667,5.8000707,1.51520661
