segment,pitch,stretch
0.0,-94.29539956,0.6011183
0.1,28.41708136,1.15242669
0.2,-99.13935281,0.68826906
0.3,-78.11216949,1.44169335
0.32341667,-54.5881907,0.90266094
