segment,pitch,stretch
0.0,0.27440165,1.49550116
0.1,32.90941676,1.08086357
0.2,65.54691775,0.25687245
0.3,38.11090315,0.33107225
0.32341667,-66.49311905,0.72842933
