segment,pitch,stretch
0.0,-14.1569725,0.45361713
0.1,55.52926248,0.94516805
0.2,53.00334781,0.85342654
0.3,75.03788466,1.32942474
0.32341667,-7.91266729,0.93790665
