segment,pitch,stretch
0.0,74.56899624,1.79299743
0.1,25.94107183,0.16071221
0.2,41.2839149,0.21721497
0.3,14.47866495,1.22036918
0.32341667,-14.73959674,1.81871952
