segment,pitch,stretch
0.0,-59.21906832,1.76087743
0.1,5.96662808,0.85304022
0.2,12.29830648,0.5029047
0.3,-98.20735767,0.66544939
0.32341667,-0.5186354,0.26669214
