segment,pitch,stretch
0.0,19.47839865,0.9434816
0.1,59.9490877,1.1146936
0.2,22.33981162,0.48476454
0.3,18.97426154,0.23554241
0.32341667,15.16306506,1.13007685
