segment,pitch,stretch
0.0,-5.21319176,1.35819452
0.1,-16.23989513,1.66019663
0.2,-36.77315909,0.51170704
0.3,-33.51446291,1.6590932
0.32341667,-25.07447919,0.97998973
