segment,pitch,stretch
0.0,-72.13623542,1.33116293
0.1,-47.93500709,0.14257244
0.2,91.39212861,1.10285667
0.3,-4.62561099,0.57572872
0.32341667,-33.86599352,1.36512269
