segment,pitch,stretch
0.0,94.66063372,0.16277223
0.1,53.93234837,1.71236475
0.2,-71.35755131,0.37376336
0.3,50.84025958,0.80998932
0.32341667,-24.67252949,0.23835763
