segment,pitch,stretch
0.0,-9.18091647,0.92930856
0.1,-62.02164907,1.94000482
0.2,-12.90623207,1.2183621
0.3,15.17089036,0.47349695
0.32341667,10.89352922,1.02561006
