segment,pitch,stretch
0.0,-32.14306232,1.4431753
0.1,-81.40439332,0.46175707
0.2,-20.1172293,1.86886769
0.3,67.63048238,0.67969247
0.32341667,50.83305788,1.68151983
