segment,pitch,stretch
0.0,-75.58658814,1.00366747
0.1,-97.88900999,1.47597923
0.2,-4.46161317,1.10854794
0.3,31.34799552,1.07348452
0.32341667,-51.80510351,0.67390339
