segment,pitch,stretch
0.0,46.99725025,0.38230397
0.1,-37.20381284,1.33246395
0.2,13.86947558,1.31276464
0.3,79.77232086,0.22397005
0.32341667,49.46244041,1.74931967
