segment,pitch,stretch
0.0,-7.44814198,1.7438251
0.1,9.0703424,1.33993463
0.2,-65.6005214,0.96535207
0.3,79.88163057,0.39557207
0.32341667,48.78273262,0.47346175
