segment,pitch,stretch
0.0,-34.20942979,0.58122658
0.1,-64.9220759,0.35407044
0.2,-46.13526655,1.02300599
0.3,16.61128262,0.09808433
0.32341667,-72.42442326,0.71975239
