segment,pitch,stretch
0.0,-12.80235787,0.8409713
0.1,38.67858639,0.30410002
0.2,21.08834288,0.031636
0.3,94.81469787,1.79222997
0.32341667,18.45506868,1.98455664
