segment,pitch,stretch
0.0,64.29837997,0.06121643
0.1,-6.72103776,1.56183773
0.2,34.67911304,1.3577209
0.3,25.29178735,0.94012362
0.32341667,-20.34954259,1.04570986
