segment,pitch,stretch
0.0,-20.39789813,1.83124966
0.1,20.62750989,0.41787925
0.2,-59.78251605,1.85790598
0.3,-88.74051682,0.99710793
0.32341667,8.31634628,0.56985764
