segment,pitch,stretch
0.0,-64.21420564,1.80154013
0.1,77.40813629,0.51096517
0.2,-98.26791609,0.49870215
0.3,-32.66334796,0.64344691
0.32341667,93.12500574,1.17662216
