segment,pitch,stretch
0.0,-98.71257913,1.5828524
0.1,-36.05702295,0.66985857
0.2,-31.95582623,0.13798036
0.3,-81.31295359,0.22663358
0.32341667,45.09425789,0.54862974
