segment,pitch,stretch
0.0,81.66311017,1.3783001
0.1,0.87570902,0.51323502
0.2,-59.21619647,0.98265958
0.3,-57.6787773,0.30790993
0.32341667,-30.87043146,1.17222751
