segment,pitch,stretch
0.0,10.38934641,1.28044862
0.1,16.58552078,0.12750447
0.2,93.24376001,0.67889343
0.3,-17.62367845,1.20299248
0.32341667,35.31863132,1.61660781
