segment,pitch,stretch
0.0,51.84788699,0.3981759
0.1,59.68091475,1.61217409
0.2,-27.71167756,0.35158216
0.3,-29.56443604,0.8770992
0.32341667,-58.55228515,0.51670124
