segment,pitch,stretch
0.0,-7.92859899,0.20369216
0.1,10.19863107,0.15242613
0.2,-44.82770696,0.77695319
0.3,-80.4141896,0.71786342
0.32341667,32.43674468,1.20494416
