segment,pitch,stretch
0.0,31.16849918,1.30127688
0.1,-74.04657477,1.28998605
0.2,98.28479208,0.71365363
0.3,45.68234461,0.61436371
0.32341667,-23.12232547,0.96520681
