segment,pitch,stretch
0.0,0.76940706,0.32837311
0.1,85.14494722,0.39977994
0.2,-92.43433596,0.62065738
0.3,-98.42888083,0.06200237
0.32341667,-32.58662549,1.4193679
