segment,pitch,stretch
0.0,71.64354449,0.18312459
0.1,53.2516906,1.19991438
0.2,28.90726554,1.21095973
0.3,-49.8940387,1.61067418
0.32341667,21.76832357,1.26376439
