segment,pitch,stretch
0.0,2.39126912,1.48231007
0.1,-38.95035948,0.85829723
0.2,78.31320688,1.16655306
0.3,16.98024706,0.51680164
0.32341667,44.66397079,1.5133775
