segment,pitch,stretch
0.0,70.24274457,0.61048125
0.1,-48.79231442,1.63310511
0.2,-6.42324239,0.21687347
0.3,-7.7338836,0.45027042
0.32341667,69.46240638,0.90306897
