segment,pitch,stretch
0.0,92.13406767,1.93694744
0.1,-85.58685866,0.28773753
0.2,57.10945482,0.86433335
0.3,32.92004132,0.96651265
0.32341667,52.08708517,1.25003658
