segment,pitch,stretch
0.0,78.8022196,1.54390555
0.1,59.03316834,1.36513164
0.2,-13.94961152,0.78716897
0.3,55.83681575,1.29889886
0.32341667,-13.77656228,0.44376749
