segment,pitch,stretch
0.0,-35.26485382,0.11557093
0.1,-69.50197994,0.9917357
0.2,73.6796048,1.33727714
0.3,-1.04664171,0.97646566
0.32341667,-55.46924107,1.06585671
