segment,pitch,stretch
0.0,-48.89108629,1.2424848
0.1,55.67852038,1.73811564
0.2,48.16827585,0.4928271
0.3,73.70818564,0.68407289
0.32341667,85.70797026,1.92917435
