segment,pitch,stretch
0.0,73.71968657,0.30552726
0.1,-59.85317413,1.31636279
0.2,71.1426587,0.54925413
0.3,-18.50007061,1.26204455
0.32341667,-65.91143137,0.60528556
