segment,pitch,stretch
0.0,-64.83599525,0.77808766
0.1,97.61236857,1.62635576
0.2,-60.27157178,0.65298664
0.3,84.45732791,0.46881793
0.32341667,-87.53832291,1.22836965
