segment,pitch,stretch
0.0,-15.91859121,0.16050204
0.1,66.54493607,1.05820221
0.2,49.2405228,1.42476674
0.3,-8.75382859,0.48128336
0.32341667,-35.51952716,0.52453318
