segment,pitch,stretch
0.0,-15.85533995,0.06987403
0.1,-97.95934782,0.83204773
0.2,-5.14559719,1.06816443
0.3,32.74087849,1.42856986
0.32341667,-56.93437429,0.58130438
