segment,pitch,stretch
0.0,-62.84257592,0.68193044
0.1,86.95506575,0.26950978
0.2,-28.0397163,0.45294908
0.3,-64.80124174,0.91353321
0.32341667,-98.66046935,1.10925614
