segment,pitch,stretch
0.0,-6.4126324,0.37361158
0.1,-78.70213007,1.5865766
0.2,-0.36204046,1.00360432
0.3,-47.97210547,1.3933449
0.32341667,3.06964689,1.1205092
