segment,pitch,stretch
0.0,41.51350967,0.93543931
0.1,26.23517368,1.17819894
0.2,-12.63822228,1.98833146
0.3,-30.66588474,0.80021218
0.32341667,26.08399401,1.2737519
