segment,pitch,stretch
0.0,87.43016285,1.84693198
0.1,-22.53798338,0.72868036
0.2,60.38266123,1.6889543
0.3,50.75224473,0.97311446
0.32341667,87.78495288,0.46157718
