segment,pitch,stretch
0.0,-42.74550593,1.65518669
0.1,35.44578771,1.85823386
0.2,98.7346041,1.2123315
0.3,14.08839822,0.62099519
0.32341667,-55.38739786,1.08486436
