segment,pitch,stretch
0.0,-51.44071002,1.17100165
0.1,-54.80209221,0.37535268
0.2,64.47174239,1.31079719
0.3,-10.56071982,1.40472496
0.32341667,-39.86348554,0.6392892
