segment,pitch,stretch
0.0,-29.91874444,1.42031243
0.1,41.64704809,0.59218852
0.2,-87.11075848,1.10576613
0.3,-61.54877495,0.09529021
0.32341667,-34.29429643,1.15583312
