segment,pitch,stretch
0.0,87.78466979,1.0750983
0.1,65.39287108,0.03626896
0.2,-38.39100082,1.9832234
0.3,-20.01297649,0.17604691
0.32341667,78.31880556,1.61383808
