segment,pitch,stretch
0.0,7.28069095,1.60234882
0.1,-64.28928902,0.93497238
0.2,-2.07432692,0.58107235
0.3,51.5536886,1.34691236
0.32341667,65.74991707,0.85842561
