segment,pitch,stretch
0.0,87.15265727,1.41120649
0.1,38.39882515,0.44004622
0.2,64.60201562,1.15462264
0.3,12.58613119,1.17454355
0.32341667,46.94968762,1.38716818
