segment,pitch,stretch
0.0,-71.75530507,0.91890611
0.1,76.25876358,0.7322353
0.2,11.95102224,0.50601445
0.3,79.91037795,0.41160049
0.32341667,30.12462174,0.81223035
