segment,pitch,stretch
0.0,-46.6752609,1.16352469
0.1,-93.20209644,0.0234781
0.2,64.96419662,0.05926191
0.3,-12.16484387,1.47406284
0.32341667,-44.34688232,0.60104864
