segment,pitch,stretch
0.0,-55.42099824,1.64310908
0.1,30.44020676,0.76997124
0.2,53.34739709,0.1940809
0.3,-32.26512488,0.25794937
0.32341667,-59.86883114,1.27043487
