segment,pitch,stretch
0.0,30.26604033,1.5973148
0.1,25.69112756,0.24758472
0.2,-24.85549033,0.1547886
0.3,-31.2790444,0.30754036
0.32341667,86.30355152,0.40312024
