segment,pitch,stretch
0.0,-12.90562814,1.13144201
0.1,-1.29416779,0.98893381
0.2,-53.34155903,0.07204825
0.3,-48.65153398,1.52779633
0.32341667,-43.47653164,1.32355089
