segment,pitch,stretch
0.0,-5.54999706,1.12257854
0.1,23.22206304,1.8669628
0.2,-57.36481589,0.39386712
0.3,58.0578648,1.21765674
0.32341667,66.03280024,0.74428952
