segment,pitch,stretch
0.0,-15.36487641,1.81244548
0.1,11.43696078,1.472484
0.2,34.58464447,0.21504119
0.3,68.67640378,0.80253652
0.32341667,-67.59461511,1.53231421
