segment,pitch,stretch
0.0,-5.59692586,0.61478703
0.1,45.61970603,0.5852269
0.2,-80.48713695,1.26290546
0.3,76.65956808,1.54178375
0.32341667,-9.14506838,0.79261171
