segment,pitch,stretch
0.0,-63.58558414,0.84265136
0.1,47.93190562,0.45441634
0.2,74.1463043,1.33476805
0.3,46.42515129,0.61821532
0.32341667,-19.17332826,1.94889868
