segment,pitch,stretch
0.0,-50.62314768,0.5519299
0.1,-52.55300278,1.16723516
0.2,54.298582,1.72376738
0.3,-23.99088857,0.41493786
0.32341667,4.88948607,1.97918138
