segment,pitch,stretch
0.0,24.96468068,1.6444456
0.1,1.37616969,0.97947611
0.2,-71.19975556,0.49097947
0.3,-48.49913399,0.98819908
0.32341667,40.69153462,1.05842158
