segment,pitch,stretch
0.0,85.23240719,1.23446246
0.1,78.65958559,0.77382892
0.2,-56.45174874,0.48705718
0.3,71.88898266,1.42335328
0.32341667,-9.13482,1.32495619
