segment,pitch,stretch
0.0,-27.11425843,1.31301797
0.1,-47.31494811,0.54280133
0.2,-88.66887426,0.14090987
0.3,7.86940595,0.11950116
0.32341667,87.61758205,1.48166624
