segment,pitch,stretch
0.0,-98.7507832,1.62855774
0.1,-92.72198769,1.23374737
0.2,15.54821062,0.76022921
0.3,-40.54151432,0.49860071
0.32341667,-42.89167932,0.23801633
