segment,pitch,stretch
0.0,30.04022321,0.7872581
0.1,-49.20146972,1.24822874
0.2,68.57510342,1.0921985
0.3,46.99705545,1.42682896
0.32341667,-96.75951233,0.39437363
