segment,pitch,stretch
0.0,-19.24931684,0.69122185
0.1,24.04874113,0.13674094
0.2,59.01955179,1.47608642
0.3,49.74315823,1.52525824
0.32341667,-75.23844627,0.11985114
