segment,pitch,stretch
0.0,-14.02426606,0.18721001
0.1,23.81630209,0.48464851
0.2,94.24266466,1.46456973
0.3,20.03642156,0.11403632
0.32341667,57.92570785,0.61389372
