segment,pitch,stretch
0.0,-90.17078727,0.17796458
0.1,-71.99280791,1.08934715
0.2,-13.60727202,1.05914244
0.3,-0.93192742,1.87852505
0.32341667,33.27852394,1.24161401
