segment,pitch,stretch
0.0,54.63859099,0.91426261
0.1,-85.67195477,1.20728413
0.2,2.4878885,0.71733995
0.3,86.13143505,1.54149443
0.32341667,-53.30399902,1.3376245
