segment,pitch,stretch
0.0,-12.68288087,1.59358978
0.1,13.58895245,0.16681031
0.2,-5.57429841,0.74292099
0.3,-26.44516544,0.17250104
0.32341667,85.93285426,0.16730253
