segment,pitch,stretch
0.0,-21.23116318,1.79614382
0.1,-27.56583205,0.60449395
0.2,64.21774851,0.56582153
0.3,-9.24056951,1.01665474
0.32341667,-9.74670904,0.78905044
