segment,pitch,stretch
0.0,30.08929792,0.87054072
0.1,-17.9139155,0.34658018
0.2,-66.75779592,0.49970414
0.3,77.64459909,1.94720887
0.32341667,72.64294537,1.76390144
