segment,pitch,stretch
0.0,32.94582558,0.77720789
0.1,73.76521909,1.44852608
0.2,-83.94992572,1.18086928
0.3,-61.86791133,0.75042975
0.32341667,-94.71312943,1.11461748
