segment,pitch,stretch
0.0,73.13113362,0.1925557
0.1,-55.13077299,1.89478059
0.2,59.32217849,0.99662771
0.3,-71.25946194,0.61263341
0.32341667,39.2274254,0.46373334
