segment,pitch,stretch
0.0,-25.08423312,1.80265724
0.1,-88.66042782,0.10063576
0.2,-73.67467666,0.92910111
0.3,66.53606028,0.83814709
0.32341667,-75.03630793,0.77033789
