segment,pitch,stretch
0.0,-39.84727911,1.6526444
0.1,-68.85607622,1.11711065
0.2,23.68364187,1.96516016
0.3,-80.51887658,0.34053421
0.32341667,-94.66311932,1.22603371
