segment,pitch,stretch
0.0,45.03630887,0.43450625
0.1,46.59103402,1.30072592
0.2,-30.90440374,1.20093797
0.3,-61.26470289,0.81911259
0.32341667,34.91384756,0.19140491
