segment,pitch,stretch
0.0,-53.99355102,0.04887222
0.1,-3.03417463,0.14119608
0.2,83.9257281,0.97350107
0.3,52.52073868,0.6697358
0.32341667,-13.85481025,0.92660526
