segment,pitch,stretch
0.0,7.90187791,1.3064553
0.1,31.67295647,1.01100372
0.2,-53.65780041,0.35520266
0.3,-72.94929757,1.35187683
0.32341667,58.35152721,1.39599087
