segment,pitch,stretch
0.0,43.94308994,0.38165316
0.1,84.77773598,1.19567933
0.2,-14.75143777,1.35103773
0.3,-37.76141322,1.69174007
0.32341667,-5.99076179,0.4334092
