segment,pitch,stretch
0.0,52.29619013,1.65909918
0.1,55.26271333,1.05958749
0.2,49.2587818,1.33758239
0.3,48.45532009,1.75478958
0.32341667,-98.45631565,0.37013483
