segment,pitch,stretch
0.0,-21.62855277,1.31372842
0.1,-35.3834786,1.55258378
0.2,52.65867494,1.50567803
0.3,62.52082964,1.2163301
0.32341667,46.66062952,1.20100353
