segment,pitch,stretch
0.0,0.60742169,1.18439754
0.1,-16.75441018,1.17258894
0.2,32.29278586,0.00832478
0.3,94.63733595,1.24529525
0.32341667,-75.78119055,0.24980342
