segment,pitch,stretch
0.0,56.33358757,0.09194264
0.1,-63.11389498,1.89550133
0.2,65.64746862,0.18403216
0.3,-93.10605514,1.23223326
0.32341667,-45.92743551,0.28331892
