segment,pitch,stretch
0.0,93.24972168,1.89994278
0.1,21.55707386,1.06559033
0.2,-58.84044748,0.79606997
0.3,-13.55367876,0.35899559
0.32341667,17.98073729,1.50925573
