segment,pitch,stretch
0.0,43.39686976,0.75505854
0.1,-61.67573043,1.01311725
0.2,0.51873183,0.73457108
0.3,12.88130512,0.90154102
0.32341667,57.31714449,1.01338509
