segment,pitch,stretch
0.0,55.66932548,1.32885027
0.1,81.68960615,1.76450173
0.2,55.75765178,0.71046445
0.3,-1.25572602,1.00431818
0.32341667,95.15429199,0.60962601
