segment,pitch,stretch
0.0,38.10585738,0.62221409
0.1,75.26959407,1.20145201
0.2,-92.48152235,0.18894815
0.3,-38.24940669,0.36527681
0.32341667,-41.67637111,0.02898627
