segment,pitch,stretch
0.0,60.77829508,0.77962125
0.1,43.41373716,0.02040908
0.2,56.16195873,0.79248433
0.3,-99.94719329,1.74003505
0.32341667,-1.35074094,1.66206156
