segment,pitch,stretch
0.0,53.08614354,0.76512863
0.1,30.21863436,1.75958979
0.2,-72.79337117,0.91412587
0.3,91.0452741,1.02089091
0.32341667,-31.40181873,1.37846458
