segment,pitch,stretch
0.0,-57.74220233,1.16794182
0.1,51.69168463,0.24005868
0.2,32.71998218,1.1491536
0.3,1.53841214,1.59180477
0.32341667,-95.68622946,1.00634228
