segment,pitch,stretch
0.0,64.63144232,0.7800836
0.1,8.86346429,1.26656169
0.2,32.79569159,1.93170043
0.3,10.55051177,0.29422641
0.32341667,6.38738619,1.43860225
