segment,pitch,stretch
0.0,80.71270499,0.69011393
0.1,-71.31396277,1.1141308
0.2,48.34518996,0.72072674
0.3,-66.07502609,0.60045359
0.32341667,-52.28087662,0.77200176
