segment,pitch,stretch
0.0,-76.51454746,1.12273409
0.1,-96.9380047,0.2018376
0.2,-72.79782389,1.81703153
0.3,-31.86888898,0.31799467
0.32341667,-51.47839766,0.71777059
