segment,pitch,stretch
0.0,74.98268857,0.98081986
0.1,16.03290679,0.71187618
0.2,78.97784812,0.27050369
0.3,-15.63843586,1.15797271
0.32341667,42.04802753,1.51318639
