segment,pitch,stretch
0.0,-19.34212076,1.20182597
0.1,-90.49371254,0.701642
0.2,-2.84874079,0.72931556
0.3,26.59732755,0.86687176
0.32341667,39.97770901,1.42617677
