segment,pitch,stretch
0.0,-42.4271338,1.1267565
0.1,-80.6424644,0.6842577
0.2,59.29592388,0.01459656
0.3,75.02007223,1.03701198
0.32341667,-57.55026449,1.25840342
