segment,pitch,stretch
0.0,23.02589628,1.07384277
0.1,10.58817829,1.3919179
0.2,36.77134597,0.54960524
0.3,-30.31603221,1.95871365
0.32341667,9.74764343,0.79150541
