segment,pitch,stretch
0.0,79.72420881,1.67561776
0.1,-10.34227762,1.50139893
0.2,18.32754659,1.41834695
0.3,15.23919529,1.12876239
0.32341667,-28.05357781,0.72546523
