segment,pitch,stretch
0.0,-44.08940674,1.51880133
0.1,-25.77644107,0.99524475
0.2,6.39263247,1.11391415
0.3,92.67536145,0.95575529
0.32341667,45.15991817,1.02944292
