segment,pitch,stretch
0.0,44.56131593,1.07349586
0.1,-35.23159756,1.27535987
0.2,-19.62269282,1.28483541
0.3,38.10372837,1.04109326
0.32341667,-20.09605057,0.10213448
