segment,pitch,stretch
0.0,22.60769813,1.84037168
0.1,-95.01444593,0.47687766
0.2,-19.91310746,0.85339151
0.3,-6.39209363,0.75097161
0.32341667,24.02209282,1.98695073
