segment,pitch,stretch
0.0,-9.91001254,0.13142639
0.1,-86.79409322,1.71040153
0.2,-27.39997365,0.18637657
0.3,13.46737707,1.09766523
0.32341667,-32.56208711,1.57940615
