segment,pitch,stretch
0.0,29.63575745,0.7371821
0.1,-49.63946334,1.15838362
0.2,87.75163431,1.66312363
0.3,-62.39844007,0.85783748
0.32341667,-98.5513891,1.53033297
