segment,pitch,stretch
0.0,-24.48288207,0.92043902
0.1,-9.94163531,0.96595902
0.2,74.85271107,1.40327859
0.3,-38.44921803,1.07325586
0.32341667,-21.20994959,1.87555588
