segment,pitch,stretch
0.0,93.4252615,0.4603395
0.1,62.16088314,0.21654412
0.2,-26.38638022,1.36234896
0.3,89.15363163,1.07462804
0.32341667,-25.83137337,0.84007196
