segment,pitch,stretch
0.0,4.11468456,0.75379057
0.1,70.56620437,1.18348717
0.2,3.26767498,0.25360202
0.3,-3.14493553,1.87094491
0.32341667,43.57926014,0.110125
