segment,pitch,stretch
0.0,-67.73951944,0.2772338
0.1,83.83337034,0.0816757
0.2,-12.75649653,0.92538416
0.3,5.95502951,0.40714056
0.32341667,59.56964586,1.8717525
