segment,pitch,stretch
0.0,22.19463519,1.34957498
0.1,46.02970585,1.18534363
0.2,44.31281831,0.88966115
0.3,27.24156044,1.22476657
0.32341667,41.58842879,0.51847317
