segment,pitch,stretch
0.0,55.2306484,0.43658612
0.1,82.00530973,0.03999251
0.2,-5.84837635,0.80827096
0.3,66.20489525,1.78669421
0.32341667,-73.22302923,1.04341795
