segment,pitch,stretch
0.0,-76.1669867,0.29426078
0.1,-40.517901,0.96858733
0.2,-46.68959253,0.83382199
0.3,-79.23468646,1.13727176
0.32341667,-63.63497058,0.09357312
