segment,pitch,stretch
0.0,-6.68189934,0.46848529
0.1,78.76679047,0.9874556
0.2,-58.5917679,0.57881803
0.3,-98.64651588,0.88425299
0.32341667,73.76402904,0.6994588
