segment,pitch,stretch
0.0,26.55889683,1.3027014
0.1,31.00356365,0.67122251
0.2,-60.56468942,0.59704477
0.3,-56.53017227,1.68194373
0.32341667,-78.90279024,0.42277005
