segment,pitch,stretch
0.0,-14.93169449,0.27768215
0.1,-60.50222611,0.13809097
0.2,-88.67347191,0.18584848
0.3,-20.58504224,1.46718454
0.32341667,-52.28073567,0.17567705
