segment,pitch,stretch
0.0,-21.84844695,0.55007596
0.1,-20.61050251,0.98595355
0.2,-7.57046677,1.16771202
0.3,-90.18255135,0.60930532
0.32341667,-39.12532958,1.39260434
