segment,pitch,stretch
0.0,16.07147303,1.75051971
0.1,50.76577123,0.02971233
0.2,-29.1595681,0.63583886
0.3,-80.89120138,1.46734397
0.32341667,-8.46229461,1.61280944
