segment,pitch,stretch
0.0,-69.83835125,1.15670948
0.1,-89.98535393,0.40201287
0.2,47.33040466,0.06412681
0.3,-32.03166139,1.50973484
0.32341667,-5.29851616,1.18377017
