segment,pitch,stretch
0.0,86.20347479,1.33530257
0.1,12.26210304,1.85547333
0.2,5.59218777,1.19683436
0.3,-46.39280156,1.89207751
0.32341667,21.79775503,1.05019022
