segment,pitch,stretch
0.0,-39.78859965,1.84590666
0.1,94.65680132,0.33665341
0.2,-68.68225016,1.01474729
0.3,19.56493677,0.73624599
0.32341667,69.42990376,1.4391639
