segment,pitch,stretch
0.0,32.38711768,0.79408654
0.1,-65.51600844,1.57845546
0.2,12.03576385,1.23356187
0.3,-64.14785636,0.65581831
0.32341667,-72.48499617,0.27936162
