segment,pitch,stretch
0.0,57.83477319,0.36818456
0.1,-58.77664409,0.44097806
0.2,-11.91657597,0.11283472
0.3,34.77508847,1.48283273
0.32341667,-82.62529931,0.30363046
