segment,pitch,stretch
0.0,34.31610554,1.55529168
0.1,28.08911917,0.29936297
0.2,-86.77613696,0.95155831
0.3,-45.45420678,1.46511459
0.32341667,-58.86275596,0.63923396
