segment,pitch,stretch
0.0,-78.99767873,0.72988395
0.1,-34.67093685,1.40858855
0.2,2.25144273,1.82787629
0.3,-93.87287365,1.51045502
0.32341667,57.8562517,1.42241625
