segment,pitch,stretch
0.0,-47.47167609,0.91486293
0.1,-85.73018253,0.8051019
0.2,4.69567907,1.25289508
0.3,51.83381109,0.83258124
0.32341667,14.12777642,1.43411439
