segment,pitch,stretch
0.0,-40.22672309,0.64031882
0.1,77.961849,0.7637006
0.2,25.52463525,0.87632482
0.3,84.62788358,0.98972612
0.32341667,-53.67427145,0.74010285
