segment,pitch,stretch
0.0,-56.32485069,0.53184386
0.1,64.67592183,1.34296213
0.2,25.82204554,0.44649674
0.3,5.66794257,0.79707043
0.32341667,-31.65503708,1.19804995
