segment,pitch,stretch
0.0,67.27413703,1.71507594
0.1,-35.99891676,1.5691203
0.2,53.1347651,0.1869461
0.3,-27.53585108,0.94822926
0.32341667,13.88563074,1.63186757
