segment,pitch,stretch
0.0,23.00954068,1.02848684
0.1,-2.7733657,1.22612364
0.2,-6.00176123,0.03461529
0.3,-64.80320904,0.22357585
0.32341667,94.15296916,0.55383001
