segment,pitch,stretch
0.0,-43.88463807,1.5561212
0.1,-19.69329198,1.76032244
0.2,-16.47401585,0.67323911
0.3,-27.91485083,0.0725875
0.32341667,-38.65265262,0.89314247
