segment,pitch,stretch
0.0,23.12527103,1.15728247
0.1,70.97885261,1.10975856
0.2,-68.62860591,0.41126476
0.3,-14.81239301,1.45213782
0.32341667,-74.40513958,1.98917216
