segment,pitch,stretch
0.0,-16.36413188,1.19542909
0.1,25.67725806,0.42717457
0.2,15.43722313,1.01088833
0.3,-39.3158007,1.09044814
0.32341667,38.48956167,1.60091335
