segment,pitch,stretch
0.0,80.46503136,1.43025592
0.1,-48.668347,0.89138167
0.2,37.27765876,1.91281619
0.3,-91.29945309,0.71335031
0.32341667,14.46507007,0.89780818
