segment,pitch,stretch
0.0,-79.80620147,0.37063564
0.1,-15.42889109,0.81801141
0.2,-88.31677226,0.0634538
0.3,26.6486106,1.85131452
0.32341667,-42.18894711,1.66059024
