segment,pitch,stretch
0.0,-45.73422918,1.75247731
0.1,-23.757295,1.29821829
0.2,-1.17180464,0.50372963
0.3,42.98000529,1.19905143
0.32341667,7.49715463,0.66690199
