segment,pitch,stretch
0.0,-51.77489255,0.6625495
0.1,16.7322824,1.26353984
0.2,-56.19561079,0.38378194
0.3,36.81691324,1.59154348
0.32341667,-97.11243964,0.94821753
