segment,pitch,stretch
0.0,-28.85321754,1.43434597
0.1,9.37410395,1.75766865
0.2,-43.22266742,0.90391943
0.3,48.63715122,1.21743426
0.32341667,-94.22333204,1.8516503
