segment,pitch,stretch
0.0,89.67962381,0.42719638
0.1,-80.29722345,0.89466904
0.2,60.53564011,0.56174568
0.3,9.94565725,0.1553242
0.32341667,0.1319882,1.89079641
