segment,pitch,stretch
0.0,-33.21947329,1.48551245
0.1,63.53746239,1.21485607
0.2,-62.38231874,1.11129762
0.3,57.5515188,1.59702794
0.32341667,-11.94001254,1.16110171
