segment,pitch,stretch
0.0,37.30285492,1.23507691
0.1,57.58729363,0.65453179
0.2,-74.33256695,1.70226061
0.3,-35.711252,0.4723836
0.32341667,3.54782198,0.49080622
