segment,pitch,stretch
0.0,-7.84319468,0.39728316
0.1,77.10262164,0.76675063
0.2,23.07677451,1.40075404
0.3,-22.28856666,0.53792203
0.32341667,18.71779046,1.06229189
