segment,pitch,stretch
0.0,50.77560123,0.9907589
0.1,-87.08435808,0.48193409
0.2,-36.07136163,1.01949061
0.3,98.77618087,1.06334926
0.32341667,86.70070823,0.94164836
