segment,pitch,stretch
0.0,6.45066022,1.58910722
0.1,-4.11198278,0.3365331
0.2,96.59136675,0.38643451
0.3,21.57070742,1.58623933
0.32341667,94.47980818,1.61968164
