segment,pitch,stretch
0.0,93.86570948,0.27803573
0.1,63.74639013,0.76121308
0.2,-97.10775444,0.98438609
0.3,99.76737427,0.34877861
0.32341667,11.29868277,0.58154428
