segment,pitch,stretch
0.0,-23.2558256,0.1774722
0.1,-16.62065377,0.56271239
0.2,-49.54734698,1.42782479
0.3,22.82101289,0.76516147
0.32341667,28.63490654,1.70219777
