segment,pitch,stretch
0.0,-57.64472866,1.88925258
0.1,-14.80975681,0.26333653
0.2,44.46939178,1.01945351
0.3,56.80280999,0.00901457
0.32341667,-16.53068296,0.38778228
