segment,pitch,stretch
0.0,-84.07301703,0.96445051
0.1,0.2051398,0.77165422
0.2,50.77588291,0.60279997
0.3,3.27834455,0.59915485
0.32341667,59.5943459,0.43521132
