segment,pitch,stretch
0.0,-1.00654814,1.61411081
0.1,18.39835707,1.30464512
0.2,-42.91789413,0.93120215
0.3,-58.29527223,0.87145212
0.32341667,86.14740424,1.17332389
