segment,pitch,stretch
0.0,48.1700809,1.1821708
0.1,-8.22030768,1.15480022
0.2,53.56121636,1.57293091
0.3,4.54416263,0.22310878
0.32341667,-19.83463627,0.67140257
