segment,pitch,stretch
0.0,61.82030971,1.51341556
0.1,4.16580657,0.43290826
0.2,-53.2567432,1.82734584
0.3,-52.99830768,0.22094446
0.32341667,-92.9943793,1.88040337
