segment,pitch,stretch
0.0,42.02822248,1.89069384
0.1,-61.92185233,0.33123617
0.2,-8.45156809,0.5478675
0.3,15.09500637,0.80334133
0.32341667,8.33163023,1.42024866
