segment,pitch,stretch
0.0,30.48969685,1.04682874
0.1,-38.27442703,0.75017858
0.2,29.58442849,0.7996645
0.3,-4.27268154,1.92102789
0.32341667,58.02076364,1.77056707
