segment,pitch,stretch
0.0,-20.69942707,0.77052949
0.1,-59.42152954,1.01445352
0.2,-8.09170222,0.42363715
0.3,21.99826779,1.45799831
0.32341667,56.38973361,1.71498507
