segment,pitch,stretch
0.0,-29.75830226,1.9441914
0.1,0.94664025,0.04744273
0.2,-55.39340023,1.27144901
0.3,-49.58722608,0.20842421
0.32341667,-83.35110665,0.85478836
