segment,pitch,stretch
0.0,58.37136146,0.93627824
0.1,-30.59588084,1.268957
0.2,-42.62400689,0.87018438
0.3,58.46483968,1.67134466
0.32341667,44.09610342,1.96584472
