segment,pitch,stretch
0.0,31.88505953,1.50112375
0.1,-5.62534355,0.35596674
0.2,-66.19250112,1.12270031
0.3,-77.62644198,1.09837269
0.32341667,-66.61656061,1.16274455
