segment,pitch,stretch
0.0,43.84745313,1.28698197
0.1,-76.77337823,0.55126404
0.2,52.72097055,0.14077967
0.3,-53.36684977,1.29889067
0.32341667,81.15212258,1.30715655
