segment,pitch,stretch
0.0,-24.45439181,1.62147024
0.1,-64.97605389,1.28655358
0.2,-67.78874915,0.154454
0.3,-6.53184928,1.49227138
0.32341667,59.1884023,1.08662162
