segment,pitch,stretch
0.0,0.37188167,1.15390094
0.1,-67.82723624,1.58767458
0.2,65.77705469,1.13313853
0.3,83.31626383,0.27075507
0.32341667,-27.56829045,1.20964916
