segment,pitch,stretch
0.0,-93.58498903,1.26703381
0.1,-11.56731864,0.51967441
0.2,60.37787928,1.0313906
0.3,83.42366765,1.58878747
0.32341667,-60.32056418,1.0025339
