segment,pitch,stretch
0.0,-90.36253489,0.33253962
0.1,-6.38761956,1.51366693
0.2,-78.09661245,0.40049791
0.3,-92.75722173,1.29207892
0.32341667,-80.16719401,1.40400382
