segment,pitch,stretch
0.0,-29.81423477,0.27230029
0.1,37.42565533,0.84765039
0.2,79.58894888,1.99526631
0.3,49.55779855,1.55519667
0.32341667,54.00509918,1.66653349
