segment,pitch,stretch
0.0,-56.55455818,0.98366365
0.1,-81.1333892,1.13800808
0.2,70.95296343,1.04915948
0.3,-82.79021433,1.70890302
0.32341667,-21.34496407,1.83807055
