segment,pitch,stretch
0.0,-85.17156731,1.02541656
0.1,92.93654667,0.92088513
0.2,-28.89042756,0.78256854
0.3,36.79914563,1.22887413
0.32341667,6.86426773,1.77193963
