segment,pitch,stretch
0.0,-34.38568909,1.38988397
0.1,91.48235516,0.61638546
0.2,45.43581208,1.5800421
0.3,47.04005582,1.07327256
0.32341667,30.80916685,0.46994626
