segment,pitch,stretch
0.0,-6.4565561,1.7247049
0.1,2.02882612,1.95158608
0.2,-40.29513079,0.21085377
0.3,-29.37287389,0.85434083
0.32341667,-32.17490136,1.52436666
