segment,pitch,stretch
0.0,4.04989913,1.48647041
0.1,-26.35519993,0.87297853
0.2,-41.22744209,0.91907267
0.3,-72.41198747,0.12624761
0.32341667,-60.09703168,0.964981
