segment,pitch,stretch
0.0,-70.20374383,1.65134166
0.1,67.84882107,1.23738837
0.2,0.61676271,0.90147553
0.3,-96.58934439,1.79293216
0.32341667,-77.46985837,1.15013727
