segment,pitch,stretch
0.0,-97.46951928,0.54003315
0.1,85.58858853,1.35505424
0.2,-54.69649905,1.09283168
0.3,-97.24656559,1.42526307
0.32341667,40.28006613,0.69844725
