segment,pitch,stretch
0.0,-53.72283933,1.23998369
0.1,14.71438877,1.35266241
0.2,95.18630031,0.66132985
0.3,96.89096157,0.52728002
0.32341667,8.38596779,1.4824282
