segment,pitch,stretch
0.0,-40.35335157,0.42178982
0.1,42.86374565,0.6060796
0.2,7.79480372,0.58312984
0.3,-48.50613844,1.50499267
0.32341667,17.78174719,1.72211243
