segment,pitch,stretch
0.0,-46.00579497,1.58751342
0.1,-45.5805492,1.0202646
0.2,-14.04378539,0.61561299
0.3,63.72413351,1.21547564
0.32341667,18.03717792,1.47127253
