segment,pitch,stretch
0.0,-48.07924103,1.44836266
0.1,-64.84739183,1.89580324
0.2,-20.81716265,0.64308549
0.3,91.13652067,0.0848332
0.32341667,-54.46543937,0.8036564
