segment,pitch,stretch
0.0,-50.57937638,0.73788637
0.1,-29.22164644,0.6487653
0.2,-88.45421248,0.73193848
0.3,93.68039656,1.75347372
0.32341667,-2.59092547,1.19277037
