segment,pitch,stretch
0.0,58.82847816,1.81864401
0.1,87.26801489,0.97241975
0.2,-28.10234025,1.91423566
0.3,-36.12188516,1.71940232
0.32341667,-45.93983978,0.68694042
