segment,pitch,stretch
0.0,-44.61260121,1.04167661
0.1,-47.89967478,0.43386817
0.2,34.91352544,0.93219588
0.3,-71.89465654,0.8109376
0.32341667,84.67713906,0.64473949
