segment,pitch,stretch
0.0,70.56000247,1.04698608
0.1,-0.18246418,1.13826263
0.2,-23.7188651,1.91259561
0.3,12.5469797,1.08561121
0.32341667,-84.37997634,1.98926692
