segment,pitch,stretch
0.0,86.29588785,1.196208
0.1,-14.52381687,1.63208143
0.2,77.94321906,0.46125368
0.3,-32.33104188,1.38278461
0.32341667,9.46602754,0.83147108
