segment,pitch,stretch
0.0,-55.97739865,0.95213243
0.1,-97.9801122,0.81858491
0.2,44.28679287,1.16094748
0.3,-74.0895039,0.92969459
0.32341667,-44.25845537,0.41504245
