segment,pitch,stretch
0.0,-26.75650792,1.75672771
0.1,9.07297032,1.82949168
0.2,17.58512652,1.6954519
0.3,29.57201507,0.7122411
0.32341667,56.4667582,1.26753728
