segment,pitch,stretch
0.0,-53.09237622,1.21678364
0.1,85.97526897,0.94111324
0.2,25.5645184,1.03926055
0.3,1.25172137,0.29519406
0.32341667,93.59431896,0.80175783
