segment,pitch,stretch
0.0,-64.55688296,1.06406661
0.1,98.33987034,1.58122859
0.2,-40.48281934,1.31381917
0.3,-36.48143513,0.83233835
0.32341667,-87.11188062,0.12663517
