segment,pitch,stretch
0.0,-1.07793215,1.34620279
0.1,72.11929458,0.4682023
0.2,-0.36002545,1.2575358
0.3,11.70252104,1.51306824
0.32341667,-16.16595736,1.86086011
