segment,pitch,stretch
0.0,14.15805194,1.06290545
0.1,-77.97020538,1.12952287
0.2,-31.78835068,1.47556517
0.3,1.84085651,0.41137052
0.32341667,31.49677972,1.48872703
