segment,pitch,stretch
0.0,-19.76675532,0.85408869
0.1,34.48414938,1.68072852
0.2,62.52568934,1.92334892
0.3,25.41574935,0.35114342
0.32341667,-36.16911462,0.9845535
