segment,pitch,stretch
0.0,27.89321206,0.30262259
0.1,-46.00582393,1.40968126
0.2,35.37102385,0.80904714
0.3,-58.73762704,1.48943687
0.32341667,-46.78314799,1.29572868
