segment,pitch,stretch
0.0,45.12570132,0.50395823
0.1,-46.71359417,1.50658612
0.2,-60.32464978,0.86887416
0.3,-70.46241098,0.20520469
0.32341667,76.51169453,1.05885662
