segment,pitch,stretch
0.0,-55.07910634,1.75648555
0.1,-94.47680079,1.20856462
0.2,38.70414457,0.98103352
0.3,-46.17691,1.45745263
0.32341667,2.5941508,0.88353815
