segment,pitch,stretch
0.0,47.3382154,1.30986561
0.1,-82.57412589,0.36649927
0.2,24.81754674,1.53598436
0.3,61.93416492,1.65694634
0.32341667,-97.8286579,0.40343631
