segment,pitch,stretch
0.0,14.25538659,0.59610882
0.1,-5.8057983,0.93453474
0.2,-2.59288607,1.87880123
0.3,19.33055559,0.79709693
0.32341667,-85.57173801,0.90161027
