segment,pitch,stretch
0.0,69.91092253,1.07696769
0.1,90.04885235,1.65675227
0.2,-54.471964,1.18566865
0.3,-32.42862041,0.43131811
0.32341667,-26.25094384,1.88641509
