segment,pitch,stretch
0.0,-42.92588422,0.65590276
0.1,-87.39276897,1.8306878
0.2,19.06282168,0.06889765
0.3,-99.30459792,0.29364209
0.32341667,41.25263337,1.388798
