segment,pitch,stretch
0.0,42.99494118,1.37740168
0.1,72.53025652,0.91972232
0.2,4.60849844,0.73226975
0.3,9.93291538,1.52934768
0.32341667,-11.25611892,0.18478607
