segment,pitch,stretch
0.0,-8.03708838,0.69940518
0.1,72.60121642,1.0039509
0.2,-98.76374397,1.17731185
0.3,31.47742107,0.88066499
0.32341667,53.59344022,0.33624016
