segment,pitch,stretch
0.0,84.22842235,1.59516341
0.1,-27.4405272,0.66089578
0.2,-61.08664731,1.85372623
0.3,-73.42064763,1.25159901
0.32341667,74.80057547,1.10687529
