segment,pitch,stretch
0.0,62.49888219,0.01612638
0.1,-37.43052778,0.65001727
0.2,50.26474258,1.10053755
0.3,-90.47385391,0.93833438
0.32341667,-16.4169983,1.90627888
