segment,pitch,stretch
0.0,35.62658416,1.88481821
0.1,28.75181601,0.4023528
0.2,-2.62389444,1.49364055
0.3,64.03572584,1.54190039
0.32341667,72.79696002,0.53435232
