segment,pitch,stretch
0.0,92.53632507,0.8813083
0.1,42.68843281,1.60503348
0.2,87.27237188,0.22265806
0.3,-70.62725941,0.4233462
0.32341667,91.37204548,0.99500327
