segment,pitch,stretch
0.0,-6.08822071,0.36436507
0.1,-56.0367764,1.66948988
0.2,-51.95657584,1.20554654
0.3,-59.93208112,0.31084089
0.32341667,-7.85847813,0.44223059
