segment,pitch,stretch
0.0,31.40946548,0.21393667
0.1,4.73018903,1.31302396
0.2,85.2390777,0.95537026
0.3,-59.81643451,1.00167733
0.32341667,-42.92691369,0.89750156
