segment,pitch,stretch
0.0,0.36394418,1.65924935
0.1,28.47964645,1.32149406
0.2,60.47995017,0.32417562
0.3,-33.43266819,1.42108385
0.32341667,-31.86672206,1.29243289
