segment,pitch,stretch
0.0,-10.50721777,1.53321121
0.1,60.4890014,1.14830486
0.2,35.20626745,1.01416029
0.3,-86.52802988,1.14285759
0.32341667,85.69336351,1.69996326
