segment,pitch,segment,stretch
0.0,74.10926047,0.0,0.423980314
0.1,-50.44969368,0.1,1.12483838
0.2,-38.37630765,0.2,0.473465541
0.3,-57.54140712,0.3,0.000838613621
0.32341667,48.12555486,0.323416667,0.389285402
