segment,pitch,stretch
0.0,53.99031816,1.91732561
0.1,-58.32145174,0.75352701
0.2,-86.75659624,1.40297919
0.3,-31.84945767,0.12157709
0.32341667,-59.21997754,1.57687546
