segment,pitch,stretch
0.0,61.73461998,1.8510319
0.1,-88.57549656,1.54102878
0.2,-30.88461278,1.19801244
0.3,-63.73327026,1.20026237
0.32341667,-0.55806298,1.04112184
