segment,pitch,stretch
0.0,-34.98153375,0.51703437
0.1,58.81829455,0.92552513
0.2,-39.64168408,1.94754337
0.3,-65.89684329,0.19153473
0.32341667,-18.09409032,1.29438445
