segment,pitch,stretch
0.0,-22.15906653,1.76366583
0.1,-88.62057809,0.55660069
0.2,-18.47979893,1.17282558
0.3,-74.2852497,0.49477424
0.32341667,59.45323022,0.66659794
