segment,pitch,stretch
0.0,-74.62614727,1.92216761
0.1,33.834367,1.50741835
0.2,-60.21329901,0.74273648
0.3,-95.39639135,0.98175705
0.32341667,3.10560698,0.9878567
