segment,pitch,stretch
0.0,-36.198224,1.58650853
0.1,-81.6019347,0.24081988
0.2,23.00860846,0.40073912
0.3,-40.72667736,0.83686248
0.32341667,31.06175796,1.43958247
