segment,pitch,stretch
0.0,-85.59568725,1.40519879
0.1,-85.79055124,0.4213256
0.2,-34.52195848,0.82537755
0.3,14.03031204,0.50617831
0.32341667,45.83597199,1.22725326
