segment,pitch,stretch
0.0,-78.03270024,1.18744007
0.1,24.9634274,0.32639994
0.2,-36.24618286,1.14830442
0.3,-67.38261266,0.75322619
0.32341667,86.21803917,0.69239757
