segment,pitch,stretch
0.0,35.15100251,1.01330681
0.1,49.55485069,0.90213232
0.2,28.604189,1.8181607
0.3,38.59633835,1.82579698
0.32341667,-98.9026904,0.14571105
