segment,pitch,stretch
0.0,-10.36570298,0.10013008
0.1,-67.04420928,1.73583104
0.2,-31.24691396,1.00550506
0.3,-22.73912087,1.21009828
0.32341667,-4.63915005,1.69946188
