segment,pitch,stretch
0.0,2.73277154,0.73564724
0.1,-7.1950175,0.15546095
0.2,60.45920583,0.90435367
0.3,-26.91989021,0.56661996
0.32341667,-2.30142169,1.21763394
