segment,pitch,stretch
0.0,-17.60743744,1.86037562
0.1,-37.46625877,0.9331332
0.2,55.1108939,1.34322635
0.3,87.45591348,0.07818604
0.32341667,-90.78539671,1.31446095
