segment,pitch,stretch
0.0,-29.13306787,0.55849531
0.1,-41.86406343,1.96517265
0.2,-94.94051661,0.19953253
0.3,78.40426091,1.89357941
0.32341667,-47.11562344,1.37874109
