segment,pitch,stretch
0.0,-5.32882057,0.21055966
0.1,-34.98045039,0.89683134
0.2,30.10834221,1.11178172
0.3,-70.22542568,0.20123235
0.32341667,-73.0016054,0.99564794
