segment,pitch,stretch
0.0,-14.38506183,1.1584592
0.1,-85.63264453,0.74788643
0.2,-9.08737486,0.99645811
0.3,-52.4382226,1.13057998
0.32341667,30.89255677,0.17868889
