segment,pitch,stretch
0.0,-64.94927172,0.98752234
0.1,49.61052881,1.31122352
0.2,-25.04715585,0.09065599
0.3,95.09819394,1.07854905
0.32341667,84.16953653,1.76453498
