segment,pitch,stretch
0.0,-54.19201916,1.71730642
0.1,-9.49104439,0.42216081
0.2,1.17868262,1.31506394
0.3,-95.39718692,0.06922913
0.32341667,-48.659775,0.08316227
