segment,pitch,stretch
0.0,11.23661905,0.76208972
0.1,58.81241605,0.18193562
0.2,38.38790279,1.85963831
0.3,-74.61462092,0.20223028
0.32341667,-36.69086471,1.46287498
