segment,pitch,stretch
0.0,47.37783877,1.2281625
0.1,41.96620543,0.32170701
0.2,-99.83447432,0.41267147
0.3,-83.75612903,0.32528287
0.32341667,99.31228573,0.29737668
