segment,pitch,stretch
0.0,51.44050484,0.16518243
0.1,-8.32491594,1.32533476
0.2,-53.32966552,0.41923861
0.3,68.29246543,1.87374553
0.32341667,-32.22441747,1.13071195
