segment,pitch,stretch
0.0,-15.87588743,0.13468567
0.1,66.05332506,1.11017862
0.2,50.59551539,0.42983488
0.3,-59.45276716,0.2729575
0.32341667,58.4155276,0.65396017
