segment,pitch,stretch
0.0,-40.15003434,1.60262153
0.1,-24.12893917,1.7682358
0.2,-40.66556796,0.31725537
0.3,75.01987067,0.56722121
0.32341667,29.71481383,1.87277365
