segment,pitch,stretch
0.0,-36.17742204,0.57576188
0.1,30.10697278,1.1310908
0.2,-67.31320052,1.67112441
0.3,-10.94597212,0.39641968
0.32341667,72.59648235,1.93789316
