segment,pitch,stretch
0.0,-41.66547405,0.15536101
0.1,47.36949562,1.78739046
0.2,87.97635609,1.48310956
0.3,-18.88921291,0.35838492
0.32341667,13.88839096,0.21709894
