segment,pitch,stretch
0.0,-7.33710711,1.53159971
0.1,-87.69782071,1.22669962
0.2,34.03975531,0.70180407
0.3,-2.18295653,1.02244347
0.32341667,20.908766,1.06702443
