segment,pitch,stretch
0.0,87.44943986,1.42022081
0.1,50.09814929,0.64261102
0.2,-20.91132269,0.17156284
0.3,1.56869958,1.89365974
0.32341667,15.23790706,1.86939691
