segment,pitch,stretch
0.0,-7.1133109,1.89026761
0.1,44.58564752,1.79361992
0.2,45.36800295,0.43687845
0.3,25.81301737,0.04688612
0.32341667,-77.97513924,0.52567924
