segment,pitch,stretch
0.0,30.14616912,1.43961489
0.1,-79.51193423,1.4219763
0.2,7.34860539,0.62633101
0.3,-43.99342265,1.13621958
0.32341667,37.72881761,1.35387794
