segment,pitch,stretch
0.0,-80.92247099,1.33142191
0.1,11.56157957,0.6588087
0.2,72.61501241,1.62851887
0.3,91.01400741,1.4109269
0.32341667,-64.58672822,0.76235223
