segment,pitch,stretch
0.0,-72.72872807,1.68140442
0.1,-88.33626222,1.82728433
0.2,-2.18882928,0.80476824
0.3,60.61456424,0.21215651
0.32341667,95.28335061,1.87644163
