segment,pitch,stretch
0.0,-14.37625717,1.08714974
0.1,-48.99147792,1.05600262
0.2,-76.025031,0.62193731
0.3,-4.271985,1.23272935
0.32341667,90.36670579,0.90867663
