segment,pitch,stretch
0.0,2.49020902,0.78964515
0.1,-20.55300452,0.24391593
0.2,-34.14985779,0.11401041
0.3,79.54997135,1.52582154
0.32341667,20.54695207,0.62547878
