segment,pitch,stretch
0.0,-67.77604021,0.83598486
0.1,61.22104537,1.51877163
0.2,38.09257369,1.73578169
0.3,-20.76875757,0.52680037
0.32341667,-47.71444482,1.99278149
