segment,pitch,stretch
0.0,63.86599335,0.35841412
0.1,-55.89800258,0.35021793
0.2,90.86254046,1.77750413
0.3,0.53087649,1.87396687
0.32341667,-69.87913817,1.16176786
