segment,pitch,stretch
0.0,-20.45826732,1.19869378
0.1,-31.26113472,0.2059713
0.2,84.03210455,0.62296143
0.3,30.35463164,1.49781179
0.32341667,-63.36217442,0.18750748
