segment,pitch,stretch
0.0,-8.62246293,0.22304778
0.1,-37.95317313,0.51009023
0.2,-98.56362786,1.67320701
0.3,79.4101663,0.32318158
0.32341667,-19.01593507,1.23606141
