segment,pitch,stretch
0.0,-27.4951122,0.83907871
0.1,-38.07775804,1.38560413
0.2,-9.69340922,0.50531735
0.3,-88.09187015,0.53414674
0.32341667,-47.45461314,1.10107345
