segment,pitch,stretch
0.0,27.35321797,1.01803417
0.1,42.13438871,0.4558176
0.2,95.34760893,0.52251179
0.3,-34.10168873,0.90165507
0.32341667,64.49689477,0.38395199
