segment,pitch,stretch
0.0,-75.11317729,0.15619421
0.1,-15.41916561,1.45351631
0.2,30.82770832,1.60154734
0.3,69.72581111,1.09787436
0.32341667,-21.6620698,1.3760261
