segment,pitch,stretch
0.0,-3.29192029,0.92007635
0.1,-63.07334109,0.76766635
0.2,-52.81319379,0.00478881
0.3,47.65296252,0.69804387
0.32341667,-2.67842738,0.15231077
