segment,pitch,stretch
0.0,-99.94195333,1.17597353
0.1,-27.54289523,0.72595777
0.2,-31.48016085,0.94648609
0.3,-72.28967102,1.67485207
0.32341667,-18.83127656,0.94146903
