segment,pitch,stretch
0.0,14.26564849,0.89253674
0.1,60.97219358,0.38957934
0.2,-12.39626346,1.55558051
0.3,-62.87774076,0.2682718
0.32341667,-75.97684705,1.92182597
