segment,pitch,stretch
0.0,74.92499355,0.4070184
0.1,35.44886391,0.82737557
0.2,3.82146975,0.46436239
0.3,10.3543008,1.40426898
0.32341667,-53.94170103,1.42138659
