segment,pitch,stretch
0.0,12.04186247,0.70846626
0.1,-56.97950323,1.3229906
0.2,32.29793995,0.25119571
0.3,40.05814767,1.28510755
0.32341667,61.40693937,1.20697433
