segment,pitch,stretch
0.0,-99.27532027,1.55063038
0.1,76.75365344,0.78453917
0.2,-4.19867406,1.54061689
0.3,58.21469339,0.9417581
0.32341667,-76.25580242,1.07689855
