segment,pitch,stretch
0.0,42.44693926,0.1741435
0.1,82.22484934,0.11379641
0.2,7.21737924,1.60376175
0.3,26.54640215,1.08059257
0.32341667,-33.4974026,1.8061622
