segment,pitch,stretch
0.0,29.63321135,0.17563718
0.1,-31.63783795,0.61981002
0.2,56.53254366,1.38773128
0.3,52.69149806,1.37795514
0.32341667,-0.8536295,1.97315338
