segment,pitch,stretch
0.0,59.8258624,0.58100331
0.1,73.70427758,0.81024997
0.2,-8.71125849,0.10827203
0.3,-86.6882155,0.09670208
0.32341667,-90.77340978,1.53063904
