segment,pitch,stretch
0.0,13.97638225,0.68575839
0.1,36.81481791,1.58611259
0.2,1.21651202,1.59547025
0.3,35.47405672,0.75888392
0.32341667,-27.93760057,0.06937964
