segment,pitch,stretch
0.0,-14.81770559,1.5194741
0.1,-27.73561163,1.98674938
0.2,-22.44015454,0.54356598
0.3,-41.34815185,1.30497628
0.32341667,10.13492358,0.61526789
