segment,pitch,stretch
0.0,-0.1209724,0.19208806
0.1,-14.6507611,1.44795721
0.2,-2.36153686,0.88209985
0.3,15.28547447,1.97099669
0.32341667,-0.16445922,0.158195
