segment,pitch,stretch
0.0,12.66323204,1.93220763
0.1,-81.78605138,1.48237299
0.2,59.07546792,1.15413743
0.3,-83.73170191,1.02182823
0.32341667,3.10587362,0.81670354
