segment,pitch,stretch
0.0,10.25066679,1.47817545
0.1,55.87909831,1.32859058
0.2,81.09373959,0.99201561
0.3,15.52286826,0.3312489
0.32341667,58.18702512,0.66001743
