segment,pitch,stretch
0.0,27.7169436,1.98702335
0.1,-44.8292656,1.27737447
0.2,67.97685769,0.57401651
0.3,82.0264667,0.46134276
0.32341667,84.34985253,0.71235155
