segment,pitch,stretch
0.0,-5.39935373,0.27372013
0.1,-58.12348851,1.23542608
0.2,-97.19740724,1.6956732
0.3,4.60418864,0.17466083
0.32341667,57.92285533,0.69657013
