segment,pitch,stretch
0.0,76.45550118,0.38890762
0.1,-18.38123868,1.01718805
0.2,18.403778,1.24872656
0.3,57.196546,0.81951257
0.32341667,32.99763753,0.74194876
