segment,pitch,stretch
0.0,-72.29566874,0.47412948
0.1,40.49821439,0.97105678
0.2,61.66936014,1.31175081
0.3,36.92950197,0.55015514
0.32341667,61.03530789,1.23529794
