segment,pitch,stretch
0.0,-43.98521466,1.11607514
0.1,-24.87181663,0.38249505
0.2,-29.31566683,1.56774755
0.3,-43.36019392,1.33837662
0.32341667,-35.5175379,0.68793086
