segment,pitch,stretch
0.0,-20.37295141,1.69276631
0.1,-84.7288786,1.69908726
0.2,24.84265136,1.44836333
0.3,-9.2443485,1.36647816
0.32341667,49.04875774,0.88112598
