segment,pitch,stretch
0.0,-44.4695194,1.56768834
0.1,50.36705327,0.42032873
0.2,-76.17438636,0.31133764
0.3,55.47083669,0.91900801
0.32341667,-10.68913609,1.26529561
