segment,pitch,stretch
0.0,54.68497377,0.76623701
0.1,0.91792919,1.58478782
0.2,-67.69423006,0.74884996
0.3,20.92985273,0.15814923
0.32341667,-39.60032316,1.58320499
