segment,pitch,stretch
0.0,13.65984607,0.71637608
0.1,70.55092655,1.80826384
0.2,57.57935127,0.47277884
0.3,-55.35579571,1.22036711
0.32341667,13.04572565,0.00907712
