segment,pitch,stretch
0.0,16.09493262,0.21208686
0.1,24.58982,1.0305564
0.2,-59.31201859,1.53057992
0.3,40.79603426,0.62599766
0.32341667,-39.30035714,1.43054244
