segment,pitch,stretch
0.0,93.61263388,0.51617504
0.1,38.40290552,0.56544547
0.2,-21.94770243,0.43418402
0.3,-11.92302894,1.38818447
0.32341667,30.65806027,1.36410066
