segment,pitch,stretch
0.0,-73.30847947,0.35525387
0.1,-25.74413936,0.90483023
0.2,8.82772976,1.30004432
0.3,-2.30416086,0.93422762
0.32341667,-34.04493945,1.31504388
