segment,pitch,stretch
0.0,22.64916165,0.31928057
0.1,6.89582518,1.4040275
0.2,-79.07711894,0.86558079
0.3,66.534152,0.14510309
0.32341667,93.30494506,0.79620595
