segment,pitch,stretch
0.0,-17.04120346,1.06535483
0.1,-57.44917128,0.89541794
0.2,90.75848643,1.64838001
0.3,96.79852424,0.75431717
0.32341667,27.01716591,0.48082071
