segment,pitch,stretch
0.0,43.03172008,0.27268056
0.1,58.48529179,0.59270989
0.2,57.29337371,1.57355776
0.3,-45.34642936,1.97663548
0.32341667,-3.49486879,1.39997912
