segment,pitch,stretch
0.0,35.80457434,0.79357899
0.1,-19.98469691,0.63900775
0.2,-8.88025322,1.83966222
0.3,6.59365348,1.05168668
0.32341667,64.0885905,1.66020449
