segment,pitch,stretch
0.0,-21.97873044,1.75752799
0.1,85.66675034,1.21467008
0.2,-66.57447909,0.82299352
0.3,-33.8772441,0.48869868
0.32341667,-46.50239179,0.31705885
