segment,pitch,stretch
0.0,-33.48324222,1.19367533
0.1,-52.47175565,0.64788551
0.2,-13.12063744,0.92970714
0.3,83.57117959,0.61503547
0.32341667,95.60610647,0.52013695
