segment,pitch,stretch
0.0,57.26975159,0.44729063
0.1,54.31010869,1.623568
0.2,99.57020207,0.28743218
0.3,27.92735821,0.71837494
0.32341667,73.13424206,1.35815305
