segment,pitch,stretch
0.0,-83.71635172,0.35753224
0.1,32.46406691,1.09553371
0.2,8.27548994,1.67166692
0.3,15.80660539,1.61413862
0.32341667,74.32681132,1.90943184
