segment,pitch,stretch
0.0,66.50571345,0.19311528
0.1,-53.03260979,0.48683601
0.2,-3.89459646,1.16293258
0.3,8.32951864,1.55734707
0.32341667,-87.46806733,0.63471681
