segment,pitch,stretch
0.0,-36.05432491,1.57991636
0.1,0.27991529,1.29141926
0.2,-68.50060493,0.78617821
0.3,-65.34452755,0.53071912
0.32341667,44.30205494,1.44568828
