segment,pitch,stretch
0.0,-69.52518262,0.23164561
0.1,56.533406,1.01948637
0.2,25.92051761,0.17653141
0.3,81.58880491,0.14868702
0.32341667,-19.75719301,0.33345335
