segment,pitch,stretch
0.0,74.95875769,1.81273707
0.1,87.73764633,1.50076703
0.2,-71.36544648,0.25286143
0.3,11.07583082,0.53181051
0.32341667,18.32643638,0.76351343
