segment,pitch,stretch
0.0,-85.66751388,1.70746054
0.1,30.55194498,0.68953906
0.2,-98.28008273,1.62274852
0.3,-58.1418371,0.74531017
0.32341667,81.20200135,1.06596266
