segment,pitch,stretch
0.0,-60.72223742,1.8449777
0.1,-88.93421142,1.74693134
0.2,51.43827126,1.11057597
0.3,7.80125839,1.67371275
0.32341667,-53.06876459,1.16077516
