segment,pitch,stretch
0.0,-42.35488886,0.45116064
0.1,17.86576323,1.91320005
0.2,-56.36172821,1.53140363
0.3,69.8537656,0.53091011
0.32341667,-47.30652012,1.59279301
