segment,pitch,stretch
0.0,-50.40750922,1.41643644
0.1,-38.67641955,0.84399933
0.2,-37.03459725,1.67796426
0.3,-24.07335547,0.43781117
0.32341667,75.09366884,0.01225463
