segment,pitch,stretch
0.0,-16.40769998,1.85457914
0.1,3.00381127,1.50219522
0.2,-31.24410556,0.78751403
0.3,-53.27973877,1.17339142
0.32341667,91.43563813,1.30184409
