segment,pitch,stretch
0.0,-18.99376005,1.91320144
0.1,-38.65269109,0.23857652
0.2,64.75288033,1.41883879
0.3,-33.8407164,1.34667564
0.32341667,27.96502681,0.04602263
