segment,pitch,stretch
0.0,-5.71925808,1.04112926
0.1,-94.78041007,0.35149142
0.2,8.34641368,0.86781598
0.3,36.34893025,1.897904
0.32341667,-22.47689594,0.5607403
