segment,pitch,stretch
0.0,8.33598236,1.26617784
0.1,-95.44591543,0.3784594
0.2,-36.57026964,1.54775832
0.3,21.49915707,0.94378056
0.32341667,14.63720491,0.98781772
