segment,pitch,stretch
0.0,-22.40965878,1.93572195
0.1,-10.16153496,1.78994992
0.2,-50.2449588,1.38134059
0.3,14.05674122,1.78462007
0.32341667,-78.35339858,1.2607094
