segment,pitch,stretch
0.0,84.9811401,1.09123398
0.1,70.1996811,0.51840547
0.2,-5.60681941,0.58569322
0.3,-33.00324328,1.11132849
0.32341667,24.65490624,0.28465301
