segment,pitch,stretch
0.0,-20.13323906,0.51383156
0.1,2.48768759,0.65082056
0.2,-86.20966861,0.48716137
0.3,59.01445297,0.54905673
0.32341667,61.23853539,1.76268899
