segment,pitch,stretch
0.0,8.14815906,1.27061672
0.1,4.49815435,1.37470465
0.2,-96.80954485,1.57421691
0.3,-0.49075979,1.39011427
0.32341667,98.12577208,0.75484601
