segment,pitch,stretch
0.0,-39.21264236,0.82761504
0.1,99.78041888,0.53375751
0.2,-59.29104422,1.24236426
0.3,57.0409613,1.27736464
0.32341667,-93.6361214,0.79024728
