segment,pitch,stretch
0.0,58.11205919,0.53708026
0.1,-61.04014877,1.10456153
0.2,12.43042802,1.31731937
0.3,17.00746388,1.02387946
0.32341667,-69.10644956,1.31633463
