segment,pitch,stretch
0.0,97.25925287,0.34607754
0.1,76.95662127,0.15996234
0.2,5.01423186,1.73874617
0.3,-27.88706711,0.41181915
0.32341667,90.69966072,0.77788697
