segment,pitch,stretch
0.0,-78.42285057,1.71892855
0.1,6.44734251,1.96402951
0.2,20.74966326,0.26247596
0.3,-29.69680039,1.29464598
0.32341667,34.2282551,1.77868038
