segment,pitch,stretch
0.0,-28.24983145,1.42102626
0.1,71.30498545,0.84283155
0.2,-89.00652632,0.82757129
0.3,3.43441779,1.38808557
0.32341667,-16.71659348,0.28501565
