segment,pitch,stretch
0.0,19.16157828,1.0914138
0.1,-70.44875328,1.55996729
0.2,9.3844651,1.22014226
0.3,54.79833109,0.24268308
0.32341667,-43.58683919,1.12643869
