segment,pitch,stretch
0.0,-12.14177447,1.64093778
0.1,76.29699147,1.47479283
0.2,-85.49552365,1.31757561
0.3,-68.94608988,1.92077404
0.32341667,40.32615784,1.4628922
