segment,pitch,stretch
0.0,-97.13147194,0.91673578
0.1,-81.37819023,1.23280851
0.2,51.48571278,1.64688363
0.3,54.00949099,1.75994168
0.32341667,-95.1633683,0.20104411
