segment,pitch,stretch
0.0,-4.15957802,0.9962349
0.1,-31.70283109,1.16669679
0.2,-35.90055673,0.85512169
0.3,-27.39202404,1.68840921
0.32341667,-5.54715508,1.5699395
