segment,pitch,stretch
0.0,-68.95587174,0.23806678
0.1,-74.16141139,0.77020267
0.2,-19.31034794,0.33858197
0.3,-77.96768175,1.42512122
0.32341667,3.46911061,0.57629619
