segment,pitch,stretch
0.0,46.68805065,0.37315412
0.1,-19.91180265,0.08560602
0.2,30.74929008,0.67724734
0.3,14.01537548,0.53332652
0.32341667,-32.95915121,1.33480721
