segment,pitch,stretch
0.0,-93.21492338,1.97422145
0.1,-65.59669931,0.48313428
0.2,76.47030005,0.91916034
0.3,-24.62267943,0.34121923
0.32341667,17.6428759,0.75894887
