segment,pitch,segment,stretch
0.0,-92.9203055,0.0,0.43561856
0.1,26.7086056,0.1,0.24535421
0.2,89.1883135,0.2,1.34102831
0.3,-0.0557738795,0.3,1.80103954
0.323416667,2.9787243,0.32341667,0.21248525
