segment,pitch,stretch
0.0,-60.03327616,0.86711865
0.1,-15.51067414,1.69273621
0.2,59.36715957,0.74157302
0.3,-98.70464219,1.73078555
0.32341667,37.26723218,1.37482324
