segment,pitch,stretch
0.0,91.61032892,0.4504418
0.1,39.6206555,1.04279806
0.2,-3.19880539,1.33634651
0.3,-72.84721689,1.25094987
0.32341667,98.11411302,0.37726169
