segment,pitch,stretch
0.0,-63.66458186,0.61104768
0.1,-61.42386056,1.64905001
0.2,-78.74831974,1.44355649
0.3,-23.23108213,1.63671726
0.32341667,-77.15694383,1.96911306
