segment,pitch,stretch
0.0,-33.19777689,0.76720641
0.1,83.84847924,1.4094361
0.2,81.27362124,0.74435637
0.3,22.78466805,0.29904584
0.32341667,16.56894366,0.47687807
