segment,pitch,stretch
0.0,-46.25200282,0.21046793
0.1,-83.38564728,1.42142181
0.2,68.00501759,0.86156936
0.3,49.15199267,0.65348811
0.32341667,-5.93966373,0.76273979
