segment,pitch,stretch
0.0,-0.54983343,1.824027
0.1,-84.54516502,1.06295632
0.2,54.30123894,1.09976952
0.3,-82.00368026,1.11766566
0.32341667,-54.10816942,0.44824559
