segment,pitch,stretch
0.0,6.62463448,0.98205871
0.1,-7.37775178,1.90018259
0.2,-58.74003357,1.33033281
0.3,-38.84014254,0.20009115
0.32341667,-23.67047323,0.44650169
