segment,pitch,stretch
0.0,54.38966875,1.86679487
0.1,0.3460174,0.79762949
0.2,-72.33258957,0.93682052
0.3,67.09142092,1.42469209
0.32341667,16.00565239,1.17807545
