segment,pitch,stretch
0.0,-62.23082525,0.02615808
0.1,59.67623932,1.52596932
0.2,-63.30715513,1.87080553
0.3,15.41118057,0.81226596
0.32341667,90.60814582,0.64975072
