segment,pitch,stretch
0.0,16.10521774,1.02407609
0.1,-43.55481907,1.4393598
0.2,-16.87093852,1.31552174
0.3,-81.41755984,1.17516842
0.32341667,-76.00277997,0.613195
