segment,pitch,stretch
0.0,92.33188111,1.59668922
0.1,4.22577609,1.75306106
0.2,-35.48560344,1.06071567
0.3,7.73763769,1.9328625
0.32341667,55.62458321,1.27347405
