segment,pitch,stretch
0.0,38.40040381,1.09142553
0.1,-26.23926727,0.5740428
0.2,-57.67558578,1.19056911
0.3,50.56926795,1.87089358
0.32341667,64.39220397,1.06933149
