segment,pitch,stretch
0.0,76.93131114,0.23318107
0.1,5.5150778,0.47080089
0.2,3.89208722,1.31062884
0.3,-8.47825544,0.27743795
0.32341667,50.73924617,0.83516241
