segment,pitch,stretch
0.0,-84.32217164,1.34068621
0.1,36.55311424,0.03443149
0.2,92.38334081,0.45903509
0.3,11.68953794,0.60209198
0.32341667,43.3279226,0.29533154
