segment,pitch,stretch
0.0,-73.33762004,0.7279734
0.1,-90.08677455,0.374322
0.2,-98.84294029,0.98894361
0.3,59.84972986,1.07774369
0.32341667,21.03568625,0.51480923
