segment,pitch,stretch
0.0,-8.06946753,0.14231686
0.1,-66.74939098,1.74411569
0.2,-27.98142454,1.42967772
0.3,-72.75033344,0.44774012
0.32341667,-36.15575878,1.4256209
