segment,pitch,stretch
0.0,-3.83672366,0.89757337
0.1,-39.8423846,0.76715273
0.2,85.69163348,1.38961473
0.3,40.61484277,0.78787282
0.32341667,-44.9800047,0.48224738
