segment,pitch,stretch
0.0,-79.88370205,0.99496101
0.1,-58.02841319,0.06406007
0.2,-50.54988317,0.5055253
0.3,-20.79864769,0.19498426
0.32341667,-73.64916114,0.36410653
