segment,pitch,stretch
0.0,-90.65248477,1.67513221
0.1,7.0988446,1.62916956
0.2,-30.94637352,1.4017665
0.3,-31.86179524,1.07276153
0.32341667,1.85809033,1.80109071
