segment,pitch,stretch
0.0,49.36401037,1.25510861
0.1,15.17280231,0.84700305
0.2,22.36436744,0.32703774
0.3,-25.51979868,1.72637958
0.32341667,-55.72443313,0.52117686
