segment,pitch,stretch
0.0,-32.70996179,0.06646481
0.1,-61.96334317,1.75268105
0.2,86.46317242,0.41061726
0.3,-18.9429262,1.43024268
0.32341667,-59.75355058,0.73468543
