segment,pitch,stretch
0.0,78.04280759,0.73118961
0.1,-85.52188616,0.7164391
0.2,-14.2601202,1.68273927
0.3,29.76504865,0.51501418
0.32341667,82.81048791,1.16986294
