segment,pitch,stretch
0.0,-89.50526135,1.26833375
0.1,16.42916277,1.25445964
0.2,-62.11724863,1.84048801
0.3,-22.7839786,0.96813738
0.32341667,21.77934146,1.95604557
