segment,pitch,stretch
0.0,-82.65591545,0.90945233
0.1,35.78886654,1.65178877
0.2,-36.80716754,0.21181898
0.3,-4.39131435,1.21754483
0.32341667,-17.17702763,1.60493484
