segment,pitch,stretch
0.0,85.84184869,1.38100565
0.1,-20.37513589,0.79531516
0.2,-89.75984637,0.9538446
0.3,50.66879934,1.56492426
0.32341667,20.92538743,1.60855456
