segment,pitch,stretch
0.0,-19.6614881,1.13820402
0.1,-92.60133235,1.47755069
0.2,-18.01071493,1.33705675
0.3,91.54675011,0.59768286
0.32341667,23.09112348,0.82103567
