segment,pitch,stretch
0.0,-66.2832746,0.52930651
0.1,-19.36008054,1.11739795
0.2,95.25769545,1.86018292
0.3,-42.69351484,0.07313262
0.32341667,48.13359561,0.30480454
