segment,pitch,stretch
0.0,-19.80167737,1.6131825
0.1,-30.98220326,1.03205672
0.2,26.07010201,1.08357256
0.3,-7.79776739,1.70642947
0.32341667,-10.9148898,0.86858281
