segment,pitch,stretch
0.0,21.36154006,0.58574694
0.1,-21.46213737,0.48413962
0.2,-45.53850124,1.16923549
0.3,-75.36110743,1.46190157
0.32341667,-96.67184991,0.00789239
