segment,pitch,stretch
0.0,82.1385274,0.14341218
0.1,-33.74608058,1.80934389
0.2,62.12487376,1.28785402
0.3,96.31437548,1.13060378
0.32341667,-23.64802517,1.05137249
