segment,pitch,stretch
0.0,98.00979643,0.92494293
0.1,-39.90204919,0.80403915
0.2,51.0517473,0.29426005
0.3,-8.39716694,0.14957292
0.32341667,82.54419716,0.1717279
