segment,pitch,stretch
0.0,-11.66329209,1.59313322
0.1,-73.85436231,1.78385616
0.2,-12.5199597,0.57641365
0.3,-44.18013019,1.54371285
0.32341667,47.68284229,1.11944384
