segment,pitch,stretch
0.0,-9.17523314,0.73915747
0.1,-95.16832451,1.01172325
0.2,-21.6130257,1.19817679
0.3,0.51006416,1.53285694
0.32341667,43.00131518,1.08383215
