segment,pitch,stretch
0.0,-32.34532461,0.924261
0.1,-46.6208459,0.25414499
0.2,-42.84927068,1.01925886
0.3,3.47643827,0.65966822
0.32341667,52.79087598,1.50872035
