segment,pitch,stretch
0.0,-15.29393571,0.99089132
0.1,-51.86215325,0.3216491
0.2,-27.43889325,1.38797184
0.3,37.56841363,0.96060741
0.32341667,-40.51855496,0.89048449
