segment,pitch,stretch
0.0,-57.85840644,1.64294201
0.1,-9.03046344,1.39808038
0.2,-83.08592789,1.46645034
0.3,-30.28779026,1.11724372
0.32341667,-42.69418167,0.30195694
