segment,pitch,stretch
0.0,-5.76716701,0.46419013
0.1,70.49761143,1.51640771
0.2,-45.60331281,0.16811565
0.3,83.6717315,0.53401791
0.32341667,-49.24362833,1.0404632
