segment,pitch,stretch
0.0,-86.57417509,1.21737292
0.1,-67.75686223,1.61484435
0.2,74.21258041,1.47872362
0.3,65.20164426,1.81064247
0.32341667,-26.41371036,1.37776493
