segment,pitch,stretch
0.0,39.36518311,1.47453336
0.1,16.50141431,0.29075574
0.2,54.87860026,1.88174141
0.3,61.09971909,0.27471403
0.32341667,4.28490532,0.11399574
