segment,pitch,stretch
0.0,62.21065415,1.32725493
0.1,-9.84770717,1.15871491
0.2,-12.92274306,0.82816789
0.3,16.08334811,1.72308293
0.32341667,-22.38830035,0.72943893
