segment,pitch,stretch
0.0,28.79078449,1.07683297
0.1,99.1184909,1.07376069
0.2,-54.13985733,0.28522735
0.3,-85.36319246,0.85701066
0.32341667,-73.61621094,1.71165398
