segment,pitch,stretch
0.0,49.33707883,0.89732458
0.1,54.78730957,0.49662083
0.2,-5.99414072,0.83265132
0.3,26.8687238,1.32035917
0.32341667,38.3348194,1.99869744
