segment,pitch,stretch
0.0,9.57607907,1.93967122
0.1,29.37398753,1.74360796
0.2,-58.71210794,0.37945994
0.3,-10.7927705,1.56347046
0.32341667,21.8128915,1.38248676
