segment,pitch,stretch
0.0,26.80600371,0.25466557
0.1,82.24352357,0.77088778
0.2,-3.79901328,0.70697722
0.3,68.54562933,1.24247197
0.32341667,-39.79698803,1.34526742
