segment,pitch,stretch
0.0,44.09023725,0.24999948
0.1,53.49741331,0.20669006
0.2,28.7784214,0.13451906
0.3,-38.38386911,0.64617788
0.32341667,30.31484035,0.83061833
