segment,pitch,stretch
0.0,60.30417439,0.94286345
0.1,-26.87459656,0.76756767
0.2,59.05286014,1.50609211
0.3,-38.64739237,0.33518122
0.32341667,68.61732932,1.40687349
