segment,pitch,stretch
0.0,-24.40280242,0.64702298
0.1,62.18566088,0.86836285
0.2,5.26675109,1.05826104
0.3,-31.91571391,1.98011631
0.32341667,27.35112364,0.35058307
