segment,pitch,stretch
0.0,43.57092671,0.12750432
0.1,59.73787768,0.97340157
0.2,82.18665257,0.43547726
0.3,84.09992258,1.17970357
0.32341667,14.68455092,0.64309566
