segment,pitch,stretch
0.0,0.23295982,1.83954553
0.1,-0.52832444,1.77820403
0.2,18.28609946,0.36770598
0.3,21.25816485,0.42189114
0.32341667,60.44039038,0.07588974
