segment,pitch,stretch
0.0,26.44185099,0.44763058
0.1,44.29547205,1.06541359
0.2,-3.86423299,0.64111919
0.3,60.29108386,0.35225786
0.32341667,18.66576556,1.0072971
