segment,pitch,stretch
0.0,-0.16211679,1.52185603
0.1,16.68246491,0.27925492
0.2,-84.31504289,0.96179544
0.3,20.95362966,1.64669203
0.32341667,15.25079186,1.54793764
