segment,pitch,segment,stretch
0.0,44.70308901,0.0,1.51497438
0.1,-88.0257567,0.1,1.05972447
0.2,1.19893433,0.2,0.590820378
0.3,19.45485395,0.3,0.680586803
0.32341667,13.00088222,0.323416667,0.000618341324
