segment,pitch,stretch
0.0,-49.69821038,0.39452057
0.1,-49.80647014,1.24604375
0.2,11.98261521,0.42272405
0.3,59.43319096,0.21259233
0.32341667,-34.5671642,1.13235362
