segment,pitch,stretch
0.0,5.22709543,0.24693927
0.1,-51.29785688,1.61528443
0.2,14.39503603,0.10158113
0.3,60.50312404,1.02883866
0.32341667,68.15927452,0.69870432
