segment,pitch,stretch
0.0,-27.01977409,1.23470843
0.1,-58.6063919,0.41737987
0.2,36.15867228,0.64455365
0.3,-77.91689069,1.80541824
0.32341667,-77.99680679,1.86024907
