segment,pitch,stretch
0.0,64.39543101,0.53440609
0.1,86.95314533,0.5847186
0.2,-18.93400703,0.87093815
0.3,36.25821345,1.35336039
0.32341667,-52.75689815,1.46825192
