segment,pitch,stretch
0.0,-54.93304755,1.64865849
0.1,58.88524349,1.11215591
0.2,-67.87194092,0.89823705
0.3,20.66021993,1.30060406
0.32341667,-10.79853151,1.95850441
