segment,pitch,stretch
0.0,-51.58222533,0.62889348
0.1,-36.02700064,1.73736573
0.2,-35.4915315,1.20130681
0.3,1.26892628,0.53176439
0.32341667,72.37143842,1.24562253
