segment,pitch,stretch
0.0,17.19699967,0.82427167
0.1,57.52525856,1.49866988
0.2,13.30661706,0.84536161
0.3,33.02687073,0.10168024
0.32341667,-64.43392463,0.7117056
