segment,pitch,stretch
0.0,-57.03196796,0.0179282
0.1,-12.93623633,1.72217412
0.2,-24.63186366,0.91011795
0.3,-10.49750637,1.24282972
0.32341667,22.76793653,0.40520665
