segment,pitch,stretch
0.0,-28.93145359,1.5002074
0.1,59.49166151,1.15432208
0.2,41.87955621,0.01731471
0.3,-92.17589111,0.98337229
0.32341667,15.2364545,0.4381055
