segment,pitch,stretch
0.0,57.34447058,0.27098038
0.1,-38.59224607,1.03105808
0.2,-30.93562102,0.17810411
0.3,-21.39452484,0.81608244
0.32341667,-98.93333205,1.1056793
