segment,pitch,stretch
0.0,-13.3479616,1.45409172
0.1,-18.75352159,1.07775337
0.2,-41.83192829,0.61872946
0.3,14.77986843,1.87871381
0.32341667,45.85609187,1.0399825
