segment,pitch,stretch
0.0,-23.38055082,1.07708889
0.1,12.69502826,1.65606803
0.2,77.53463838,0.48648737
0.3,58.05299948,0.8939016
0.32341667,54.12197927,0.72199492
