segment,pitch,stretch
0.0,42.62794877,1.44385011
0.1,67.09042835,1.29329602
0.2,-80.28719593,1.71068781
0.3,-47.97556268,0.48872717
0.32341667,32.7013797,1.09000269
