segment,pitch,stretch
0.0,-14.34164867,1.10695192
0.1,-59.47569919,1.2442548
0.2,-47.0995584,0.31281267
0.3,-55.25841156,1.9869399
0.32341667,83.92345375,1.10607629
