segment,pitch,stretch
0.0,42.88606971,0.87351765
0.1,6.82691085,1.08551449
0.2,-33.80031927,1.99847166
0.3,-97.18672796,0.27470298
0.32341667,-4.7462475,0.02962094
