segment,pitch,stretch
0.0,-71.89060105,0.84485729
0.1,-54.28004149,1.61340521
0.2,67.0997098,1.10892805
0.3,-96.31741745,1.20133652
0.32341667,22.67293764,0.33470898
