segment,pitch,stretch
0.0,-67.45724149,1.41500124
0.1,-9.29085452,1.93519658
0.2,-52.27794836,1.67457228
0.3,97.74689659,1.80763723
0.32341667,69.13668576,0.68141016
