segment,pitch,stretch
0.0,-6.18374659,1.89085405
0.1,32.21095844,0.80138328
0.2,21.02729748,1.01248602
0.3,4.79829383,1.67412938
0.32341667,-70.7577659,0.3387802
