segment,pitch,stretch
0.0,63.16075011,1.8314946
0.1,87.55520176,1.3737613
0.2,-69.60467193,0.61639792
0.3,-69.25530384,1.67239747
0.32341667,-47.64160087,1.88344595
