segment,pitch,stretch
0.0,-74.02191529,1.19534619
0.1,54.28596986,0.93917139
0.2,-13.22196683,0.1241488
0.3,1.82272444,1.20091234
0.32341667,-11.74905262,0.46222147
