segment,pitch,segment,stretch
0.0,-61.9567004,0.0,0.45038722
0.1,39.2027204,0.1,1.56185221
0.2,-0.0626834214,0.2,0.80652275
0.3,-72.2820301,0.3,0.39505163
0.323416667,-52.9459242,0.32341667,0.50402069
