segment,pitch,stretch
0.0,-50.80982819,0.58244855
0.1,76.10516215,1.77510268
0.2,-90.32463898,0.60847707
0.3,15.76928166,0.62114149
0.32341667,-7.56392806,1.60162938
