segment,pitch,stretch
0.0,-8.2116192,1.24832701
0.1,-28.50933877,0.74984456
0.2,-90.20174912,1.37568362
0.3,-7.18062469,0.47637706
0.32341667,-36.83558467,0.68255954
