segment,pitch,stretch
0.0,71.31858369,0.11764496
0.1,-33.60875554,0.29827778
0.2,-64.15502461,0.43254339
0.3,-36.22537369,0.12368506
0.32341667,-23.59955866,0.97858169
