segment,pitch,stretch
0.0,-74.41503345,0.65151457
0.1,-16.65530333,0.20623253
0.2,-1.41224798,0.87153721
0.3,37.30419975,0.28583671
0.32341667,-3.40378668,1.90700275
