segment,pitch,stretch
0.0,-42.28936571,1.68633095
0.1,12.96738115,0.49078122
0.2,-0.92476461,0.75584791
0.3,54.46155283,1.37155139
0.32341667,-5.27724964,0.6613642
