segment,pitch,stretch
0.0,40.16064427,0.11467793
0.1,-52.58874178,0.6224104
0.2,46.7653316,0.05328619
0.3,-41.44559589,0.01138238
0.32341667,-2.50443948,1.16020285
