segment,pitch,stretch
0.0,-44.98289573,1.94838534
0.1,24.32546199,0.68888608
0.2,61.84573583,1.95265796
0.3,-1.88803465,1.62060328
0.32341667,57.02125087,0.94638053
