segment,pitch,stretch
0.0,64.75672565,1.5535903
0.1,85.95156369,0.12522594
0.2,-44.32949438,0.22842632
0.3,22.57192219,0.17636502
0.32341667,34.74005277,0.16208776
