segment,pitch,stretch
0.0,-23.07451683,0.55932234
0.1,58.83766866,1.03192869
0.2,75.90401246,1.16154403
0.3,-86.31256295,0.50819795
0.32341667,26.17624316,1.94690859
