segment,pitch,stretch
0.0,-46.43239877,0.57293762
0.1,-0.77549132,1.65450135
0.2,-47.56158581,0.30574951
0.3,7.18116474,0.96315644
0.32341667,-87.38880816,0.83017899
