segment,pitch,stretch
0.0,-94.9495111,0.49849168
0.1,-25.05656786,1.27672914
0.2,59.61150177,0.14515846
0.3,-32.97544875,1.67164973
0.32341667,7.58095242,0.86492177
