segment,pitch,stretch
0.0,0.56374655,0.10935802
0.1,-70.88107799,0.91778609
0.2,6.46677515,1.38740199
0.3,-23.51354109,0.12682507
0.32341667,81.64578493,0.71067476
