segment,pitch,stretch
0.0,-24.89956817,0.07306367
0.1,-48.49200931,0.10334581
0.2,-89.66548778,1.49062114
0.3,29.20785813,0.36717513
0.32341667,-88.68286362,1.33179809
