segment,pitch,stretch
0.0,-66.48303018,1.22216448
0.1,55.33592885,1.30288261
0.2,67.38671669,0.25409759
0.3,65.49052189,1.76174581
0.32341667,-12.12955258,0.12280057
