segment,pitch,stretch
0.0,-55.512918,1.78332996
0.1,90.34773129,1.25956614
0.2,-3.10818459,0.72891593
0.3,50.27619033,1.49954356
0.32341667,-47.3196173,0.96339983
