segment,pitch,stretch
0.0,3.76426423,0.9500377
0.1,90.96696755,0.74173997
0.2,-32.86898574,1.78776637
0.3,-21.12550784,0.8178788
0.32341667,39.74077299,1.54913024
