segment,pitch,stretch
0.0,-74.01864956,1.10168906
0.1,1.44529667,1.71225259
0.2,-42.76251303,1.71884561
0.3,-49.01483239,1.47822148
0.32341667,-96.85595697,1.36273156
