segment,pitch,stretch
0.0,16.17182642,0.80971259
0.1,51.23408036,1.56168911
0.2,56.55598601,0.91666403
0.3,-25.08054758,1.93998208
0.32341667,-70.36900789,0.76147365
