segment,pitch,stretch
0.0,-83.13365237,1.47105267
0.1,76.30308178,0.87521108
0.2,53.87961391,1.04060287
0.3,62.72167491,0.25080793
0.32341667,-33.79574379,1.11989054
