segment,pitch,stretch
0.0,92.76608442,1.91273189
0.1,-20.68005196,1.02897077
0.2,-55.10098951,0.7965214
0.3,79.8086149,1.98502062
0.32341667,-91.21136492,0.13323305
