segment,pitch,stretch
0.0,-6.17515852,1.45954458
0.1,-25.56252799,1.4662158
0.2,-51.51756482,1.09304129
0.3,-57.3776393,1.17713492
0.32341667,-65.82780913,1.23726335
