segment,pitch,stretch
0.0,-1.67193172,0.23966059
0.1,23.81304459,1.61361986
0.2,94.27532923,0.58045828
0.3,10.08520391,1.63757532
0.32341667,-26.68837018,1.4581473
