segment,pitch,stretch
0.0,-79.54710498,0.84178061
0.1,-41.31314025,1.9706485
0.2,-48.58046961,1.55059924
0.3,50.88097047,1.14550684
0.32341667,21.22320476,1.67039139
