segment,pitch,stretch
0.0,-23.38152803,1.83565324
0.1,-36.0918901,0.35162477
0.2,65.46592862,1.10705723
0.3,48.57602628,1.09550925
0.32341667,-93.64245591,0.05753383
