segment,pitch,stretch
0.0,-54.7664391,1.87021502
0.1,-8.4263529,1.36390049
0.2,6.22451559,1.69942617
0.3,-12.35671223,1.8066537
0.32341667,86.21839615,1.2511354
