segment,pitch,stretch
0.0,38.53351318,1.25542912
0.1,-11.21157995,0.83005785
0.2,29.79887689,1.51254928
0.3,48.6384615,0.37972577
0.32341667,-66.5905708,0.44889873
