segment,pitch,stretch
0.0,-87.31297583,0.44823779
0.1,-44.51362963,0.44678563
0.2,-15.52945473,1.69444841
0.3,11.70886435,0.18586344
0.32341667,82.84342256,0.9677256
