segment,pitch,stretch
0.0,-17.89775534,1.84132871
0.1,-21.51631701,1.66361617
0.2,-12.53951077,0.64060514
0.3,33.47501925,1.01091097
0.32341667,-93.09525534,0.69499506
