segment,pitch,stretch
0.0,17.38837614,1.03842349
0.1,50.31160736,1.08461549
0.2,74.21499327,1.8436814
0.3,16.647622,1.85846725
0.32341667,27.12519974,1.15820289
