segment,pitch,stretch
0.0,73.08757955,1.29313131
0.1,5.60908311,0.62691873
0.2,76.56705043,1.4938005
0.3,18.85166324,1.2266925
0.32341667,8.45052692,0.67844158
