segment,pitch,stretch
0.0,-17.98511021,0.6190444
0.1,-90.3005676,0.77548775
0.2,4.37005684,0.55013224
0.3,83.93705034,0.66784051
0.32341667,-36.57803625,0.32384409
