segment,pitch,stretch
0.0,72.23510535,0.8682214
0.1,-9.56156918,0.26781202
0.2,36.71559936,1.38873793
0.3,-33.55254317,0.29076709
0.32341667,-25.71861109,0.30869259
