segment,pitch,stretch
0.0,20.12478601,1.19415515
0.1,-22.60038942,0.26098942
0.2,34.38627512,1.99195241
0.3,30.90369434,0.42925074
0.32341667,11.39971337,0.50368767
