segment,pitch,stretch
0.0,-16.16189062,1.82210005
0.1,-40.8511413,0.80249033
0.2,-77.3747243,0.69959732
0.3,87.62803369,0.43311894
0.32341667,81.6005998,1.25204325
