segment,pitch,stretch
0.0,-78.18927369,1.31935747
0.1,-3.52439177,1.41636911
0.2,-23.22473782,1.38842862
0.3,-11.7220967,1.25169603
0.32341667,-5.78047748,1.38740104
