segment,pitch,stretch
0.0,-83.35497559,1.24516413
0.1,7.83115402,0.59675254
0.2,77.46115257,0.61036026
0.3,89.755233,1.95554414
0.32341667,-36.08570956,1.60845727
