segment,pitch,stretch
0.0,-71.12360497,0.83412473
0.1,55.35355355,1.49185731
0.2,-15.85026512,1.32170209
0.3,-22.60587367,0.90458331
0.32341667,-45.64131884,1.17134835
