segment,pitch,stretch
0.0,27.9375346,0.72243167
0.1,41.67879689,1.59129257
0.2,-50.96955224,1.19382874
0.3,93.1868058,0.86840853
0.32341667,83.79752677,0.21021697
