segment,pitch,stretch
0.0,-93.72635155,0.46304305
0.1,-77.68974918,1.90149112
0.2,15.19581884,1.02605911
0.3,64.44828449,1.67084882
0.32341667,-98.3856278,0.11792656
