segment,pitch,stretch
0.0,-9.10453384,0.61491247
0.1,72.09708103,1.35502449
0.2,-73.7181862,0.28674933
0.3,18.73451671,0.14653082
0.32341667,83.35837597,1.34653786
