segment,pitch,stretch
0.0,-7.08941798,1.8206563
0.1,-70.64579204,0.10660577
0.2,23.79115045,1.92760945
0.3,0.80487994,0.77499174
0.32341667,4.72097057,1.20070888
