segment,pitch,stretch
0.0,11.23319328,0.16159815
0.1,-75.15189859,1.76023076
0.2,5.39397939,0.7355024
0.3,42.92141331,1.74636497
0.32341667,-79.84726866,1.05562007
