segment,pitch,stretch
0.0,89.50349963,1.73304916
0.1,51.51128255,0.02192789
0.2,-58.32910347,1.71493142
0.3,15.96172744,1.28451373
0.32341667,84.40449403,1.22971166
