segment,pitch,stretch
0.0,12.44046596,0.81508625
0.1,-60.41666302,0.92712357
0.2,-35.31499742,0.77678916
0.3,-10.96739076,1.0294352
0.32341667,44.50624474,1.1322674
