segment,pitch,stretch
0.0,5.97237457,0.42230306
0.1,-76.12131912,0.60624646
0.2,55.18337216,0.26369256
0.3,70.32610425,1.07400525
0.32341667,26.40450832,0.2721545
