segment,pitch,stretch
0.0,53.6083957,1.72152032
0.1,62.5650281,0.97077126
0.2,91.00734213,1.1154275
0.3,-14.6853323,0.93534142
0.32341667,42.94025292,1.51312842
