segment,pitch,stretch
0.0,55.18591224,1.47327052
0.1,47.37483414,0.95932673
0.2,46.97410588,1.80275919
0.3,-64.08979313,1.6474991
0.32341667,35.8590447,1.56533667
