segment,pitch,stretch
0.0,9.7496965,0.26828956
0.1,70.56003184,0.51901368
0.2,34.49551211,0.35677294
0.3,-75.0597055,1.39462812
0.32341667,-82.15638008,0.55199483
