segment,pitch,stretch
0.0,-36.86035688,0.2784687
0.1,-55.38569655,1.41229923
0.2,-56.86017215,0.83316938
0.3,-98.19449268,0.3465596
0.32341667,-6.42447902,1.41863786
