segment,pitch,stretch
0.0,7.19120882,0.55609806
0.1,11.64873536,1.36121935
0.2,59.26032861,0.93872915
0.3,-31.0631162,1.52041262
0.32341667,23.8619583,1.83140972
