segment,pitch,stretch
0.0,-87.44045162,1.20965721
0.1,26.67222095,0.05295089
0.2,97.90977363,1.23557872
0.3,4.49718441,1.80752812
0.32341667,13.31384309,1.57586313
