segment,pitch,stretch
0.0,-3.2532791,1.78139632
0.1,19.40039505,1.50161717
0.2,-14.62360686,0.8978804
0.3,-63.13820282,1.66267041
0.32341667,44.42181264,1.68588082
