segment,pitch,stretch
0.0,-48.12258855,1.54767366
0.1,27.26905516,0.30219473
0.2,0.35087756,1.50410475
0.3,94.96402149,1.44820406
0.32341667,61.52669097,0.05049928
