segment,pitch,stretch
0.0,-92.65414009,1.93574734
0.1,75.99659731,0.36447309
0.2,-27.37801557,1.02888701
0.3,-80.04540334,0.02385722
0.32341667,30.50648557,1.40553938
