segment,pitch,stretch
0.0,5.7057461,0.60142671
0.1,-88.87009038,1.38499056
0.2,73.69789316,0.38073994
0.3,8.66804208,0.90212706
0.32341667,-19.53009002,1.00729778
