segment,pitch,stretch
0.0,-1.32395796,1.72273729
0.1,-67.07117971,1.22961235
0.2,75.09604974,1.29107068
0.3,-48.59278454,1.34694816
0.32341667,-6.52080997,0.94274536
