segment,pitch,stretch
0.0,85.79405153,0.93145275
0.1,-22.00296346,0.69811424
0.2,45.89988476,1.08090206
0.3,-17.47250281,0.35305012
0.32341667,-30.34546067,0.65915907
