segment,pitch,stretch
0.0,24.78743387,1.26829138
0.1,-7.95135802,1.4446717
0.2,-9.56689875,0.88177173
0.3,-78.25819759,1.63003096
0.32341667,26.4311908,1.97074408
