segment,pitch,stretch
0.0,52.16022051,1.95369626
0.1,-4.0342476,0.01224448
0.2,71.82190917,1.45838463
0.3,77.8432037,1.1656734
0.32341667,29.14791909,1.54078916
