segment,pitch,stretch
0.0,54.20763778,0.24306789
0.1,56.90002318,0.93194053
0.2,53.34795505,0.70954885
0.3,-49.04179277,1.57385934
0.32341667,-46.12718147,1.28258365
