segment,pitch,stretch
0.0,8.59493981,0.93080222
0.1,-56.34346079,0.53387901
0.2,-95.76423912,0.34406097
0.3,11.69646411,0.74935371
0.32341667,-55.10661496,0.42041327
