segment,pitch,stretch
0.0,-4.16228192,1.35245187
0.1,-8.38376801,0.24798142
0.2,52.82752554,1.26376743
0.3,-92.64870354,0.73548171
0.32341667,-48.86146536,0.1394123
