segment,pitch,stretch
0.0,-21.06405819,1.08184232
0.1,52.71042782,0.36719269
0.2,-75.60464889,0.43185312
0.3,-40.56941306,0.01474265
0.32341667,63.70656894,0.90880476
