segment,pitch,stretch
0.0,-41.01159081,1.70683796
0.1,-51.78631031,1.57787804
0.2,-25.7252513,1.76538287
0.3,78.18950514,1.34280163
0.32341667,-26.78025651,1.89346788
