segment,pitch,stretch
0.0,-30.24687583,0.23154591
0.1,-28.09260766,0.6680997
0.2,-29.54951374,1.79539672
0.3,-37.35286973,0.57554739
0.32341667,58.68529554,1.8709958
