segment,pitch,stretch
0.0,-1.09951899,1.56432712
0.1,-96.83918407,0.18127978
0.2,96.22116446,1.26168206
0.3,48.9502898,1.98140435
0.32341667,38.18641725,0.52366779
