segment,pitch,stretch
0.0,-88.83902874,0.00773228
0.1,8.60564456,1.6431495
0.2,7.189218,0.24882977
0.3,-2.31675389,1.20663028
0.32341667,-21.56803319,0.57172188
