segment,pitch,stretch
0.0,57.21139396,1.63402743
0.1,-7.40408397,0.54734888
0.2,77.7995227,1.5228594
0.3,-51.1747528,1.13050105
0.32341667,77.11982253,0.82586999
