segment,pitch,stretch
0.0,17.21863108,0.02346696
0.1,-16.30098312,1.2349353
0.2,70.17733319,1.07823504
0.3,-7.16478631,1.83339424
0.32341667,-84.96176299,1.87583376
