segment,pitch,stretch
0.0,-56.29380511,1.72966744
0.1,1.29517397,1.20455484
0.2,49.77366466,0.98441853
0.3,51.49077837,0.78323536
0.32341667,80.19813303,1.88107652
