segment,pitch,stretch
0.0,42.62366846,0.72879325
0.1,-24.95330968,1.87742997
0.2,82.3526737,1.69463318
0.3,53.78370402,0.82529142
0.32341667,-52.5410085,0.10126548
