segment,pitch,stretch
0.0,-34.50722314,1.86415324
0.1,91.55175756,1.34062972
0.2,-74.07917439,1.20894222
0.3,82.08396891,0.00248362
0.32341667,13.2563292,0.67485278
