segment,pitch,stretch
0.0,-68.86201344,1.38154723
0.1,36.61833882,0.11193842
0.2,-60.65796264,0.83798569
0.3,-99.582901,0.3073865
0.32341667,68.59920212,1.10922951
