segment,pitch,stretch
0.0,-5.8882644,0.97478352
0.1,-15.4334302,1.79573252
0.2,-39.50203868,1.71948726
0.3,67.79027175,0.41699719
0.32341667,-43.17344259,0.26315099
