segment,pitch,stretch
0.0,-4.00148485,1.68596177
0.1,26.28173365,0.06678014
0.2,80.79042683,0.65490985
0.3,94.69131331,0.57269921
0.32341667,75.17511154,0.71264295
