segment,pitch,stretch
0.0,3.76150079,1.04293113
0.1,4.93204799,0.55537984
0.2,-81.53480532,1.13024782
0.3,45.94577355,1.06792043
0.32341667,-55.96194099,1.80369969
