segment,pitch,stretch
0.0,-21.85116114,1.17417274
0.1,-94.69976897,0.84289237
0.2,59.00053046,1.58737119
0.3,-81.44868512,0.70500889
0.32341667,-68.72650823,1.41810016
