segment,pitch,stretch
0.0,-14.96432812,0.5672697
0.1,48.51886955,0.75156182
0.2,47.07358548,0.38846335
0.3,17.30383174,1.52072292
0.32341667,1.51764356,1.56024836
