segment,pitch,segment,stretch
0.0,81.66607819,0.0,0.126715216
0.1,-14.16938067,0.1,0.000178349903
0.2,15.7443745,0.2,1.35192229
0.3,85.77694093,0.3,1.08905811
0.32341667,33.21115004,0.323416667,1.75580408
