segment,pitch,stretch
0.0,13.53683954,1.37746345
0.1,-23.61599557,1.14776292
0.2,60.58241295,1.15899553
0.3,-2.03686091,0.64766031
0.32341667,79.90239576,1.69768968
