segment,pitch,stretch
0.0,-72.24204172,0.50855809
0.1,29.80242672,0.68040596
0.2,-29.26741326,1.59063958
0.3,30.68380911,1.71035635
0.32341667,-23.61694816,1.737831
