segment,pitch,stretch
0.0,-21.9776243,0.20752278
0.1,-41.40023943,1.93939622
0.2,48.01515584,1.55608343
0.3,-87.95551252,1.49634866
0.32341667,-39.5252386,0.91783384
