segment,pitch,stretch
0.0,-74.64506245,0.42358098
0.1,65.24401488,0.42526697
0.2,-65.86471953,1.12385183
0.3,98.79489106,0.33588109
0.32341667,14.95451541,1.7246864
