segment,pitch,stretch
0.0,5.57967757,1.6157291
0.1,-3.8737546,0.80008436
0.2,-24.29943164,0.69881068
0.3,3.56417137,1.55658335
0.32341667,-13.30357118,1.787412
