segment,pitch,stretch
0.0,-72.40491727,0.02183184
0.1,8.82020558,1.36505393
0.2,89.28229375,1.34112472
0.3,-14.39120814,0.45737201
0.32341667,0.18022976,1.1673494
