segment,pitch,stretch
0.0,-28.91437381,1.3282391
0.1,30.6479342,1.9405757
0.2,41.25713347,1.67607787
0.3,9.19018397,0.62213613
0.32341667,-61.77590044,0.50881411
