segment,pitch,stretch
0.0,98.86804112,0.82381457
0.1,-37.42051535,1.26275754
0.2,23.85234946,0.74836396
0.3,28.05435803,0.41584898
0.32341667,2.44147447,1.88336536
