segment,pitch,stretch
0.0,-38.60253285,0.25488683
0.1,46.14948962,1.80679583
0.2,-49.76414787,1.59420413
0.3,-66.16492387,1.25714797
0.32341667,28.37583826,1.20557216
