segment,pitch,stretch
0.0,-57.18730239,0.11878381
0.1,16.22212469,1.00797921
0.2,-44.28071093,0.42082068
0.3,-70.80378082,0.50205716
0.32341667,-58.3439892,0.68985838
