segment,pitch,stretch
0.0,-77.75081389,0.01503168
0.1,47.79712302,0.51971923
0.2,-98.04646937,1.01128345
0.3,-20.17707595,0.69563875
0.32341667,53.05828969,1.51814807
