segment,pitch,stretch
0.0,34.85846782,1.04017402
0.1,41.54458908,0.35535359
0.2,23.27363575,0.10471693
0.3,86.83996211,0.55523491
0.32341667,-32.25656931,0.70311776
