segment,pitch,stretch
0.0,-19.71295886,0.8960583
0.1,-79.294697,1.61949508
0.2,-59.93256946,0.65483299
0.3,-18.46863719,0.12001531
0.32341667,53.30350975,0.85308449
