segment,pitch,stretch
0.0,-93.68210842,1.14210865
0.1,-14.41268038,1.90089654
0.2,72.93230065,0.61137859
0.3,23.28545759,1.93042398
0.32341667,18.09953767,1.11869114
