segment,pitch,stretch
0.0,57.57509383,0.85738581
0.1,8.37611797,1.59375359
0.2,-42.8518908,1.65756647
0.3,26.19415986,0.53011742
0.32341667,65.52498429,1.5323802
