segment,pitch,stretch
0.0,-20.89133039,0.39550568
0.1,-68.36112581,0.87114476
0.2,-21.7912093,0.0214418
0.3,7.62752627,1.98777716
0.32341667,53.94324841,0.40706026
