segment,pitch,stretch
0.0,-8.99652005,1.6890162
0.1,37.2959996,1.86826101
0.2,56.49217416,0.68929954
0.3,99.31521879,0.22383451
0.32341667,-25.36881215,0.930773
