segment,pitch,stretch
0.0,4.26365523,0.04069017
0.1,-29.634957,1.27980102
0.2,-17.49120793,0.98781586
0.3,-34.93876912,1.55939702
0.32341667,49.49845506,1.74128412
