segment,pitch,stretch
0.0,-43.64864707,0.87210048
0.1,94.54433808,1.43243955
0.2,67.98324072,1.49899487
0.3,9.27329172,0.42663795
0.32341667,-55.44973818,0.19299009
