segment,pitch,stretch
0.0,23.53561789,0.18772999
0.1,39.09545525,0.71537172
0.2,-32.2225044,0.50944864
0.3,5.54449519,0.59930705
0.32341667,-94.58480047,1.43881296
