segment,pitch,stretch
0.0,84.19501339,0.22676298
0.1,76.71234668,0.28568495
0.2,-74.61835319,0.74220819
0.3,83.79758366,1.72755148
0.32341667,-29.32243698,1.88938616
