segment,pitch,stretch
0.0,-83.90491711,1.65488062
0.1,92.94065497,0.14315595
0.2,-63.47542883,0.84481863
0.3,13.34025436,1.9580918
0.32341667,32.96474042,0.23608581
