segment,pitch,stretch
0.0,73.58848698,0.30588109
0.1,-95.58060262,0.88963747
0.2,17.41642173,1.73634476
0.3,94.35223882,0.71257749
0.32341667,-49.48803877,1.4824474
