segment,pitch,stretch
0.0,-70.37998858,1.11338134
0.1,49.27188779,1.59691292
0.2,5.09566389,0.88679935
0.3,58.42368176,1.89749174
0.32341667,-43.06407799,1.35831765
