segment,pitch,stretch
0.0,-83.7072706,0.09138871
0.1,-62.69238784,0.63335487
0.2,22.09248507,1.23550763
0.3,-80.94681782,1.83356136
0.32341667,-55.76861956,0.76796393
