segment,pitch,stretch
0.0,54.28678019,0.96279628
0.1,-13.24417266,0.20212872
0.2,18.94666669,1.39381084
0.3,-21.97018078,1.57516234
0.32341667,4.05624244,0.97228596
