segment,pitch,stretch
0.0,-19.49446297,1.96452006
0.1,-69.0386812,1.2006287
0.2,-25.77088537,0.98600753
0.3,65.67633712,0.21362544
0.32341667,-6.1640169,0.33780549
