segment,pitch,stretch
0.0,32.75253923,1.28767958
0.1,-95.51335644,1.7262356
0.2,34.87485597,0.97567272
0.3,-23.91285283,1.94639387
0.32341667,-8.67870007,1.78958339
