segment,pitch,stretch
0.0,-64.11083249,1.38668504
0.1,75.84330997,1.4522357
0.2,-30.10314186,1.37046734
0.3,91.40385877,0.70209545
0.32341667,-14.12068895,0.09881605
