segment,pitch,stretch
0.0,86.3711843,1.94117834
0.1,30.73905166,1.71866566
0.2,6.06230503,1.15295637
0.3,-72.93527416,0.80072648
0.32341667,40.17700679,1.71054199
