segment,pitch,stretch
0.0,-35.59355899,0.16094856
0.1,-50.39310557,1.33895436
0.2,-53.37222601,0.01028283
0.3,72.25802658,0.48497386
0.32341667,48.72421008,0.48591183
