segment,pitch,stretch
0.0,32.71328306,1.2311829
0.1,59.73255369,0.25599615
0.2,-0.64397298,1.7526023
0.3,-37.18099902,1.98319627
0.32341667,41.63197766,1.38410598
