segment,pitch,stretch
0.0,-72.51222148,1.10010631
0.1,-7.68798614,1.14985521
0.2,-26.80347179,1.49426164
0.3,-51.62992771,1.25622472
0.32341667,-1.85745595,0.89976888
