segment,pitch,stretch
0.0,-19.59321792,1.69826346
0.1,84.44945775,1.19849103
0.2,-5.6477907,0.05164805
0.3,-66.11375502,0.74129516
0.32341667,-46.16722618,0.11393119
