segment,pitch,stretch
0.0,-58.06424917,1.23740358
0.1,-10.73132445,0.97891215
0.2,17.9230478,0.17588849
0.3,-41.27614743,0.52166982
0.32341667,-30.17832464,1.65640468
