segment,pitch,stretch
0.0,-49.24128803,1.70838213
0.1,62.6158679,0.88048656
0.2,-85.72053716,1.47530841
0.3,-65.54354982,0.04991031
0.32341667,-42.30235352,0.1531298
