segment,pitch,stretch
0.0,-42.93700265,1.06489748
0.1,-62.35786663,1.38883859
0.2,-16.20482572,0.28843799
0.3,-46.49020195,1.05408179
0.32341667,-64.89408339,1.78517837
