segment,pitch,stretch
0.0,-19.0536712,1.18823065
0.1,-63.15395986,1.010644
0.2,-57.682926,0.4943662
0.3,-56.52362331,0.66348991
0.32341667,11.40665652,0.86242978
