segment,pitch,stretch
0.0,66.72796839,1.97535322
0.1,3.03768966,1.18784527
0.2,-45.96345052,1.58393351
0.3,-88.14676012,1.17885171
0.32341667,46.76760659,1.387907
