segment,pitch,stretch
0.0,-10.66231765,0.83936518
0.1,-53.95799634,1.7265478
0.2,-44.60014177,0.44309389
0.3,-84.32777745,1.91772458
0.32341667,-2.76179289,0.76255227
