segment,pitch,stretch
0.0,57.43769915,0.89919812
0.1,-87.06676545,1.25243937
0.2,-91.52107401,1.35021358
0.3,52.0843588,0.52787795
0.32341667,18.07264914,0.72620624
