segment,pitch,stretch
0.0,-9.17924521,1.06898792
0.1,-51.0410118,0.05890524
0.2,66.2548805,1.54728483
0.3,92.33374018,1.43953162
0.32341667,-60.80730989,1.12546459
