segment,pitch,stretch
0.0,52.37511869,0.23824141
0.1,-33.3490586,0.80559068
0.2,-71.20035434,1.24725456
0.3,6.23243823,1.01334401
0.32341667,-29.48660546,1.51264586
