segment,pitch,stretch
0.0,20.81275789,1.87720953
0.1,46.48072234,1.43497285
0.2,79.36291712,1.9095844
0.3,7.86976501,0.20821065
0.32341667,-45.45751668,0.0640973
