segment,pitch,stretch
0.0,-63.32480856,1.93717082
0.1,34.42157774,0.66627456
0.2,-1.27362148,1.33718687
0.3,11.18388565,1.12749716
0.32341667,-9.56708644,0.66623879
