segment,pitch,stretch
0.0,-69.33808121,1.41371967
0.1,83.00406244,0.89293833
0.2,52.8456083,0.52129979
0.3,-67.57367145,0.31704889
0.32341667,44.30015735,0.90388625
