segment,pitch,stretch
0.0,43.30233352,0.12582596
0.1,-77.77691247,1.72621372
0.2,-68.99020863,1.753656
0.3,-43.68641023,1.37442753
0.32341667,-14.19502025,1.04930351
