segment,pitch,stretch
0.0,-52.71695997,0.24697616
0.1,-0.72548599,1.34458244
0.2,-25.46106624,0.2833524
0.3,-15.36834083,0.99517128
0.32341667,-34.08212533,0.81265208
