segment,pitch,stretch
0.0,-39.45275529,0.85174507
0.1,-35.03464337,0.73996191
0.2,31.68370279,1.42892595
0.3,-53.75991965,0.04968332
0.32341667,12.49992629,0.58931553
