segment,pitch,stretch
0.0,37.51857345,0.04486829
0.1,-30.53068311,1.18486584
0.2,-12.980452,1.58356311
0.3,-99.09260462,1.35478251
0.32341667,-34.91402533,1.16671671
