segment,pitch,stretch
0.0,88.49542613,1.4873036
0.1,-7.37005163,1.25102077
0.2,-1.58613611,0.80764036
0.3,-69.41222379,0.80656775
0.32341667,14.01707612,1.41859799
