segment,pitch,stretch
0.0,87.83319324,0.81037323
0.1,64.16710312,1.2495933
0.2,12.98667351,0.22916278
0.3,25.03434444,0.67764146
0.32341667,98.3458188,0.13807639
