segment,pitch,stretch
0.0,74.89239003,1.30710747
0.1,41.98679172,0.93119149
0.2,99.42105985,1.84379828
0.3,-75.11958538,1.72828743
0.32341667,-62.10664415,0.50124118
