segment,pitch,stretch
0.0,11.68148217,0.44643579
0.1,-74.55265788,0.16885459
0.2,95.15954448,1.67161326
0.3,-17.14209769,0.53349848
0.32341667,-35.38302731,0.4645726
