segment,pitch,stretch
0.0,22.40064366,1.74132857
0.1,-68.20152198,0.12763156
0.2,62.56231291,0.31420738
0.3,45.0736378,0.98572154
0.32341667,-36.46791656,0.91325677
