segment,pitch,stretch
0.0,-86.84797814,0.47796166
0.1,29.78439304,1.82902446
0.2,93.37667148,1.57835565
0.3,-84.28086854,0.98546729
0.32341667,-8.77302982,0.88950072
