segment,pitch,stretch
0.0,32.66189176,0.56529239
0.1,11.50533392,1.79520186
0.2,-73.58201401,1.4619954
0.3,-8.93644113,0.78288211
0.32341667,-2.4794064,0.66376764
