segment,pitch,stretch
0.0,-99.86661298,0.04975834
0.1,65.11959058,1.27856071
0.2,-96.19635976,1.53618081
0.3,56.69155656,1.97602464
0.32341667,-82.13106063,1.41647384
