segment,pitch,stretch
0.0,0.23647087,0.91094575
0.1,45.60572596,1.68800655
0.2,6.14588966,1.37684191
0.3,-10.39850874,0.70556294
0.32341667,-7.86503132,1.52987196
