segment,pitch,stretch
0.0,-64.95449137,1.33019215
0.1,41.76232806,0.95010379
0.2,68.0199099,0.0418164
0.3,-18.86846342,0.3847457
0.32341667,-2.58545886,1.31154336
