segment,pitch,stretch
0.0,57.52331511,0.93419081
0.1,-53.71774571,0.77950231
0.2,-36.09214461,0.54947466
0.3,23.21783142,1.69054841
0.32341667,-74.52171885,0.76047802
