segment,pitch,stretch
0.0,-32.61379415,0.76599538
0.1,-13.61007492,0.34348987
0.2,-35.23756027,0.26787397
0.3,83.12333319,0.46343078
0.32341667,62.80865362,1.59158725
