segment,pitch,stretch
0.0,-69.70750805,0.25070661
0.1,-23.17484413,1.1475992
0.2,16.27024862,1.99299371
0.3,-50.08342814,0.57749513
0.32341667,22.60332787,1.27832678
