segment,pitch,stretch
0.0,-93.79628683,0.67330318
0.1,-45.29703147,1.33385595
0.2,-46.01001772,1.35248941
0.3,-56.6729179,1.33220146
0.32341667,51.29020462,1.32468206
