segment,pitch,stretch
0.0,36.57834023,0.37598589
0.1,81.12994836,1.18949815
0.2,55.4316434,1.24219065
0.3,-50.85387517,1.45004046
0.32341667,-52.13814436,0.19253582
